codigo;estacao;ano;mes;chuva_mm;situacao;consulta_municipio
2453003;ESTAÇÃO EXPERIMENTAL ;1986;1;221.4;bruto;Palotina
2453003;ESTAÇÃO EXPERIMENTAL ;1986;2;294.6;bruto;Palotina
2453003;ESTAÇÃO EXPERIMENTAL ;1986;3;106.9;bruto;Palotina
2453003;ESTAÇÃO EXPERIMENTAL ;1986;4;172.7;bruto;Palotina
2453003;ESTAÇÃO EXPERIMENTAL ;1986;5;319.9;bruto;Palotina
2453003;ESTAÇÃO EXPERIMENTAL ;1986;6;37.1;bruto;Palotina
2453003;ESTAÇÃO EXPERIMENTAL ;1986;7;46.5;bruto;Palotina
2453003;ESTAÇÃO EXPERIMENTAL ;1986;8;145.9;bruto;Palotina
2453003;ESTAÇÃO EXPERIMENTAL ;1986;9;167.2;bruto;Palotina
2453003;ESTAÇÃO EXPERIMENTAL ;1986;10;96.2;bruto;Palotina
2453003;ESTAÇÃO EXPERIMENTAL ;1986;11;84.0;bruto;Palotina
2453003;ESTAÇÃO EXPERIMENTAL ;1986;12;227.2;bruto;Palotina
2453003;ESTAÇÃO EXPERIMENTAL ;1987;1;141.6;bruto;Palotina
2453003;ESTAÇÃO EXPERIMENTAL ;1987;2;312.3;bruto;Palotina
2453003;ESTAÇÃO EXPERIMENTAL ;1987;3;58.5;bruto;Palotina
2453003;ESTAÇÃO EXPERIMENTAL ;1987;4;192.3;bruto;Palotina
2453003;ESTAÇÃO EXPERIMENTAL ;1987;5;285.0;bruto;Palotina
2453003;ESTAÇÃO EXPERIMENTAL ;1987;6;130.1;bruto;Palotina
2453003;ESTAÇÃO EXPERIMENTAL ;1987;7;103.2;bruto;Palotina
2453003;ESTAÇÃO EXPERIMENTAL ;1987;8;46.4;bruto;Palotina
2453003;ESTAÇÃO EXPERIMENTAL ;1987;9;24.8;bruto;Palotina
2453003;ESTAÇÃO EXPERIMENTAL ;1987;10;140.8;bruto;Palotina
2453003;ESTAÇÃO EXPERIMENTAL ;1987;11;149.7;bruto;Palotina
2453003;ESTAÇÃO EXPERIMENTAL ;1987;12;155.7;bruto;Palotina
2453003;ESTAÇÃO EXPERIMENTAL ;1988;1;144.3;bruto;Palotina
2453003;ESTAÇÃO EXPERIMENTAL ;1988;2;136.7;bruto;Palotina
2453003;ESTAÇÃO EXPERIMENTAL ;1988;3;63.7;bruto;Palotina
2453003;ESTAÇÃO EXPERIMENTAL ;1988;4;222.0;bruto;Palotina
2453003;ESTAÇÃO EXPERIMENTAL ;1988;5;167.2;bruto;Palotina
2453003;ESTAÇÃO EXPERIMENTAL ;1988;6;69.2;bruto;Palotina
2453003;ESTAÇÃO EXPERIMENTAL ;1988;7;3.4;bruto;Palotina
2453003;ESTAÇÃO EXPERIMENTAL ;1988;8;13.6;bruto;Palotina
2453003;ESTAÇÃO EXPERIMENTAL ;1988;9;14.2;bruto;Palotina
2453003;ESTAÇÃO EXPERIMENTAL ;1988;10;151.9;bruto;Palotina
2453003;ESTAÇÃO EXPERIMENTAL ;1988;11;89.8;bruto;Palotina
2453003;ESTAÇÃO EXPERIMENTAL ;1988;12;111.5;bruto;Palotina
2453003;ESTAÇÃO EXPERIMENTAL ;1989;1;208.3;bruto;Palotina
2453003;ESTAÇÃO EXPERIMENTAL ;1989;2;151.0;bruto;Palotina
2453003;ESTAÇÃO EXPERIMENTAL ;1989;3;102.0;bruto;Palotina
2453003;ESTAÇÃO EXPERIMENTAL ;1989;4;143.8;bruto;Palotina
2453003;ESTAÇÃO EXPERIMENTAL ;1989;5;162.8;bruto;Palotina
2453003;ESTAÇÃO EXPERIMENTAL ;1989;6;117.9;bruto;Palotina
2453003;ESTAÇÃO EXPERIMENTAL ;1989;7;145.6;bruto;Palotina
2453003;ESTAÇÃO EXPERIMENTAL ;1989;8;203.7;bruto;Palotina
2453003;ESTAÇÃO EXPERIMENTAL ;1989;9;259.8;bruto;Palotina
2453003;ESTAÇÃO EXPERIMENTAL ;1989;10;172.0;bruto;Palotina
2453003;ESTAÇÃO EXPERIMENTAL ;1989;11;102.9;bruto;Palotina
2453003;ESTAÇÃO EXPERIMENTAL ;1989;12;32.9;bruto;Palotina
2453003;ESTAÇÃO EXPERIMENTAL ;1990;1;264.0;bruto;Palotina
2453003;ESTAÇÃO EXPERIMENTAL ;1990;2;73.0;bruto;Palotina
2453003;ESTAÇÃO EXPERIMENTAL ;1990;3;225.4;bruto;Palotina
2453003;ESTAÇÃO EXPERIMENTAL ;1990;4;205.2;bruto;Palotina
2453003;ESTAÇÃO EXPERIMENTAL ;1990;5;202.8;bruto;Palotina
2453003;ESTAÇÃO EXPERIMENTAL ;1990;6;162.3;bruto;Palotina
2453003;ESTAÇÃO EXPERIMENTAL ;1990;7;146.7;bruto;Palotina
2453003;ESTAÇÃO EXPERIMENTAL ;1990;8;190.6;bruto;Palotina
2453003;ESTAÇÃO EXPERIMENTAL ;1990;9;289.5;bruto;Palotina
2453003;ESTAÇÃO EXPERIMENTAL ;1990;10;162.2;bruto;Palotina
2453003;ESTAÇÃO EXPERIMENTAL ;1990;11;145.9;bruto;Palotina
2453003;ESTAÇÃO EXPERIMENTAL ;1990;12;101.4;bruto;Palotina
2453003;ESTAÇÃO EXPERIMENTAL ;1991;1;199.6;bruto;Palotina
2453003;ESTAÇÃO EXPERIMENTAL ;1991;2;8.3;bruto;Palotina
2453003;ESTAÇÃO EXPERIMENTAL ;1991;3;115.2;bruto;Palotina
2453003;ESTAÇÃO EXPERIMENTAL ;1991;4;87.2;bruto;Palotina
2453003;ESTAÇÃO EXPERIMENTAL ;1991;5;53.2;bruto;Palotina
2453003;ESTAÇÃO EXPERIMENTAL ;1991;6;211.0;bruto;Palotina
2453003;ESTAÇÃO EXPERIMENTAL ;1991;7;31.8;bruto;Palotina
2453003;ESTAÇÃO EXPERIMENTAL ;1991;8;38.7;bruto;Palotina
2453003;ESTAÇÃO EXPERIMENTAL ;1991;9;242.9;bruto;Palotina
2453003;ESTAÇÃO EXPERIMENTAL ;1991;10;146.6;bruto;Palotina
2453003;ESTAÇÃO EXPERIMENTAL ;1991;11;97.8;bruto;Palotina
2453003;ESTAÇÃO EXPERIMENTAL ;1991;12;248.5;bruto;Palotina
2453003;ESTAÇÃO EXPERIMENTAL ;1992;1;6.3;bruto;Palotina
2453003;ESTAÇÃO EXPERIMENTAL ;1992;2;260.8;bruto;Palotina
2453003;ESTAÇÃO EXPERIMENTAL ;1992;3;148.7;bruto;Palotina
2453003;ESTAÇÃO EXPERIMENTAL ;1992;4;252.3;bruto;Palotina
2453003;ESTAÇÃO EXPERIMENTAL ;1992;5;433.1;bruto;Palotina
2453003;ESTAÇÃO EXPERIMENTAL ;1992;6;131.9;bruto;Palotina
2453003;ESTAÇÃO EXPERIMENTAL ;1992;7;136.7;bruto;Palotina
2453003;ESTAÇÃO EXPERIMENTAL ;1992;8;104.2;bruto;Palotina
2453003;ESTAÇÃO EXPERIMENTAL ;1992;9;134.2;bruto;Palotina
2453003;ESTAÇÃO EXPERIMENTAL ;1992;10;230.4;bruto;Palotina
2453003;ESTAÇÃO EXPERIMENTAL ;1992;11;108.4;bruto;Palotina
2453003;ESTAÇÃO EXPERIMENTAL ;1992;12;150.5;bruto;Palotina
2453003;ESTAÇÃO EXPERIMENTAL ;1993;1;171.1;bruto;Palotina
2453003;ESTAÇÃO EXPERIMENTAL ;1993;2;58.8;bruto;Palotina
2453003;ESTAÇÃO EXPERIMENTAL ;1993;3;135.9;bruto;Palotina
2453003;ESTAÇÃO EXPERIMENTAL ;1993;4;117.4;bruto;Palotina
2453003;ESTAÇÃO EXPERIMENTAL ;1993;5;159.4;bruto;Palotina
2453003;ESTAÇÃO EXPERIMENTAL ;1993;6;69.3;bruto;Palotina
2453003;ESTAÇÃO EXPERIMENTAL ;1993;7;127.4;bruto;Palotina
2453003;ESTAÇÃO EXPERIMENTAL ;1993;8;1.8;bruto;Palotina
2453003;ESTAÇÃO EXPERIMENTAL ;1993;9;168.1;bruto;Palotina
2453003;ESTAÇÃO EXPERIMENTAL ;1993;10;180.7;bruto;Palotina
2453003;ESTAÇÃO EXPERIMENTAL ;1993;11;179.9;bruto;Palotina
2453003;ESTAÇÃO EXPERIMENTAL ;1993;12;105.4;bruto;Palotina
2453003;ESTAÇÃO EXPERIMENTAL ;1994;1;150.6;bruto;Palotina
2453003;ESTAÇÃO EXPERIMENTAL ;1994;2;191.6;bruto;Palotina
2453003;ESTAÇÃO EXPERIMENTAL ;1994;3;62.8;bruto;Palotina
2453003;ESTAÇÃO EXPERIMENTAL ;1994;4;95.9;bruto;Palotina
2453003;ESTAÇÃO EXPERIMENTAL ;1994;5;129.1;bruto;Palotina
2453003;ESTAÇÃO EXPERIMENTAL ;1994;6;227.3;bruto;Palotina
2453003;ESTAÇÃO EXPERIMENTAL ;1994;7;93.1;bruto;Palotina
2453003;ESTAÇÃO EXPERIMENTAL ;1994;8;27.8;bruto;Palotina
2453003;ESTAÇÃO EXPERIMENTAL ;1994;9;81.1;bruto;Palotina
2453003;ESTAÇÃO EXPERIMENTAL ;1994;10;212.4;bruto;Palotina
2453003;ESTAÇÃO EXPERIMENTAL ;1994;11;142.0;bruto;Palotina
2453003;ESTAÇÃO EXPERIMENTAL ;1994;12;154.6;bruto;Palotina
2453003;ESTAÇÃO EXPERIMENTAL ;1995;1;437.3;bruto;Palotina
2453003;ESTAÇÃO EXPERIMENTAL ;1995;2;108.4;bruto;Palotina
2453003;ESTAÇÃO EXPERIMENTAL ;1995;3;132.6;bruto;Palotina
2453003;ESTAÇÃO EXPERIMENTAL ;1995;4;152.2;bruto;Palotina
2453003;ESTAÇÃO EXPERIMENTAL ;1995;5;24.6;bruto;Palotina
2453003;ESTAÇÃO EXPERIMENTAL ;1995;6;48.2;bruto;Palotina
2453003;ESTAÇÃO EXPERIMENTAL ;1995;7;81.0;bruto;Palotina
2453003;ESTAÇÃO EXPERIMENTAL ;1995;8;19.4;bruto;Palotina
2453003;ESTAÇÃO EXPERIMENTAL ;1995;9;181.2;bruto;Palotina
2453003;ESTAÇÃO EXPERIMENTAL ;1995;10;215.5;bruto;Palotina
2453003;ESTAÇÃO EXPERIMENTAL ;1995;11;112.9;bruto;Palotina
2453003;ESTAÇÃO EXPERIMENTAL ;1995;12;133.5;bruto;Palotina
2453003;ESTAÇÃO EXPERIMENTAL ;1996;1;137.1;bruto;Palotina
2453003;ESTAÇÃO EXPERIMENTAL ;1996;2;193.1;bruto;Palotina
2453003;ESTAÇÃO EXPERIMENTAL ;1996;3;218.4;bruto;Palotina
2453003;ESTAÇÃO EXPERIMENTAL ;1996;4;116.7;bruto;Palotina
2453003;ESTAÇÃO EXPERIMENTAL ;1996;5;33.2;bruto;Palotina
2453003;ESTAÇÃO EXPERIMENTAL ;1996;6;48.9;bruto;Palotina
2453003;ESTAÇÃO EXPERIMENTAL ;1996;7;9.2;bruto;Palotina
2453003;ESTAÇÃO EXPERIMENTAL ;1996;8;26.5;bruto;Palotina
2453003;ESTAÇÃO EXPERIMENTAL ;1996;9;114.7;bruto;Palotina
2453003;ESTAÇÃO EXPERIMENTAL ;1996;10;293.3;bruto;Palotina
2453003;ESTAÇÃO EXPERIMENTAL ;1996;11;195.0;bruto;Palotina
2453003;ESTAÇÃO EXPERIMENTAL ;1996;12;178.3;bruto;Palotina
2453003;ESTAÇÃO EXPERIMENTAL ;1997;1;284.6;bruto;Palotina
2453003;ESTAÇÃO EXPERIMENTAL ;1997;2;213.4;bruto;Palotina
2453003;ESTAÇÃO EXPERIMENTAL ;1997;3;79.1;bruto;Palotina
2453003;ESTAÇÃO EXPERIMENTAL ;1997;4;9.7;bruto;Palotina
2453003;ESTAÇÃO EXPERIMENTAL ;1997;5;161.0;bruto;Palotina
2453003;ESTAÇÃO EXPERIMENTAL ;1997;6;177.4;bruto;Palotina
2453003;ESTAÇÃO EXPERIMENTAL ;1997;7;117.2;bruto;Palotina
2453003;ESTAÇÃO EXPERIMENTAL ;1997;8;77.8;bruto;Palotina
2453003;ESTAÇÃO EXPERIMENTAL ;1997;9;226.9;bruto;Palotina
2453003;ESTAÇÃO EXPERIMENTAL ;1997;10;233.0;bruto;Palotina
2453003;ESTAÇÃO EXPERIMENTAL ;1997;11;242.9;bruto;Palotina
2453003;ESTAÇÃO EXPERIMENTAL ;1997;12;160.3;bruto;Palotina
2453003;ESTAÇÃO EXPERIMENTAL ;1998;1;155.9;bruto;Palotina
2453003;ESTAÇÃO EXPERIMENTAL ;1998;2;184.0;bruto;Palotina
2453003;ESTAÇÃO EXPERIMENTAL ;1998;3;95.4;bruto;Palotina
2453003;ESTAÇÃO EXPERIMENTAL ;1998;4;368.3;bruto;Palotina
2453003;ESTAÇÃO EXPERIMENTAL ;1998;5;140.7;bruto;Palotina
2453003;ESTAÇÃO EXPERIMENTAL ;1998;6;72.0;bruto;Palotina
2453003;ESTAÇÃO EXPERIMENTAL ;1998;7;24.0;bruto;Palotina
2453003;ESTAÇÃO EXPERIMENTAL ;1998;8;251.4;bruto;Palotina
2453003;ESTAÇÃO EXPERIMENTAL ;1998;9;297.1;bruto;Palotina
2453003;ESTAÇÃO EXPERIMENTAL ;1998;10;198.4;bruto;Palotina
2453003;ESTAÇÃO EXPERIMENTAL ;1998;11;59.1;bruto;Palotina
2453003;ESTAÇÃO EXPERIMENTAL ;1998;12;242.6;bruto;Palotina
2453003;ESTAÇÃO EXPERIMENTAL ;1999;1;169.8;bruto;Palotina
2453003;ESTAÇÃO EXPERIMENTAL ;1999;2;132.1;bruto;Palotina
2453003;ESTAÇÃO EXPERIMENTAL ;1999;3;47.2;bruto;Palotina
2453003;ESTAÇÃO EXPERIMENTAL ;1999;4;67.4;bruto;Palotina
2453003;ESTAÇÃO EXPERIMENTAL ;1999;5;239.8;bruto;Palotina
2453003;ESTAÇÃO EXPERIMENTAL ;1999;6;158.5;bruto;Palotina
2453003;ESTAÇÃO EXPERIMENTAL ;1999;7;73.9;bruto;Palotina
2453003;ESTAÇÃO EXPERIMENTAL ;1999;8;2.6;bruto;Palotina
2453003;ESTAÇÃO EXPERIMENTAL ;1999;9;107.5;bruto;Palotina
2453003;ESTAÇÃO EXPERIMENTAL ;1999;10;40.2;bruto;Palotina
2453003;ESTAÇÃO EXPERIMENTAL ;1999;11;38.4;bruto;Palotina
2453003;ESTAÇÃO EXPERIMENTAL ;1999;12;162.0;bruto;Palotina
2453003;ESTAÇÃO EXPERIMENTAL ;2000;1;110.1;bruto;Palotina
2453003;ESTAÇÃO EXPERIMENTAL ;2000;2;354.6;bruto;Palotina
2453003;ESTAÇÃO EXPERIMENTAL ;2000;3;96.5;bruto;Palotina
2453003;ESTAÇÃO EXPERIMENTAL ;2000;4;85.7;bruto;Palotina
2453003;ESTAÇÃO EXPERIMENTAL ;2000;5;101.1;bruto;Palotina
2453003;ESTAÇÃO EXPERIMENTAL ;2000;6;160.7;bruto;Palotina
2453003;ESTAÇÃO EXPERIMENTAL ;2000;7;69.9;bruto;Palotina
2453003;ESTAÇÃO EXPERIMENTAL ;2000;8;148.6;bruto;Palotina
2453003;ESTAÇÃO EXPERIMENTAL ;2000;9;164.8;bruto;Palotina
2453003;ESTAÇÃO EXPERIMENTAL ;2000;10;36.0;bruto;Palotina
2453003;ESTAÇÃO EXPERIMENTAL ;2000;11;180.8;bruto;Palotina
2453003;ESTAÇÃO EXPERIMENTAL ;2000;12;153.4;bruto;Palotina
2453003;ESTAÇÃO EXPERIMENTAL ;2001;1;222.5;bruto;Palotina
2453003;ESTAÇÃO EXPERIMENTAL ;2001;2;251.7;bruto;Palotina
2453003;ESTAÇÃO EXPERIMENTAL ;2001;3;145.1;bruto;Palotina
2453003;ESTAÇÃO EXPERIMENTAL ;2001;4;111.5;bruto;Palotina
2453003;ESTAÇÃO EXPERIMENTAL ;2001;5;104.8;bruto;Palotina
2453003;ESTAÇÃO EXPERIMENTAL ;2001;6;104.2;bruto;Palotina
2453003;ESTAÇÃO EXPERIMENTAL ;2001;7;54.6;bruto;Palotina
2453003;ESTAÇÃO EXPERIMENTAL ;2001;8;36.8;bruto;Palotina
2453003;ESTAÇÃO EXPERIMENTAL ;2001;9;107.7;bruto;Palotina
2453003;ESTAÇÃO EXPERIMENTAL ;2001;10;66.8;bruto;Palotina
2453003;ESTAÇÃO EXPERIMENTAL ;2001;11;235.4;bruto;Palotina
2453003;ESTAÇÃO EXPERIMENTAL ;2001;12;131.1;bruto;Palotina
2453003;ESTAÇÃO EXPERIMENTAL ;2002;1;214.3;bruto;Palotina
2453003;ESTAÇÃO EXPERIMENTAL ;2002;2;55.6;bruto;Palotina
2453003;ESTAÇÃO EXPERIMENTAL ;2002;3;12.4;bruto;Palotina
2453003;ESTAÇÃO EXPERIMENTAL ;2002;4;34.4;bruto;Palotina
2453003;ESTAÇÃO EXPERIMENTAL ;2002;5;354.5;bruto;Palotina
2453003;ESTAÇÃO EXPERIMENTAL ;2002;6;8.8;bruto;Palotina
2453003;ESTAÇÃO EXPERIMENTAL ;2002;7;24.0;bruto;Palotina
2453003;ESTAÇÃO EXPERIMENTAL ;2002;8;50.5;bruto;Palotina
2453003;ESTAÇÃO EXPERIMENTAL ;2002;9;109.6;bruto;Palotina
2453003;ESTAÇÃO EXPERIMENTAL ;2002;10;131.9;bruto;Palotina
2453003;ESTAÇÃO EXPERIMENTAL ;2002;11;282.8;bruto;Palotina
2453003;ESTAÇÃO EXPERIMENTAL ;2002;12;129.4;bruto;Palotina
2453003;ESTAÇÃO EXPERIMENTAL ;2003;1;249.6;bruto;Palotina
2453003;ESTAÇÃO EXPERIMENTAL ;2003;2;170.3;bruto;Palotina
2453003;ESTAÇÃO EXPERIMENTAL ;2003;3;121.2;bruto;Palotina
2453003;ESTAÇÃO EXPERIMENTAL ;2003;4;201.3;bruto;Palotina
2453003;ESTAÇÃO EXPERIMENTAL ;2003;5;66.6;bruto;Palotina
2453003;ESTAÇÃO EXPERIMENTAL ;2003;6;100.8;bruto;Palotina
2453003;ESTAÇÃO EXPERIMENTAL ;2003;7;113.6;bruto;Palotina
2453003;ESTAÇÃO EXPERIMENTAL ;2003;8;31.2;bruto;Palotina
2453003;ESTAÇÃO EXPERIMENTAL ;2003;9;119.8;bruto;Palotina
2453003;ESTAÇÃO EXPERIMENTAL ;2003;10;144.4;bruto;Palotina
2453003;ESTAÇÃO EXPERIMENTAL ;2003;11;180.2;bruto;Palotina
2453003;ESTAÇÃO EXPERIMENTAL ;2003;12;236.1;bruto;Palotina
2453003;ESTAÇÃO EXPERIMENTAL ;2004;1;113.9;bruto;Palotina
2453003;ESTAÇÃO EXPERIMENTAL ;2004;2;79.4;bruto;Palotina
2453003;ESTAÇÃO EXPERIMENTAL ;2004;3;91.9;bruto;Palotina
2453003;ESTAÇÃO EXPERIMENTAL ;2004;4;146.2;bruto;Palotina
2453003;ESTAÇÃO EXPERIMENTAL ;2004;5;230.4;bruto;Palotina
2453003;ESTAÇÃO EXPERIMENTAL ;2004;6;99.0;bruto;Palotina
2453003;ESTAÇÃO EXPERIMENTAL ;2004;7;98.6;bruto;Palotina
2453003;ESTAÇÃO EXPERIMENTAL ;2004;8;21.2;bruto;Palotina
2453003;ESTAÇÃO EXPERIMENTAL ;2004;9;54.4;bruto;Palotina
2453003;ESTAÇÃO EXPERIMENTAL ;2004;10;308.5;bruto;Palotina
2453003;ESTAÇÃO EXPERIMENTAL ;2004;11;219.5;bruto;Palotina
2453003;ESTAÇÃO EXPERIMENTAL ;2004;12;69.4;bruto;Palotina
2453003;ESTAÇÃO EXPERIMENTAL ;2005;1;166.1;bruto;Palotina
2453003;ESTAÇÃO EXPERIMENTAL ;2005;2;23.6;bruto;Palotina
2453003;ESTAÇÃO EXPERIMENTAL ;2005;3;4.5;bruto;Palotina
2453003;ESTAÇÃO EXPERIMENTAL ;2005;4;180.5;bruto;Palotina
2453003;ESTAÇÃO EXPERIMENTAL ;2005;5;120.2;bruto;Palotina
2453003;ESTAÇÃO EXPERIMENTAL ;2005;6;132.9;bruto;Palotina
2453003;ESTAÇÃO EXPERIMENTAL ;2005;7;63.1;bruto;Palotina
2453003;ESTAÇÃO EXPERIMENTAL ;2005;8;55.1;bruto;Palotina
2453003;ESTAÇÃO EXPERIMENTAL ;2005;9;166.4;bruto;Palotina
2453003;ESTAÇÃO EXPERIMENTAL ;2005;10;513.7;bruto;Palotina
2453003;ESTAÇÃO EXPERIMENTAL ;2005;11;125.3;bruto;Palotina
2453003;ESTAÇÃO EXPERIMENTAL ;2005;12;94.5;bruto;Palotina
2453003;ESTAÇÃO EXPERIMENTAL ;2006;1;172.8;bruto;Palotina
2453003;ESTAÇÃO EXPERIMENTAL ;2006;2;88.6;bruto;Palotina
2453003;ESTAÇÃO EXPERIMENTAL ;2006;3;150.0;bruto;Palotina
2453003;ESTAÇÃO EXPERIMENTAL ;2006;4;99.2;bruto;Palotina
2453003;ESTAÇÃO EXPERIMENTAL ;2006;5;14.0;bruto;Palotina
2453003;ESTAÇÃO EXPERIMENTAL ;2006;6;52.0;bruto;Palotina
2453003;ESTAÇÃO EXPERIMENTAL ;2006;7;18.8;bruto;Palotina
2453003;ESTAÇÃO EXPERIMENTAL ;2006;8;86.4;bruto;Palotina
2453003;ESTAÇÃO EXPERIMENTAL ;2006;9;209.0;bruto;Palotina
2453003;ESTAÇÃO EXPERIMENTAL ;2006;10;92.1;bruto;Palotina
2453003;ESTAÇÃO EXPERIMENTAL ;2006;11;192.4;bruto;Palotina
2453003;ESTAÇÃO EXPERIMENTAL ;2006;12;215.4;bruto;Palotina
2453003;ESTAÇÃO EXPERIMENTAL ;2007;1;249.0;bruto;Palotina
2453003;ESTAÇÃO EXPERIMENTAL ;2007;2;206.4;bruto;Palotina
2453003;ESTAÇÃO EXPERIMENTAL ;2007;3;147.9;bruto;Palotina
2453003;ESTAÇÃO EXPERIMENTAL ;2007;4;163.8;bruto;Palotina
2453003;ESTAÇÃO EXPERIMENTAL ;2007;5;90.4;bruto;Palotina
2453003;ESTAÇÃO EXPERIMENTAL ;2007;6;1.3;bruto;Palotina
2453003;ESTAÇÃO EXPERIMENTAL ;2007;7;59.5;bruto;Palotina
2453003;ESTAÇÃO EXPERIMENTAL ;2007;8;11.8;bruto;Palotina
2453003;ESTAÇÃO EXPERIMENTAL ;2007;9;27.6;bruto;Palotina
2453003;ESTAÇÃO EXPERIMENTAL ;2007;10;51.4;bruto;Palotina
2453003;ESTAÇÃO EXPERIMENTAL ;2007;11;246.2;bruto;Palotina
2453003;ESTAÇÃO EXPERIMENTAL ;2007;12;127.8;bruto;Palotina
2453003;ESTAÇÃO EXPERIMENTAL ;2008;1;189.8;bruto;Palotina
2453003;ESTAÇÃO EXPERIMENTAL ;2008;2;175.8;bruto;Palotina
2453003;ESTAÇÃO EXPERIMENTAL ;2008;3;38.2;bruto;Palotina
2453003;ESTAÇÃO EXPERIMENTAL ;2008;4;95.0;bruto;Palotina
2453003;ESTAÇÃO EXPERIMENTAL ;2008;5;60.8;bruto;Palotina
2453003;ESTAÇÃO EXPERIMENTAL ;2008;6;93.0;bruto;Palotina
2453003;ESTAÇÃO EXPERIMENTAL ;2008;7;49.1;bruto;Palotina
2453003;ESTAÇÃO EXPERIMENTAL ;2008;8;199.8;bruto;Palotina
2453003;ESTAÇÃO EXPERIMENTAL ;2008;9;68.0;bruto;Palotina
2453003;ESTAÇÃO EXPERIMENTAL ;2008;10;270.1;bruto;Palotina
2453003;ESTAÇÃO EXPERIMENTAL ;2008;11;215.6;bruto;Palotina
2453003;ESTAÇÃO EXPERIMENTAL ;2008;12;50.2;bruto;Palotina
2453003;ESTAÇÃO EXPERIMENTAL ;2009;1;124.8;bruto;Palotina
2453003;ESTAÇÃO EXPERIMENTAL ;2009;2;233.0;bruto;Palotina
2453003;ESTAÇÃO EXPERIMENTAL ;2009;3;24.1;bruto;Palotina
2453003;ESTAÇÃO EXPERIMENTAL ;2009;4;34.5;bruto;Palotina
2453003;ESTAÇÃO EXPERIMENTAL ;2009;5;214.5;bruto;Palotina
2453003;ESTAÇÃO EXPERIMENTAL ;2009;6;122.7;bruto;Palotina
2453003;ESTAÇÃO EXPERIMENTAL ;2009;7;159.3;bruto;Palotina
2453003;ESTAÇÃO EXPERIMENTAL ;2009;8;67.4;bruto;Palotina
2453003;ESTAÇÃO EXPERIMENTAL ;2009;9;180.1;bruto;Palotina
2453003;ESTAÇÃO EXPERIMENTAL ;2009;10;297.9;bruto;Palotina
2453003;ESTAÇÃO EXPERIMENTAL ;2009;11;195.5;bruto;Palotina
2453003;ESTAÇÃO EXPERIMENTAL ;2009;12;297.3;bruto;Palotina
2453003;ESTAÇÃO EXPERIMENTAL ;2010;1;190.0;bruto;Palotina
2453003;ESTAÇÃO EXPERIMENTAL ;2010;2;149.7;bruto;Palotina
2453003;ESTAÇÃO EXPERIMENTAL ;2010;3;144.3;bruto;Palotina
2453003;ESTAÇÃO EXPERIMENTAL ;2010;4;96.8;bruto;Palotina
2453003;ESTAÇÃO EXPERIMENTAL ;2010;5;115.7;bruto;Palotina
2453003;ESTAÇÃO EXPERIMENTAL ;2010;6;43.3;bruto;Palotina
2453003;ESTAÇÃO EXPERIMENTAL ;2010;7;92.2;bruto;Palotina
2453003;ESTAÇÃO EXPERIMENTAL ;2010;8;5.4;bruto;Palotina
2453003;ESTAÇÃO EXPERIMENTAL ;2010;9;105.2;bruto;Palotina
2453003;ESTAÇÃO EXPERIMENTAL ;2010;10;183.1;bruto;Palotina
2453003;ESTAÇÃO EXPERIMENTAL ;2010;11;103.0;bruto;Palotina
2453003;ESTAÇÃO EXPERIMENTAL ;2010;12;389.0;bruto;Palotina
2453003;ESTAÇÃO EXPERIMENTAL ;2011;1;194.0;bruto;Palotina
2453003;ESTAÇÃO EXPERIMENTAL ;2011;2;301.9;bruto;Palotina
2453003;ESTAÇÃO EXPERIMENTAL ;2011;3;276.8;bruto;Palotina
2453003;ESTAÇÃO EXPERIMENTAL ;2011;4;114.5;bruto;Palotina
2453003;ESTAÇÃO EXPERIMENTAL ;2011;5;8.4;bruto;Palotina
2453003;ESTAÇÃO EXPERIMENTAL ;2011;6;78.2;bruto;Palotina
2453003;ESTAÇÃO EXPERIMENTAL ;2011;7;154.5;bruto;Palotina
2453003;ESTAÇÃO EXPERIMENTAL ;2011;8;222.8;bruto;Palotina
2453003;ESTAÇÃO EXPERIMENTAL ;2011;9;39.8;bruto;Palotina
2453003;ESTAÇÃO EXPERIMENTAL ;2011;10;174.0;bruto;Palotina
2453003;ESTAÇÃO EXPERIMENTAL ;2011;11;145.0;bruto;Palotina
2453003;ESTAÇÃO EXPERIMENTAL ;2011;12;22.6;bruto;Palotina
2453004;USINA ASSIS ;1986;1;249.7;bruto;Assis Chateaubriand
2453004;USINA ASSIS ;1986;2;237.6;bruto;Assis Chateaubriand
2453004;USINA ASSIS ;1986;3;161.4;bruto;Assis Chateaubriand
2453004;USINA ASSIS ;1986;4;148.4;bruto;Assis Chateaubriand
2453004;USINA ASSIS ;1986;5;336.9;bruto;Assis Chateaubriand
2453004;USINA ASSIS ;1986;6;29.6;bruto;Assis Chateaubriand
2453004;USINA ASSIS ;1986;7;69.3;bruto;Assis Chateaubriand
2453004;USINA ASSIS ;1986;8;192.1;bruto;Assis Chateaubriand
2453004;USINA ASSIS ;1986;9;160.5;bruto;Assis Chateaubriand
2453004;USINA ASSIS ;1986;10;93.8;bruto;Assis Chateaubriand
2453004;USINA ASSIS ;1986;11;98.0;bruto;Assis Chateaubriand
2453004;USINA ASSIS ;1986;12;189.8;bruto;Assis Chateaubriand
2453004;USINA ASSIS ;1987;1;121.9;bruto;Assis Chateaubriand
2453004;USINA ASSIS ;1987;2;250.1;bruto;Assis Chateaubriand
2453004;USINA ASSIS ;1987;3;85.4;bruto;Assis Chateaubriand
2453004;USINA ASSIS ;1987;4;172.4;bruto;Assis Chateaubriand
2453004;USINA ASSIS ;1987;5;297.8;bruto;Assis Chateaubriand
2453004;USINA ASSIS ;1987;6;113.6;bruto;Assis Chateaubriand
2453004;USINA ASSIS ;1987;7;60.8;bruto;Assis Chateaubriand
2453004;USINA ASSIS ;1987;8;60.6;bruto;Assis Chateaubriand
2453004;USINA ASSIS ;1987;9;21.8;bruto;Assis Chateaubriand
2453004;USINA ASSIS ;1987;10;130.6;bruto;Assis Chateaubriand
2453004;USINA ASSIS ;1987;11;153.3;bruto;Assis Chateaubriand
2453004;USINA ASSIS ;1987;12;168.7;bruto;Assis Chateaubriand
2453004;USINA ASSIS ;1988;1;121.9;bruto;Assis Chateaubriand
2453004;USINA ASSIS ;1988;2;133.8;bruto;Assis Chateaubriand
2453004;USINA ASSIS ;1988;3;62.6;bruto;Assis Chateaubriand
2453004;USINA ASSIS ;1988;4;236.2;bruto;Assis Chateaubriand
2453004;USINA ASSIS ;1988;5;225.4;bruto;Assis Chateaubriand
2453004;USINA ASSIS ;1988;6;105.4;bruto;Assis Chateaubriand
2453004;USINA ASSIS ;1988;7;0.8;bruto;Assis Chateaubriand
2453004;USINA ASSIS ;1988;8;1.9;bruto;Assis Chateaubriand
2453004;USINA ASSIS ;1988;9;9.4;bruto;Assis Chateaubriand
2453004;USINA ASSIS ;1988;10;131.4;bruto;Assis Chateaubriand
2453004;USINA ASSIS ;1988;11;30.5;bruto;Assis Chateaubriand
2453004;USINA ASSIS ;1988;12;149.4;bruto;Assis Chateaubriand
2453004;USINA ASSIS ;1989;1;297.6;bruto;Assis Chateaubriand
2453004;USINA ASSIS ;1989;2;122.9;bruto;Assis Chateaubriand
2453004;USINA ASSIS ;1989;3;68.5;bruto;Assis Chateaubriand
2453004;USINA ASSIS ;1989;4;203.2;bruto;Assis Chateaubriand
2453004;USINA ASSIS ;1989;5;124.8;bruto;Assis Chateaubriand
2453004;USINA ASSIS ;1989;6;108.9;bruto;Assis Chateaubriand
2453004;USINA ASSIS ;1989;7;209.5;bruto;Assis Chateaubriand
2453004;USINA ASSIS ;1989;8;176.3;bruto;Assis Chateaubriand
2453004;USINA ASSIS ;1989;9;202.8;bruto;Assis Chateaubriand
2453004;USINA ASSIS ;1989;10;116.4;bruto;Assis Chateaubriand
2453004;USINA ASSIS ;1989;11;99.4;bruto;Assis Chateaubriand
2453004;USINA ASSIS ;1989;12;75.8;bruto;Assis Chateaubriand
2453004;USINA ASSIS ;1990;1;269.7;bruto;Assis Chateaubriand
2453004;USINA ASSIS ;1990;2;58.3;bruto;Assis Chateaubriand
2453004;USINA ASSIS ;1990;3;103.4;bruto;Assis Chateaubriand
2453004;USINA ASSIS ;1990;4;257.3;bruto;Assis Chateaubriand
2453004;USINA ASSIS ;1990;5;183.2;bruto;Assis Chateaubriand
2453004;USINA ASSIS ;1990;6;175.1;bruto;Assis Chateaubriand
2453004;USINA ASSIS ;1990;7;141.8;bruto;Assis Chateaubriand
2453004;USINA ASSIS ;1990;8;216.9;bruto;Assis Chateaubriand
2453004;USINA ASSIS ;1990;9;257.5;bruto;Assis Chateaubriand
2453004;USINA ASSIS ;1990;10;146.2;bruto;Assis Chateaubriand
2453004;USINA ASSIS ;1990;11;181.6;bruto;Assis Chateaubriand
2453004;USINA ASSIS ;1990;12;196.1;bruto;Assis Chateaubriand
2453004;USINA ASSIS ;1991;1;145.6;bruto;Assis Chateaubriand
2453004;USINA ASSIS ;1991;2;17.8;bruto;Assis Chateaubriand
2453004;USINA ASSIS ;1991;3;72.7;bruto;Assis Chateaubriand
2453004;USINA ASSIS ;1991;4;100.0;bruto;Assis Chateaubriand
2453004;USINA ASSIS ;1991;5;34.3;bruto;Assis Chateaubriand
2453004;USINA ASSIS ;1991;6;199.1;bruto;Assis Chateaubriand
2453004;USINA ASSIS ;1991;7;26.1;bruto;Assis Chateaubriand
2453004;USINA ASSIS ;1991;8;31.2;bruto;Assis Chateaubriand
2453004;USINA ASSIS ;1991;9;152.3;bruto;Assis Chateaubriand
2453004;USINA ASSIS ;1991;10;210.0;bruto;Assis Chateaubriand
2453004;USINA ASSIS ;1991;11;132.5;bruto;Assis Chateaubriand
2453004;USINA ASSIS ;1991;12;225.1;bruto;Assis Chateaubriand
2453004;USINA ASSIS ;1992;1;17.7;bruto;Assis Chateaubriand
2453004;USINA ASSIS ;1992;2;124.5;bruto;Assis Chateaubriand
2453004;USINA ASSIS ;1992;3;187.1;bruto;Assis Chateaubriand
2453004;USINA ASSIS ;1992;4;266.8;bruto;Assis Chateaubriand
2453004;USINA ASSIS ;1992;5;450.2;bruto;Assis Chateaubriand
2453004;USINA ASSIS ;1992;6;123.2;bruto;Assis Chateaubriand
2453004;USINA ASSIS ;1992;7;137.9;bruto;Assis Chateaubriand
2453004;USINA ASSIS ;1992;8;154.7;bruto;Assis Chateaubriand
2453004;USINA ASSIS ;1992;9;123.0;bruto;Assis Chateaubriand
2453004;USINA ASSIS ;1992;10;270.3;bruto;Assis Chateaubriand
2453004;USINA ASSIS ;1992;11;144.5;bruto;Assis Chateaubriand
2453004;USINA ASSIS ;1992;12;123.7;bruto;Assis Chateaubriand
2453004;USINA ASSIS ;1993;1;216.6;bruto;Assis Chateaubriand
2453004;USINA ASSIS ;1993;2;79.7;bruto;Assis Chateaubriand
2453004;USINA ASSIS ;1993;3;112.9;bruto;Assis Chateaubriand
2453004;USINA ASSIS ;1993;4;102.4;bruto;Assis Chateaubriand
2453004;USINA ASSIS ;1993;5;236.3;bruto;Assis Chateaubriand
2453004;USINA ASSIS ;1993;6;80.1;bruto;Assis Chateaubriand
2453004;USINA ASSIS ;1993;7;174.0;bruto;Assis Chateaubriand
2453004;USINA ASSIS ;1993;8;1.8;bruto;Assis Chateaubriand
2453004;USINA ASSIS ;1993;9;208.6;bruto;Assis Chateaubriand
2453004;USINA ASSIS ;1993;10;166.3;bruto;Assis Chateaubriand
2453004;USINA ASSIS ;1993;11;165.2;bruto;Assis Chateaubriand
2453004;USINA ASSIS ;1993;12;107.1;bruto;Assis Chateaubriand
2453004;USINA ASSIS ;1994;1;223.2;bruto;Assis Chateaubriand
2453004;USINA ASSIS ;1994;2;177.5;bruto;Assis Chateaubriand
2453004;USINA ASSIS ;1994;3;90.5;bruto;Assis Chateaubriand
2453004;USINA ASSIS ;1994;4;121.0;bruto;Assis Chateaubriand
2453004;USINA ASSIS ;1994;5;115.8;bruto;Assis Chateaubriand
2453004;USINA ASSIS ;1994;6;159.5;bruto;Assis Chateaubriand
2453004;USINA ASSIS ;1994;7;89.9;bruto;Assis Chateaubriand
2453004;USINA ASSIS ;1994;8;9.2;bruto;Assis Chateaubriand
2453004;USINA ASSIS ;1994;9;56.0;bruto;Assis Chateaubriand
2453004;USINA ASSIS ;1994;10;168.1;bruto;Assis Chateaubriand
2453004;USINA ASSIS ;1994;11;168.5;bruto;Assis Chateaubriand
2453004;USINA ASSIS ;1994;12;132.2;bruto;Assis Chateaubriand
2453004;USINA ASSIS ;1995;1;379.7;consistido;Assis Chateaubriand
2453004;USINA ASSIS ;1995;2;68.9;consistido;Assis Chateaubriand
2453004;USINA ASSIS ;1995;3;127.5;bruto;Assis Chateaubriand
2453004;USINA ASSIS ;1995;4;192.8;bruto;Assis Chateaubriand
2453004;USINA ASSIS ;1995;5;37.0;bruto;Assis Chateaubriand
2453004;USINA ASSIS ;1995;6;44.4;bruto;Assis Chateaubriand
2453004;USINA ASSIS ;1995;7;89.2;bruto;Assis Chateaubriand
2453004;USINA ASSIS ;1995;8;22.7;bruto;Assis Chateaubriand
2453004;USINA ASSIS ;1995;9;198.7;bruto;Assis Chateaubriand
2453004;USINA ASSIS ;1995;10;272.3;bruto;Assis Chateaubriand
2453004;USINA ASSIS ;1995;11;112.6;bruto;Assis Chateaubriand
2453004;USINA ASSIS ;1995;12;95.7;bruto;Assis Chateaubriand
2453004;USINA ASSIS ;1996;1;279.1;bruto;Assis Chateaubriand
2453004;USINA ASSIS ;1996;2;155.2;bruto;Assis Chateaubriand
2453004;USINA ASSIS ;1996;3;224.7;bruto;Assis Chateaubriand
2453004;USINA ASSIS ;1996;4;61.4;bruto;Assis Chateaubriand
2453004;USINA ASSIS ;1996;5;63.6;bruto;Assis Chateaubriand
2453004;USINA ASSIS ;1996;6;44.5;bruto;Assis Chateaubriand
2453004;USINA ASSIS ;1996;7;15.5;bruto;Assis Chateaubriand
2453004;USINA ASSIS ;1996;8;40.5;bruto;Assis Chateaubriand
2453004;USINA ASSIS ;1996;9;166.0;bruto;Assis Chateaubriand
2453004;USINA ASSIS ;1996;10;295.3;bruto;Assis Chateaubriand
2453004;USINA ASSIS ;1996;11;110.5;bruto;Assis Chateaubriand
2453004;USINA ASSIS ;1996;12;259.5;bruto;Assis Chateaubriand
2453004;USINA ASSIS ;1997;1;164.3;bruto;Assis Chateaubriand
2453004;USINA ASSIS ;1997;2;219.4;bruto;Assis Chateaubriand
2453004;USINA ASSIS ;1997;3;51.1;bruto;Assis Chateaubriand
2453004;USINA ASSIS ;1997;4;28.8;bruto;Assis Chateaubriand
2453004;USINA ASSIS ;1997;5;175.0;bruto;Assis Chateaubriand
2453004;USINA ASSIS ;1997;6;235.9;bruto;Assis Chateaubriand
2453004;USINA ASSIS ;1997;7;83.9;bruto;Assis Chateaubriand
2453004;USINA ASSIS ;1997;8;78.7;bruto;Assis Chateaubriand
2453004;USINA ASSIS ;1997;9;208.3;bruto;Assis Chateaubriand
2453004;USINA ASSIS ;1997;10;253.3;bruto;Assis Chateaubriand
2453004;USINA ASSIS ;1997;11;238.4;bruto;Assis Chateaubriand
2453004;USINA ASSIS ;1997;12;139.4;bruto;Assis Chateaubriand
2453004;USINA ASSIS ;1998;1;88.3;bruto;Assis Chateaubriand
2453004;USINA ASSIS ;1998;2;176.0;bruto;Assis Chateaubriand
2453004;USINA ASSIS ;1998;3;177.4;consistido;Assis Chateaubriand
2453004;USINA ASSIS ;1998;4;360.9;bruto;Assis Chateaubriand
2453004;USINA ASSIS ;1998;5;135.7;bruto;Assis Chateaubriand
2453004;USINA ASSIS ;1998;6;108.8;bruto;Assis Chateaubriand
2453004;USINA ASSIS ;1998;7;24.4;bruto;Assis Chateaubriand
2453004;USINA ASSIS ;1998;8;219.7;bruto;Assis Chateaubriand
2453004;USINA ASSIS ;1998;9;314.5;bruto;Assis Chateaubriand
2453004;USINA ASSIS ;1998;10;169.0;bruto;Assis Chateaubriand
2453004;USINA ASSIS ;1998;11;10.3;bruto;Assis Chateaubriand
2453004;USINA ASSIS ;1998;12;236.7;bruto;Assis Chateaubriand
2453004;USINA ASSIS ;1999;1;105.6;bruto;Assis Chateaubriand
2453004;USINA ASSIS ;1999;2;133.7;bruto;Assis Chateaubriand
2453004;USINA ASSIS ;1999;3;;sem_leitura;Assis Chateaubriand
2453004;USINA ASSIS ;1999;4;;sem_leitura;Assis Chateaubriand
2453004;USINA ASSIS ;1999;5;;sem_leitura;Assis Chateaubriand
2453004;USINA ASSIS ;1999;6;;sem_leitura;Assis Chateaubriand
2453004;USINA ASSIS ;1999;7;;sem_leitura;Assis Chateaubriand
2453004;USINA ASSIS ;1999;8;;sem_leitura;Assis Chateaubriand
2453004;USINA ASSIS ;1999;9;;sem_leitura;Assis Chateaubriand
2453004;USINA ASSIS ;1999;10;;sem_leitura;Assis Chateaubriand
2453004;USINA ASSIS ;1999;11;;sem_leitura;Assis Chateaubriand
2453004;USINA ASSIS ;1999;12;;sem_leitura;Assis Chateaubriand
2453006;PALOTINA;1986;1;157.2;bruto;Palotina
2453006;PALOTINA;1986;2;264.7;bruto;Palotina
2453006;PALOTINA;1986;3;105.0;bruto;Palotina
2453006;PALOTINA;1986;4;156.0;bruto;Palotina
2453006;PALOTINA;1986;5;286.4;bruto;Palotina
2453006;PALOTINA;1986;6;30.4;bruto;Palotina
2453006;PALOTINA;1986;7;49.0;bruto;Palotina
2453006;PALOTINA;1986;8;175.2;bruto;Palotina
2453006;PALOTINA;1986;9;171.0;bruto;Palotina
2453006;PALOTINA;1986;10;115.5;bruto;Palotina
2453006;PALOTINA;1986;11;119.7;bruto;Palotina
2453006;PALOTINA;1986;12;161.7;bruto;Palotina
2453006;PALOTINA;1987;1;110.7;bruto;Palotina
2453006;PALOTINA;1987;2;300.3;bruto;Palotina
2453006;PALOTINA;1987;3;121.8;bruto;Palotina
2453006;PALOTINA;1987;4;182.1;bruto;Palotina
2453006;PALOTINA;1987;5;255.3;bruto;Palotina
2453006;PALOTINA;1987;6;109.1;bruto;Palotina
2453006;PALOTINA;1987;7;91.1;bruto;Palotina
2453006;PALOTINA;1987;8;44.5;bruto;Palotina
2453006;PALOTINA;1987;9;21.9;bruto;Palotina
2453006;PALOTINA;1987;10;182.6;bruto;Palotina
2453006;PALOTINA;1987;11;137.0;bruto;Palotina
2453006;PALOTINA;1987;12;156.4;bruto;Palotina
2453006;PALOTINA;1988;1;106.8;bruto;Palotina
2453006;PALOTINA;1988;2;142.4;bruto;Palotina
2453006;PALOTINA;1988;3;3.2;bruto;Palotina
2453006;PALOTINA;1988;4;206.9;bruto;Palotina
2453006;PALOTINA;1988;5;183.8;bruto;Palotina
2453006;PALOTINA;1988;6;79.8;bruto;Palotina
2453006;PALOTINA;1988;7;1.7;bruto;Palotina
2453006;PALOTINA;1988;8;9.3;bruto;Palotina
2453006;PALOTINA;1988;9;13.8;bruto;Palotina
2453006;PALOTINA;1988;10;209.1;bruto;Palotina
2453006;PALOTINA;1988;11;53.3;bruto;Palotina
2453006;PALOTINA;1988;12;68.4;bruto;Palotina
2453006;PALOTINA;1989;1;214.4;bruto;Palotina
2453006;PALOTINA;1989;2;155.8;bruto;Palotina
2453006;PALOTINA;1989;3;123.1;bruto;Palotina
2453006;PALOTINA;1989;4;183.9;bruto;Palotina
2453006;PALOTINA;1989;5;117.4;bruto;Palotina
2453006;PALOTINA;1989;6;104.1;bruto;Palotina
2453006;PALOTINA;1989;7;122.5;bruto;Palotina
2453006;PALOTINA;1989;8;199.1;bruto;Palotina
2453006;PALOTINA;1989;9;216.2;bruto;Palotina
2453006;PALOTINA;1989;10;162.9;bruto;Palotina
2453006;PALOTINA;1989;11;85.0;bruto;Palotina
2453006;PALOTINA;1989;12;73.0;bruto;Palotina
2453006;PALOTINA;1990;1;247.2;bruto;Palotina
2453006;PALOTINA;1990;2;70.2;bruto;Palotina
2453006;PALOTINA;1990;3;150.2;bruto;Palotina
2453006;PALOTINA;1990;4;193.4;bruto;Palotina
2453006;PALOTINA;1990;5;198.9;bruto;Palotina
2453006;PALOTINA;1990;6;159.6;bruto;Palotina
2453006;PALOTINA;1990;7;133.4;bruto;Palotina
2453006;PALOTINA;1990;8;;sem_leitura;Palotina
2453006;PALOTINA;1990;9;;sem_leitura;Palotina
2453006;PALOTINA;1990;10;;sem_leitura;Palotina
2453006;PALOTINA;1990;11;;sem_leitura;Palotina
2453006;PALOTINA;1990;12;;sem_leitura;Palotina
2453007;CASCAVÉL;1986;1;126.8;bruto;Cascavel
2453007;CASCAVÉL;1986;2;283.3;bruto;Cascavel
2453007;CASCAVÉL;1986;3;123.7;bruto;Cascavel
2453007;CASCAVÉL;1986;4;217.2;bruto;Cascavel
2453007;CASCAVÉL;1986;5;343.5;bruto;Cascavel
2453007;CASCAVÉL;1986;6;22.3;bruto;Cascavel
2453007;CASCAVÉL;1986;7;83.8;bruto;Cascavel
2453007;CASCAVÉL;1986;8;154.4;bruto;Cascavel
2453007;CASCAVÉL;1986;9;241.1;bruto;Cascavel
2453007;CASCAVÉL;1986;10;154.5;bruto;Cascavel
2453007;CASCAVÉL;1986;11;150.5;bruto;Cascavel
2453007;CASCAVÉL;1986;12;214.6;bruto;Cascavel
2453012;CORBELIA;1986;1;178.6;bruto;Corbélia
2453012;CORBELIA;1986;2;252.2;bruto;Corbélia
2453012;CORBELIA;1986;3;111.0;bruto;Corbélia
2453012;CORBELIA;1986;4;159.4;bruto;Corbélia
2453012;CORBELIA;1986;5;419.0;bruto;Corbélia
2453012;CORBELIA;1986;6;38.4;bruto;Corbélia
2453012;CORBELIA;1986;7;67.2;bruto;Corbélia
2453012;CORBELIA;1986;8;166.4;bruto;Corbélia
2453012;CORBELIA;1986;9;167.0;bruto;Corbélia
2453012;CORBELIA;1986;10;103.6;bruto;Corbélia
2453012;CORBELIA;1986;11;141.2;bruto;Corbélia
2453012;CORBELIA;1986;12;270.6;bruto;Corbélia
2453012;CORBELIA;1987;1;95.5;bruto;Corbélia
2453012;CORBELIA;1987;2;290.0;bruto;Corbélia
2453012;CORBELIA;1987;3;121.8;bruto;Corbélia
2453012;CORBELIA;1987;4;239.4;bruto;Corbélia
2453012;CORBELIA;1987;5;467.6;bruto;Corbélia
2453012;CORBELIA;1987;6;174.6;bruto;Corbélia
2453012;CORBELIA;1987;7;97.4;bruto;Corbélia
2453012;CORBELIA;1987;8;61.0;bruto;Corbélia
2453012;CORBELIA;1987;9;24.4;bruto;Corbélia
2453012;CORBELIA;1987;10;166.4;bruto;Corbélia
2453012;CORBELIA;1987;11;251.8;bruto;Corbélia
2453012;CORBELIA;1987;12;114.4;bruto;Corbélia
2453012;CORBELIA;1988;1;131.0;bruto;Corbélia
2453012;CORBELIA;1988;2;184.6;bruto;Corbélia
2453012;CORBELIA;1988;3;36.6;bruto;Corbélia
2453012;CORBELIA;1988;4;365.2;bruto;Corbélia
2453012;CORBELIA;1988;5;411.8;bruto;Corbélia
2453012;CORBELIA;1988;6;133.2;bruto;Corbélia
2453012;CORBELIA;1988;7;3.4;bruto;Corbélia
2453012;CORBELIA;1988;8;10.6;bruto;Corbélia
2453012;CORBELIA;1988;9;15.2;bruto;Corbélia
2453012;CORBELIA;1988;10;125.1;bruto;Corbélia
2453012;CORBELIA;1988;11;81.2;bruto;Corbélia
2453012;CORBELIA;1988;12;160.2;bruto;Corbélia
2453012;CORBELIA;1989;1;316.2;bruto;Corbélia
2453012;CORBELIA;1989;2;158.2;bruto;Corbélia
2453012;CORBELIA;1989;3;268.6;bruto;Corbélia
2453012;CORBELIA;1989;4;120.0;bruto;Corbélia
2453012;CORBELIA;1989;5;131.6;bruto;Corbélia
2453012;CORBELIA;1989;6;110.8;bruto;Corbélia
2453012;CORBELIA;1989;7;221.8;bruto;Corbélia
2453012;CORBELIA;1989;8;233.2;bruto;Corbélia
2453012;CORBELIA;1989;9;263.0;bruto;Corbélia
2453012;CORBELIA;1989;10;201.2;bruto;Corbélia
2453012;CORBELIA;1989;11;83.0;bruto;Corbélia
2453012;CORBELIA;1989;12;239.6;bruto;Corbélia
2453012;CORBELIA;1990;1;272.2;bruto;Corbélia
2453012;CORBELIA;1990;2;37.0;bruto;Corbélia
2453012;CORBELIA;1990;3;197.5;bruto;Corbélia
2453012;CORBELIA;1990;4;246.4;bruto;Corbélia
2453012;CORBELIA;1990;5;174.0;bruto;Corbélia
2453012;CORBELIA;1990;6;118.8;bruto;Corbélia
2453012;CORBELIA;1990;7;151.8;bruto;Corbélia
2453012;CORBELIA;1990;8;177.0;bruto;Corbélia
2453012;CORBELIA;1990;9;337.2;bruto;Corbélia
2453012;CORBELIA;1990;10;199.8;bruto;Corbélia
2453012;CORBELIA;1990;11;324.0;bruto;Corbélia
2453012;CORBELIA;1990;12;142.2;bruto;Corbélia
2453012;CORBELIA;1991;1;244.8;bruto;Corbélia
2453012;CORBELIA;1991;2;45.0;bruto;Corbélia
2453012;CORBELIA;1991;3;119.2;bruto;Corbélia
2453012;CORBELIA;1991;4;181.4;bruto;Corbélia
2453012;CORBELIA;1991;5;38.8;bruto;Corbélia
2453012;CORBELIA;1991;6;311.0;bruto;Corbélia
2453012;CORBELIA;1991;7;53.8;bruto;Corbélia
2453012;CORBELIA;1991;8;29.2;bruto;Corbélia
2453012;CORBELIA;1991;9;141.8;bruto;Corbélia
2453012;CORBELIA;1991;10;196.3;bruto;Corbélia
2453012;CORBELIA;1991;11;165.2;bruto;Corbélia
2453012;CORBELIA;1991;12;297.5;bruto;Corbélia
2453012;CORBELIA;1992;1;59.9;bruto;Corbélia
2453012;CORBELIA;1992;2;153.4;bruto;Corbélia
2453012;CORBELIA;1992;3;212.7;bruto;Corbélia
2453012;CORBELIA;1992;4;212.3;bruto;Corbélia
2453012;CORBELIA;1992;5;488.5;bruto;Corbélia
2453012;CORBELIA;1992;6;154.2;bruto;Corbélia
2453012;CORBELIA;1992;7;165.8;bruto;Corbélia
2453012;CORBELIA;1992;8;184.4;bruto;Corbélia
2453012;CORBELIA;1992;9;152.7;bruto;Corbélia
2453012;CORBELIA;1992;10;227.1;bruto;Corbélia
2453012;CORBELIA;1992;11;156.1;bruto;Corbélia
2453012;CORBELIA;1992;12;135.0;bruto;Corbélia
2453012;CORBELIA;1993;1;214.5;bruto;Corbélia
2453012;CORBELIA;1993;2;78.5;bruto;Corbélia
2453012;CORBELIA;1993;3;128.9;bruto;Corbélia
2453012;CORBELIA;1993;4;184.9;bruto;Corbélia
2453012;CORBELIA;1993;5;288.2;bruto;Corbélia
2453012;CORBELIA;1993;6;103.4;bruto;Corbélia
2453012;CORBELIA;1993;7;162.2;bruto;Corbélia
2453012;CORBELIA;1993;8;6.9;bruto;Corbélia
2453012;CORBELIA;1993;9;220.1;bruto;Corbélia
2453012;CORBELIA;1993;10;170.4;bruto;Corbélia
2453012;CORBELIA;1993;11;262.4;bruto;Corbélia
2453012;CORBELIA;1993;12;189.7;bruto;Corbélia
2453012;CORBELIA;1994;1;184.8;bruto;Corbélia
2453012;CORBELIA;1994;2;175.1;bruto;Corbélia
2453012;CORBELIA;1994;3;164.8;bruto;Corbélia
2453012;CORBELIA;1994;4;148.1;bruto;Corbélia
2453012;CORBELIA;1994;5;213.7;bruto;Corbélia
2453012;CORBELIA;1994;6;269.2;bruto;Corbélia
2453012;CORBELIA;1994;7;162.6;bruto;Corbélia
2453012;CORBELIA;1994;8;18.8;bruto;Corbélia
2453012;CORBELIA;1994;9;67.2;bruto;Corbélia
2453012;CORBELIA;1994;10;240.7;bruto;Corbélia
2453012;CORBELIA;1994;11;132.5;bruto;Corbélia
2453012;CORBELIA;1994;12;315.6;bruto;Corbélia
2453012;CORBELIA;1995;1;368.4;bruto;Corbélia
2453012;CORBELIA;1995;2;101.5;bruto;Corbélia
2453012;CORBELIA;1995;3;177.6;bruto;Corbélia
2453012;CORBELIA;1995;4;191.4;bruto;Corbélia
2453012;CORBELIA;1995;5;21.6;bruto;Corbélia
2453012;CORBELIA;1995;6;70.6;bruto;Corbélia
2453012;CORBELIA;1995;7;171.2;bruto;Corbélia
2453012;CORBELIA;1995;8;23.8;bruto;Corbélia
2453012;CORBELIA;1995;9;194.7;bruto;Corbélia
2453012;CORBELIA;1995;10;351.5;bruto;Corbélia
2453012;CORBELIA;1995;11;135.6;bruto;Corbélia
2453012;CORBELIA;1995;12;65.1;bruto;Corbélia
2453012;CORBELIA;1996;1;199.0;bruto;Corbélia
2453012;CORBELIA;1996;2;244.7;bruto;Corbélia
2453012;CORBELIA;1996;3;229.6;bruto;Corbélia
2453012;CORBELIA;1996;4;91.4;bruto;Corbélia
2453012;CORBELIA;1996;5;50.2;bruto;Corbélia
2453012;CORBELIA;1996;6;66.1;bruto;Corbélia
2453012;CORBELIA;1996;7;42.8;bruto;Corbélia
2453012;CORBELIA;1996;8;62.8;bruto;Corbélia
2453012;CORBELIA;1996;9;166.6;bruto;Corbélia
2453012;CORBELIA;1996;10;385.7;bruto;Corbélia
2453012;CORBELIA;1996;11;196.8;bruto;Corbélia
2453012;CORBELIA;1996;12;441.8;bruto;Corbélia
2453012;CORBELIA;1997;1;241.6;bruto;Corbélia
2453012;CORBELIA;1997;2;187.1;bruto;Corbélia
2453012;CORBELIA;1997;3;100.1;bruto;Corbélia
2453012;CORBELIA;1997;4;31.5;bruto;Corbélia
2453012;CORBELIA;1997;5;223.1;bruto;Corbélia
2453012;CORBELIA;1997;6;339.9;bruto;Corbélia
2453012;CORBELIA;1997;7;84.8;bruto;Corbélia
2453012;CORBELIA;1997;8;141.1;bruto;Corbélia
2453012;CORBELIA;1997;9;279.0;bruto;Corbélia
2453012;CORBELIA;1997;10;303.9;bruto;Corbélia
2453012;CORBELIA;1997;11;422.9;bruto;Corbélia
2453012;CORBELIA;1997;12;111.9;bruto;Corbélia
2453012;CORBELIA;1998;1;117.5;bruto;Corbélia
2453012;CORBELIA;1998;2;318.3;bruto;Corbélia
2453012;CORBELIA;1998;3;312.6;bruto;Corbélia
2453012;CORBELIA;1998;4;480.4;bruto;Corbélia
2453012;CORBELIA;1998;5;160.8;bruto;Corbélia
2453012;CORBELIA;1998;6;72.0;bruto;Corbélia
2453012;CORBELIA;1998;7;35.7;bruto;Corbélia
2453012;CORBELIA;1998;8;169.0;bruto;Corbélia
2453012;CORBELIA;1998;9;418.6;bruto;Corbélia
2453012;CORBELIA;1998;10;280.4;bruto;Corbélia
2453012;CORBELIA;1998;11;41.6;bruto;Corbélia
2453012;CORBELIA;1998;12;176.5;bruto;Corbélia
2453012;CORBELIA;1999;1;143.0;bruto;Corbélia
2453012;CORBELIA;1999;2;198.2;bruto;Corbélia
2453012;CORBELIA;1999;3;99.1;bruto;Corbélia
2453012;CORBELIA;1999;4;138.9;bruto;Corbélia
2453012;CORBELIA;1999;5;185.8;bruto;Corbélia
2453012;CORBELIA;1999;6;213.2;bruto;Corbélia
2453012;CORBELIA;1999;7;62.3;bruto;Corbélia
2453012;CORBELIA;1999;8;0.0;bruto;Corbélia
2453012;CORBELIA;1999;9;160.1;bruto;Corbélia
2453012;CORBELIA;1999;10;70.5;bruto;Corbélia
2453012;CORBELIA;1999;11;58.1;bruto;Corbélia
2453012;CORBELIA;1999;12;205.0;bruto;Corbélia
2453012;CORBELIA;2000;1;176.2;bruto;Corbélia
2453012;CORBELIA;2000;2;334.9;bruto;Corbélia
2453012;CORBELIA;2000;3;172.0;bruto;Corbélia
2453012;CORBELIA;2000;4;52.7;bruto;Corbélia
2453012;CORBELIA;2000;5;88.6;bruto;Corbélia
2453012;CORBELIA;2000;6;169.1;bruto;Corbélia
2453012;CORBELIA;2000;7;76.3;bruto;Corbélia
2453012;CORBELIA;2000;8;133.2;bruto;Corbélia
2453012;CORBELIA;2000;9;255.5;bruto;Corbélia
2453012;CORBELIA;2000;10;252.1;bruto;Corbélia
2453012;CORBELIA;2000;11;195.4;bruto;Corbélia
2453012;CORBELIA;2000;12;255.8;bruto;Corbélia
2453012;CORBELIA;2001;1;236.5;bruto;Corbélia
2453012;CORBELIA;2001;2;249.9;bruto;Corbélia
2453012;CORBELIA;2001;3;157.7;bruto;Corbélia
2453012;CORBELIA;2001;4;122.6;bruto;Corbélia
2453012;CORBELIA;2001;5;166.9;bruto;Corbélia
2453012;CORBELIA;2001;6;117.4;bruto;Corbélia
2453012;CORBELIA;2001;7;174.2;bruto;Corbélia
2453012;CORBELIA;2001;8;108.7;bruto;Corbélia
2453012;CORBELIA;2001;9;183.9;bruto;Corbélia
2453012;CORBELIA;2001;10;63.7;bruto;Corbélia
2453012;CORBELIA;2001;11;189.4;bruto;Corbélia
2453012;CORBELIA;2001;12;164.5;bruto;Corbélia
2453012;CORBELIA;2002;1;213.5;bruto;Corbélia
2453012;CORBELIA;2002;2;77.7;bruto;Corbélia
2453012;CORBELIA;2002;3;137.3;bruto;Corbélia
2453012;CORBELIA;2002;4;27.4;bruto;Corbélia
2453012;CORBELIA;2002;5;482.3;bruto;Corbélia
2453012;CORBELIA;2002;6;8.2;bruto;Corbélia
2453012;CORBELIA;2002;7;78.8;bruto;Corbélia
2453012;CORBELIA;2002;8;109.3;bruto;Corbélia
2453012;CORBELIA;2002;9;83.2;bruto;Corbélia
2453012;CORBELIA;2002;10;226.0;bruto;Corbélia
2453012;CORBELIA;2002;11;275.5;bruto;Corbélia
2453012;CORBELIA;2002;12;208.2;bruto;Corbélia
2453012;CORBELIA;2003;1;245.7;bruto;Corbélia
2453012;CORBELIA;2003;2;279.7;bruto;Corbélia
2453012;CORBELIA;2003;3;121.5;bruto;Corbélia
2453012;CORBELIA;2003;4;114.4;bruto;Corbélia
2453012;CORBELIA;2003;5;60.4;bruto;Corbélia
2453012;CORBELIA;2003;6;114.9;bruto;Corbélia
2453012;CORBELIA;2003;7;94.3;bruto;Corbélia
2453012;CORBELIA;2003;8;54.5;bruto;Corbélia
2453012;CORBELIA;2003;9;146.0;bruto;Corbélia
2453012;CORBELIA;2003;10;157.7;bruto;Corbélia
2453012;CORBELIA;2003;11;225.8;bruto;Corbélia
2453012;CORBELIA;2003;12;236.1;bruto;Corbélia
2453012;CORBELIA;2004;1;59.5;bruto;Corbélia
2453012;CORBELIA;2004;2;96.1;bruto;Corbélia
2453012;CORBELIA;2004;3;126.4;bruto;Corbélia
2453012;CORBELIA;2004;4;130.7;bruto;Corbélia
2453012;CORBELIA;2004;5;349.7;bruto;Corbélia
2453012;CORBELIA;2004;6;136.8;bruto;Corbélia
2453012;CORBELIA;2004;7;118.7;bruto;Corbélia
2453012;CORBELIA;2004;8;33.1;bruto;Corbélia
2453012;CORBELIA;2004;9;76.8;bruto;Corbélia
2453012;CORBELIA;2004;10;350.1;bruto;Corbélia
2453012;CORBELIA;2004;11;247.5;bruto;Corbélia
2453012;CORBELIA;2004;12;58.4;bruto;Corbélia
2453012;CORBELIA;2005;1;254.9;bruto;Corbélia
2453012;CORBELIA;2005;2;52.6;bruto;Corbélia
2453012;CORBELIA;2005;3;111.8;bruto;Corbélia
2453012;CORBELIA;2005;4;106.1;bruto;Corbélia
2453012;CORBELIA;2005;5;163.9;bruto;Corbélia
2453012;CORBELIA;2005;6;284.3;bruto;Corbélia
2453012;CORBELIA;2005;7;51.5;bruto;Corbélia
2453012;CORBELIA;2005;8;97.2;bruto;Corbélia
2453012;CORBELIA;2005;9;187.3;bruto;Corbélia
2453012;CORBELIA;2005;10;430.3;bruto;Corbélia
2453012;CORBELIA;2005;11;92.5;bruto;Corbélia
2453012;CORBELIA;2005;12;63.9;bruto;Corbélia
2453012;CORBELIA;2006;1;255.1;bruto;Corbélia
2453012;CORBELIA;2006;2;88.5;bruto;Corbélia
2453012;CORBELIA;2006;3;142.2;bruto;Corbélia
2453012;CORBELIA;2006;4;99.1;bruto;Corbélia
2453012;CORBELIA;2006;5;11.4;bruto;Corbélia
2453012;CORBELIA;2006;6;88.2;bruto;Corbélia
2453012;CORBELIA;2006;7;28.1;bruto;Corbélia
2453012;CORBELIA;2006;8;94.5;bruto;Corbélia
2453012;CORBELIA;2006;9;154.7;bruto;Corbélia
2453012;CORBELIA;2006;10;107.9;bruto;Corbélia
2453012;CORBELIA;2006;11;201.2;bruto;Corbélia
2453012;CORBELIA;2006;12;284.2;bruto;Corbélia
2453012;CORBELIA;2007;1;271.9;bruto;Corbélia
2453012;CORBELIA;2007;2;159.9;bruto;Corbélia
2453012;CORBELIA;2007;3;191.6;bruto;Corbélia
2453012;CORBELIA;2007;4;240.3;bruto;Corbélia
2453012;CORBELIA;2007;5;156.7;bruto;Corbélia
2453012;CORBELIA;2007;6;13.1;bruto;Corbélia
2453012;CORBELIA;2007;7;121.2;bruto;Corbélia
2453012;CORBELIA;2007;8;13.4;bruto;Corbélia
2453012;CORBELIA;2007;9;23.8;bruto;Corbélia
2453012;CORBELIA;2007;10;97.3;bruto;Corbélia
2453012;CORBELIA;2007;11;238.0;bruto;Corbélia
2453012;CORBELIA;2007;12;219.9;bruto;Corbélia
2453012;CORBELIA;2008;1;256.5;bruto;Corbélia
2453012;CORBELIA;2008;2;182.0;bruto;Corbélia
2453012;CORBELIA;2008;3;38.1;bruto;Corbélia
2453012;CORBELIA;2008;4;169.5;bruto;Corbélia
2453012;CORBELIA;2008;5;90.8;bruto;Corbélia
2453012;CORBELIA;2008;6;152.2;bruto;Corbélia
2453012;CORBELIA;2008;7;101.2;bruto;Corbélia
2453012;CORBELIA;2008;8;210.2;bruto;Corbélia
2453012;CORBELIA;2008;9;74.0;bruto;Corbélia
2453012;CORBELIA;2008;10;266.5;bruto;Corbélia
2453012;CORBELIA;2008;11;184.0;bruto;Corbélia
2453012;CORBELIA;2008;12;41.5;bruto;Corbélia
2453012;CORBELIA;2009;1;201.8;bruto;Corbélia
2453012;CORBELIA;2009;2;108.1;bruto;Corbélia
2453012;CORBELIA;2009;3;88.0;bruto;Corbélia
2453012;CORBELIA;2009;4;33.9;bruto;Corbélia
2453012;CORBELIA;2009;5;182.7;bruto;Corbélia
2453012;CORBELIA;2009;6;112.4;bruto;Corbélia
2453012;CORBELIA;2009;7;196.5;bruto;Corbélia
2453012;CORBELIA;2009;8;110.5;bruto;Corbélia
2453012;CORBELIA;2009;9;268.1;bruto;Corbélia
2453012;CORBELIA;2009;10;353.9;bruto;Corbélia
2453012;CORBELIA;2009;11;221.2;bruto;Corbélia
2453012;CORBELIA;2009;12;277.9;bruto;Corbélia
2453012;CORBELIA;2010;1;174.0;bruto;Corbélia
2453012;CORBELIA;2010;2;168.7;bruto;Corbélia
2453012;CORBELIA;2010;3;286.8;bruto;Corbélia
2453012;CORBELIA;2010;4;211.2;bruto;Corbélia
2453012;CORBELIA;2010;5;85.9;bruto;Corbélia
2453012;CORBELIA;2010;6;34.6;bruto;Corbélia
2453012;CORBELIA;2010;7;120.9;bruto;Corbélia
2453012;CORBELIA;2010;8;35.2;bruto;Corbélia
2453012;CORBELIA;2010;9;115.2;bruto;Corbélia
2453012;CORBELIA;2010;10;230.4;bruto;Corbélia
2453012;CORBELIA;2010;11;67.1;bruto;Corbélia
2453012;CORBELIA;2010;12;160.9;bruto;Corbélia
2453012;CORBELIA;2011;1;211.7;bruto;Corbélia
2453012;CORBELIA;2011;2;146.3;bruto;Corbélia
2453012;CORBELIA;2011;3;136.5;bruto;Corbélia
2453012;CORBELIA;2011;4;48.5;bruto;Corbélia
2453012;CORBELIA;2011;5;8.0;bruto;Corbélia
2453012;CORBELIA;2011;6;137.6;bruto;Corbélia
2453012;CORBELIA;2011;7;208.4;bruto;Corbélia
2453012;CORBELIA;2011;8;388.5;bruto;Corbélia
2453012;CORBELIA;2011;9;31.9;bruto;Corbélia
2453012;CORBELIA;2011;10;228.5;bruto;Corbélia
2453012;CORBELIA;2011;11;139.7;bruto;Corbélia
2453012;CORBELIA;2011;12;86.7;bruto;Corbélia
2453012;CORBELIA;2012;1;217.0;bruto;Corbélia
2453012;CORBELIA;2012;2;67.2;bruto;Corbélia
2453012;CORBELIA;2012;3;56.8;bruto;Corbélia
2453012;CORBELIA;2012;4;271.7;bruto;Corbélia
2453012;CORBELIA;2012;5;109.0;bruto;Corbélia
2453012;CORBELIA;2012;6;207.8;bruto;Corbélia
2453012;CORBELIA;2012;7;36.8;bruto;Corbélia
2453012;CORBELIA;2012;8;0.0;bruto;Corbélia
2453012;CORBELIA;2012;9;66.8;bruto;Corbélia
2453012;CORBELIA;2012;10;148.7;bruto;Corbélia
2453012;CORBELIA;2012;11;124.5;bruto;Corbélia
2453012;CORBELIA;2012;12;167.4;consistido;Corbélia
2453012;CORBELIA;2013;1;;sem_leitura;Corbélia
2453012;CORBELIA;2013;2;;sem_leitura;Corbélia
2453012;CORBELIA;2013;3;;sem_leitura;Corbélia
2453012;CORBELIA;2013;4;;sem_leitura;Corbélia
2453012;CORBELIA;2013;5;;sem_leitura;Corbélia
2453012;CORBELIA;2013;6;303.1;bruto;Corbélia
2453012;CORBELIA;2013;7;40.0;bruto;Corbélia
2453012;CORBELIA;2013;8;25.7;bruto;Corbélia
2453012;CORBELIA;2013;9;118.2;bruto;Corbélia
2453012;CORBELIA;2013;10;147.2;bruto;Corbélia
2453012;CORBELIA;2013;11;130.7;bruto;Corbélia
2453012;CORBELIA;2013;12;118.3;bruto;Corbélia
2453012;CORBELIA;2014;1;170.0;bruto;Corbélia
2453012;CORBELIA;2014;2;44.4;bruto;Corbélia
2453012;CORBELIA;2014;3;163.3;bruto;Corbélia
2453012;CORBELIA;2014;4;191.6;bruto;Corbélia
2453012;CORBELIA;2014;5;192.6;bruto;Corbélia
2453012;CORBELIA;2014;6;327.1;bruto;Corbélia
2453012;CORBELIA;2014;7;121.2;bruto;Corbélia
2453012;CORBELIA;2014;8;55.3;bruto;Corbélia
2453012;CORBELIA;2014;9;324.4;bruto;Corbélia
2453012;CORBELIA;2014;10;141.3;bruto;Corbélia
2453012;CORBELIA;2014;11;131.1;bruto;Corbélia
2453012;CORBELIA;2014;12;175.9;bruto;Corbélia
2453012;CORBELIA;2015;1;205.2;bruto;Corbélia
2453012;CORBELIA;2015;2;311.4;bruto;Corbélia
2453012;CORBELIA;2015;3;228.8;bruto;Corbélia
2453012;CORBELIA;2015;4;102.1;bruto;Corbélia
2453012;CORBELIA;2015;5;210.2;bruto;Corbélia
2453012;CORBELIA;2015;6;67.7;bruto;Corbélia
2453012;CORBELIA;2015;7;456.8;bruto;Corbélia
2453012;CORBELIA;2015;8;52.8;bruto;Corbélia
2453012;CORBELIA;2015;9;172.5;bruto;Corbélia
2453012;CORBELIA;2015;10;134.7;bruto;Corbélia
2453012;CORBELIA;2015;11;388.1;bruto;Corbélia
2453012;CORBELIA;2015;12;407.1;bruto;Corbélia
2453012;CORBELIA;2016;1;242.4;bruto;Corbélia
2453012;CORBELIA;2016;2;337.1;bruto;Corbélia
2453012;CORBELIA;2016;3;117.5;bruto;Corbélia
2453012;CORBELIA;2016;4;57.1;bruto;Corbélia
2453012;CORBELIA;2016;5;283.1;bruto;Corbélia
2453012;CORBELIA;2016;6;101.8;bruto;Corbélia
2453012;CORBELIA;2016;7;86.5;bruto;Corbélia
2453012;CORBELIA;2016;8;254.7;bruto;Corbélia
2453012;CORBELIA;2016;9;49.5;bruto;Corbélia
2453012;CORBELIA;2016;10;249.5;bruto;Corbélia
2453012;CORBELIA;2016;11;125.2;bruto;Corbélia
2453012;CORBELIA;2016;12;199.1;bruto;Corbélia
2453012;CORBELIA;2017;1;217.6;bruto;Corbélia
2453012;CORBELIA;2017;2;258.0;bruto;Corbélia
2453012;CORBELIA;2017;3;131.5;bruto;Corbélia
2453012;CORBELIA;2017;4;209.1;bruto;Corbélia
2453012;CORBELIA;2017;5;150.0;bruto;Corbélia
2453012;CORBELIA;2017;6;135.4;bruto;Corbélia
2453012;CORBELIA;2017;7;0.0;bruto;Corbélia
2453012;CORBELIA;2017;8;163.6;bruto;Corbélia
2453012;CORBELIA;2017;9;94.6;bruto;Corbélia
2453012;CORBELIA;2017;10;451.6;bruto;Corbélia
2453012;CORBELIA;2017;11;203.3;bruto;Corbélia
2453012;CORBELIA;2017;12;281.2;bruto;Corbélia
2453012;CORBELIA;2018;1;333.5;bruto;Corbélia
2453012;CORBELIA;2018;2;215.1;bruto;Corbélia
2453012;CORBELIA;2018;3;346.9;bruto;Corbélia
2453012;CORBELIA;2018;4;28.4;bruto;Corbélia
2453012;CORBELIA;2018;5;69.5;bruto;Corbélia
2453012;CORBELIA;2018;6;88.4;bruto;Corbélia
2453012;CORBELIA;2018;7;5.8;bruto;Corbélia
2453012;CORBELIA;2018;8;93.3;bruto;Corbélia
2453012;CORBELIA;2018;9;185.7;bruto;Corbélia
2453012;CORBELIA;2018;10;227.8;bruto;Corbélia
2453012;CORBELIA;2018;11;134.7;bruto;Corbélia
2453012;CORBELIA;2018;12;65.1;bruto;Corbélia
2453012;CORBELIA;2019;1;151.8;bruto;Corbélia
2453012;CORBELIA;2019;2;156.0;bruto;Corbélia
2453012;CORBELIA;2019;3;144.1;bruto;Corbélia
2453012;CORBELIA;2019;4;51.6;bruto;Corbélia
2453012;CORBELIA;2019;5;257.1;bruto;Corbélia
2453012;CORBELIA;2019;6;19.5;bruto;Corbélia
2453012;CORBELIA;2019;7;4.3;bruto;Corbélia
2453012;CORBELIA;2019;8;0.0;bruto;Corbélia
2453012;CORBELIA;2019;9;51.9;bruto;Corbélia
2453012;CORBELIA;2019;10;68.4;bruto;Corbélia
2453012;CORBELIA;2019;11;142.5;bruto;Corbélia
2453012;CORBELIA;2019;12;288.7;bruto;Corbélia
2453012;CORBELIA;2020;1;142.4;bruto;Corbélia
2453012;CORBELIA;2020;2;283.1;bruto;Corbélia
2453012;CORBELIA;2020;3;44.6;bruto;Corbélia
2453012;CORBELIA;2020;4;36.1;consistido;Corbélia
2453012;CORBELIA;2020;5;200.0;bruto;Corbélia
2453012;CORBELIA;2020;6;117.6;bruto;Corbélia
2453012;CORBELIA;2020;7;23.9;bruto;Corbélia
2453012;CORBELIA;2020;8;130.4;bruto;Corbélia
2453012;CORBELIA;2020;9;22.0;bruto;Corbélia
2453012;CORBELIA;2020;10;22.0;bruto;Corbélia
2453012;CORBELIA;2020;11;37.2;bruto;Corbélia
2453012;CORBELIA;2020;12;226.7;bruto;Corbélia
2453012;CORBELIA;2021;1;298.1;bruto;Corbélia
2453012;CORBELIA;2021;2;51.0;bruto;Corbélia
2453012;CORBELIA;2021;3;147.4;bruto;Corbélia
2453012;CORBELIA;2021;4;0.0;bruto;Corbélia
2453012;CORBELIA;2021;5;33.3;bruto;Corbélia
2453012;CORBELIA;2021;6;91.9;bruto;Corbélia
2453012;CORBELIA;2021;7;18.0;bruto;Corbélia
2453012;CORBELIA;2021;8;0.0;bruto;Corbélia
2453012;CORBELIA;2021;9;49.1;bruto;Corbélia
2453012;CORBELIA;2021;10;469.6;bruto;Corbélia
2453012;CORBELIA;2021;11;10.4;bruto;Corbélia
2453012;CORBELIA;2021;12;0.0;bruto;Corbélia
2453012;CORBELIA;2022;1;250.7;bruto;Corbélia
2453012;CORBELIA;2022;2;96.8;bruto;Corbélia
2453012;CORBELIA;2022;3;221.4;bruto;Corbélia
2453012;CORBELIA;2022;4;105.8;bruto;Corbélia
2453012;CORBELIA;2022;5;117.0;bruto;Corbélia
2453012;CORBELIA;2022;6;100.0;bruto;Corbélia
2453012;CORBELIA;2022;7;0.0;bruto;Corbélia
2453012;CORBELIA;2022;8;187.9;bruto;Corbélia
2453012;CORBELIA;2022;9;254.7;bruto;Corbélia
2453012;CORBELIA;2022;10;378.7;bruto;Corbélia
2453012;CORBELIA;2022;11;52.0;consistido;Corbélia
2453012;CORBELIA;2022;12;101.0;bruto;Corbélia
2453012;CORBELIA;2023;1;148.0;consistido;Corbélia
2453012;CORBELIA;2023;2;390.2;bruto;Corbélia
2453012;CORBELIA;2023;3;174.0;bruto;Corbélia
2453012;CORBELIA;2023;4;182.3;bruto;Corbélia
2453012;CORBELIA;2023;5;95.4;bruto;Corbélia
2453012;CORBELIA;2023;6;99.2;bruto;Corbélia
2453012;CORBELIA;2023;7;116.1;consistido;Corbélia
2453012;CORBELIA;2023;8;100.3;bruto;Corbélia
2453012;CORBELIA;2023;9;149.1;bruto;Corbélia
2453012;CORBELIA;2023;10;358.9;bruto;Corbélia
2453012;CORBELIA;2023;11;148.8;bruto;Corbélia
2453012;CORBELIA;2023;12;165.9;bruto;Corbélia
2453012;CORBELIA;2024;1;187.6;bruto;Corbélia
2453012;CORBELIA;2024;2;88.5;bruto;Corbélia
2453012;CORBELIA;2024;3;79.0;bruto;Corbélia
2453012;CORBELIA;2024;4;162.6;bruto;Corbélia
2453012;CORBELIA;2024;5;190.2;bruto;Corbélia
2453012;CORBELIA;2024;6;3.1;bruto;Corbélia
2453012;CORBELIA;2024;7;109.8;consistido;Corbélia
2453012;CORBELIA;2024;8;24.0;bruto;Corbélia
2453012;CORBELIA;2024;9;139.5;bruto;Corbélia
2453012;CORBELIA;2024;10;122.6;bruto;Corbélia
2453012;CORBELIA;2024;11;96.8;bruto;Corbélia
2453012;CORBELIA;2024;12;439.0;bruto;Corbélia
2453012;CORBELIA;2025;1;154.3;bruto;Corbélia
2453012;CORBELIA;2025;2;164.6;bruto;Corbélia
2453012;CORBELIA;2025;3;39.4;bruto;Corbélia
2453012;CORBELIA;2025;4;74.0;bruto;Corbélia
2453012;CORBELIA;2025;5;48.9;bruto;Corbélia
2453012;CORBELIA;2025;6;138.2;bruto;Corbélia
2453012;CORBELIA;2025;7;90.1;bruto;Corbélia
2453012;CORBELIA;2025;8;47.5;bruto;Corbélia
2453012;CORBELIA;2025;9;95.9;bruto;Corbélia
2453012;CORBELIA;2025;10;93.8;bruto;Corbélia
2453012;CORBELIA;2025;11;65.5;bruto;Corbélia
2453012;CORBELIA;2025;12;52.0;bruto;Corbélia
2453017;NOVA CONCORDIA;1986;1;145.9;bruto;Toledo
2453017;NOVA CONCORDIA;1986;2;150.0;bruto;Toledo
2453017;NOVA CONCORDIA;1986;3;115.9;bruto;Toledo
2453017;NOVA CONCORDIA;1986;4;198.7;bruto;Toledo
2453017;NOVA CONCORDIA;1986;5;344.5;bruto;Toledo
2453017;NOVA CONCORDIA;1986;6;60.6;bruto;Toledo
2453017;NOVA CONCORDIA;1986;7;96.3;bruto;Toledo
2453017;NOVA CONCORDIA;1986;8;177.4;bruto;Toledo
2453017;NOVA CONCORDIA;1986;9;196.6;bruto;Toledo
2453017;NOVA CONCORDIA;1986;10;104.2;bruto;Toledo
2453017;NOVA CONCORDIA;1986;11;42.8;bruto;Toledo
2453017;NOVA CONCORDIA;1986;12;249.4;bruto;Toledo
2453017;NOVA CONCORDIA;1987;1;162.3;bruto;Toledo
2453017;NOVA CONCORDIA;1987;2;175.6;bruto;Toledo
2453017;NOVA CONCORDIA;1987;3;30.2;bruto;Toledo
2453017;NOVA CONCORDIA;1987;4;247.5;bruto;Toledo
2453017;NOVA CONCORDIA;1987;5;240.2;bruto;Toledo
2453017;NOVA CONCORDIA;1987;6;96.9;bruto;Toledo
2453017;NOVA CONCORDIA;1987;7;55.8;bruto;Toledo
2453017;NOVA CONCORDIA;1987;8;15.2;bruto;Toledo
2453017;NOVA CONCORDIA;1987;9;24.0;consistido;Toledo
2453017;NOVA CONCORDIA;1987;10;22.6;bruto;Toledo
2453017;NOVA CONCORDIA;1987;11;189.6;bruto;Toledo
2453017;NOVA CONCORDIA;1987;12;100.8;bruto;Toledo
2453017;NOVA CONCORDIA;1988;1;37.2;bruto;Toledo
2453017;NOVA CONCORDIA;1988;2;94.0;bruto;Toledo
2453017;NOVA CONCORDIA;1988;3;17.1;bruto;Toledo
2453017;NOVA CONCORDIA;1988;4;95.7;bruto;Toledo
2453017;NOVA CONCORDIA;1988;5;240.8;bruto;Toledo
2453017;NOVA CONCORDIA;1988;6;96.1;bruto;Toledo
2453017;NOVA CONCORDIA;1988;7;91.5;consistido;Toledo
2453017;NOVA CONCORDIA;1988;8;14.4;bruto;Toledo
2453017;NOVA CONCORDIA;1988;9;33.2;bruto;Toledo
2453017;NOVA CONCORDIA;1988;10;91.4;bruto;Toledo
2453017;NOVA CONCORDIA;1988;11;98.1;bruto;Toledo
2453017;NOVA CONCORDIA;1988;12;103.9;bruto;Toledo
2453017;NOVA CONCORDIA;1989;1;153.1;bruto;Toledo
2453017;NOVA CONCORDIA;1989;2;194.1;bruto;Toledo
2453017;NOVA CONCORDIA;1989;3;110.4;bruto;Toledo
2453017;NOVA CONCORDIA;1989;4;72.7;bruto;Toledo
2453017;NOVA CONCORDIA;1989;5;132.8;bruto;Toledo
2453017;NOVA CONCORDIA;1989;6;132.6;bruto;Toledo
2453017;NOVA CONCORDIA;1989;7;71.0;bruto;Toledo
2453017;NOVA CONCORDIA;1989;8;155.6;bruto;Toledo
2453017;NOVA CONCORDIA;1989;9;244.7;bruto;Toledo
2453017;NOVA CONCORDIA;1989;10;162.4;bruto;Toledo
2453017;NOVA CONCORDIA;1989;11;51.5;bruto;Toledo
2453017;NOVA CONCORDIA;1989;12;94.2;bruto;Toledo
2453017;NOVA CONCORDIA;1990;1;155.8;bruto;Toledo
2453017;NOVA CONCORDIA;1990;2;68.7;bruto;Toledo
2453017;NOVA CONCORDIA;1990;3;98.8;bruto;Toledo
2453017;NOVA CONCORDIA;1990;4;169.0;bruto;Toledo
2453017;NOVA CONCORDIA;1990;5;78.7;bruto;Toledo
2453017;NOVA CONCORDIA;1990;6;60.0;bruto;Toledo
2453017;NOVA CONCORDIA;1990;7;19.7;bruto;Toledo
2453017;NOVA CONCORDIA;1990;8;190.9;bruto;Toledo
2453017;NOVA CONCORDIA;1990;9;217.1;bruto;Toledo
2453017;NOVA CONCORDIA;1990;10;91.1;bruto;Toledo
2453017;NOVA CONCORDIA;1990;11;177.4;bruto;Toledo
2453017;NOVA CONCORDIA;1990;12;163.4;bruto;Toledo
2453017;NOVA CONCORDIA;1991;1;207.8;bruto;Toledo
2453017;NOVA CONCORDIA;1991;2;8.3;bruto;Toledo
2453017;NOVA CONCORDIA;1991;3;163.2;bruto;Toledo
2453017;NOVA CONCORDIA;1991;4;109.5;bruto;Toledo
2453017;NOVA CONCORDIA;1991;5;29.5;bruto;Toledo
2453017;NOVA CONCORDIA;1991;6;46.7;bruto;Toledo
2453017;NOVA CONCORDIA;1991;7;40.8;consistido;Toledo
2453017;NOVA CONCORDIA;1991;8;21.2;consistido;Toledo
2453017;NOVA CONCORDIA;1991;9;168.4;bruto;Toledo
2453017;NOVA CONCORDIA;1991;10;103.4;bruto;Toledo
2453017;NOVA CONCORDIA;1991;11;153.7;bruto;Toledo
2453017;NOVA CONCORDIA;1991;12;385.6;bruto;Toledo
2453017;NOVA CONCORDIA;1992;1;29.0;bruto;Toledo
2453017;NOVA CONCORDIA;1992;2;101.4;bruto;Toledo
2453017;NOVA CONCORDIA;1992;3;177.0;bruto;Toledo
2453017;NOVA CONCORDIA;1992;4;171.5;bruto;Toledo
2453017;NOVA CONCORDIA;1992;5;539.6;bruto;Toledo
2453017;NOVA CONCORDIA;1992;6;126.2;bruto;Toledo
2453017;NOVA CONCORDIA;1992;7;175.9;consistido;Toledo
2453017;NOVA CONCORDIA;1992;8;115.4;consistido;Toledo
2453017;NOVA CONCORDIA;1992;9;176.3;consistido;Toledo
2453017;NOVA CONCORDIA;1992;10;184.0;consistido;Toledo
2453017;NOVA CONCORDIA;1992;11;96.2;consistido;Toledo
2453017;NOVA CONCORDIA;1992;12;101.7;bruto;Toledo
2453017;NOVA CONCORDIA;1993;1;125.9;bruto;Toledo
2453017;NOVA CONCORDIA;1993;2;48.5;bruto;Toledo
2453017;NOVA CONCORDIA;1993;3;66.1;bruto;Toledo
2453017;NOVA CONCORDIA;1993;4;80.3;bruto;Toledo
2453017;NOVA CONCORDIA;1993;5;211.3;bruto;Toledo
2453017;NOVA CONCORDIA;1993;6;55.8;consistido;Toledo
2453017;NOVA CONCORDIA;1993;7;154.7;consistido;Toledo
2453017;NOVA CONCORDIA;1993;8;0.0;bruto;Toledo
2453017;NOVA CONCORDIA;1993;9;288.0;bruto;Toledo
2453017;NOVA CONCORDIA;1993;10;195.3;bruto;Toledo
2453017;NOVA CONCORDIA;1993;11;138.7;bruto;Toledo
2453017;NOVA CONCORDIA;1993;12;158.4;bruto;Toledo
2453017;NOVA CONCORDIA;1994;1;170.7;bruto;Toledo
2453017;NOVA CONCORDIA;1994;2;154.8;consistido;Toledo
2453017;NOVA CONCORDIA;1994;3;111.2;bruto;Toledo
2453017;NOVA CONCORDIA;1994;4;103.7;bruto;Toledo
2453017;NOVA CONCORDIA;1994;5;179.5;bruto;Toledo
2453017;NOVA CONCORDIA;1994;6;172.4;bruto;Toledo
2453017;NOVA CONCORDIA;1994;7;49.7;bruto;Toledo
2453017;NOVA CONCORDIA;1994;8;18.1;consistido;Toledo
2453017;NOVA CONCORDIA;1994;9;213.0;bruto;Toledo
2453017;NOVA CONCORDIA;1994;10;234.6;bruto;Toledo
2453017;NOVA CONCORDIA;1994;11;155.4;consistido;Toledo
2453017;NOVA CONCORDIA;1994;12;187.2;consistido;Toledo
2453017;NOVA CONCORDIA;1995;1;257.7;consistido;Toledo
2453017;NOVA CONCORDIA;1995;2;80.1;consistido;Toledo
2453017;NOVA CONCORDIA;1995;3;120.1;consistido;Toledo
2453017;NOVA CONCORDIA;1995;4;150.7;consistido;Toledo
2453017;NOVA CONCORDIA;1995;5;14.9;consistido;Toledo
2453017;NOVA CONCORDIA;1995;6;48.2;consistido;Toledo
2453017;NOVA CONCORDIA;1995;7;138.7;bruto;Toledo
2453017;NOVA CONCORDIA;1995;8;18.8;bruto;Toledo
2453017;NOVA CONCORDIA;1995;9;208.0;bruto;Toledo
2453017;NOVA CONCORDIA;1995;10;268.6;bruto;Toledo
2453017;NOVA CONCORDIA;1995;11;48.9;bruto;Toledo
2453017;NOVA CONCORDIA;1995;12;101.6;bruto;Toledo
2453017;NOVA CONCORDIA;1996;1;160.7;bruto;Toledo
2453017;NOVA CONCORDIA;1996;2;144.5;bruto;Toledo
2453017;NOVA CONCORDIA;1996;3;208.4;bruto;Toledo
2453017;NOVA CONCORDIA;1996;4;85.1;bruto;Toledo
2453017;NOVA CONCORDIA;1996;5;45.7;bruto;Toledo
2453017;NOVA CONCORDIA;1996;6;55.8;bruto;Toledo
2453017;NOVA CONCORDIA;1996;7;10.5;bruto;Toledo
2453017;NOVA CONCORDIA;1996;8;7.5;bruto;Toledo
2453017;NOVA CONCORDIA;1996;9;113.2;bruto;Toledo
2453017;NOVA CONCORDIA;1996;10;332.0;bruto;Toledo
2453017;NOVA CONCORDIA;1996;11;98.2;bruto;Toledo
2453017;NOVA CONCORDIA;1996;12;316.5;bruto;Toledo
2453017;NOVA CONCORDIA;1997;1;147.7;bruto;Toledo
2453017;NOVA CONCORDIA;1997;2;223.9;bruto;Toledo
2453017;NOVA CONCORDIA;1997;3;83.0;bruto;Toledo
2453017;NOVA CONCORDIA;1997;4;5.9;bruto;Toledo
2453017;NOVA CONCORDIA;1997;5;142.8;bruto;Toledo
2453017;NOVA CONCORDIA;1997;6;298.4;bruto;Toledo
2453017;NOVA CONCORDIA;1997;7;80.7;bruto;Toledo
2453017;NOVA CONCORDIA;1997;8;158.4;bruto;Toledo
2453017;NOVA CONCORDIA;1997;9;216.8;bruto;Toledo
2453017;NOVA CONCORDIA;1997;10;248.2;consistido;Toledo
2453017;NOVA CONCORDIA;1997;11;156.2;consistido;Toledo
2453017;NOVA CONCORDIA;1997;12;140.0;bruto;Toledo
2453017;NOVA CONCORDIA;1998;1;103.2;bruto;Toledo
2453017;NOVA CONCORDIA;1998;2;291.7;bruto;Toledo
2453017;NOVA CONCORDIA;1998;3;227.8;bruto;Toledo
2453017;NOVA CONCORDIA;1998;4;451.4;bruto;Toledo
2453017;NOVA CONCORDIA;1998;5;150.0;bruto;Toledo
2453017;NOVA CONCORDIA;1998;6;67.1;bruto;Toledo
2453017;NOVA CONCORDIA;1998;7;36.5;bruto;Toledo
2453017;NOVA CONCORDIA;1998;8;304.9;bruto;Toledo
2453017;NOVA CONCORDIA;1998;9;306.4;bruto;Toledo
2453017;NOVA CONCORDIA;1998;10;251.9;bruto;Toledo
2453017;NOVA CONCORDIA;1998;11;54.4;bruto;Toledo
2453017;NOVA CONCORDIA;1998;12;237.4;bruto;Toledo
2453017;NOVA CONCORDIA;1999;1;106.2;bruto;Toledo
2453017;NOVA CONCORDIA;1999;2;241.0;bruto;Toledo
2453017;NOVA CONCORDIA;1999;3;135.6;bruto;Toledo
2453017;NOVA CONCORDIA;1999;4;153.5;bruto;Toledo
2453017;NOVA CONCORDIA;1999;5;176.5;bruto;Toledo
2453017;NOVA CONCORDIA;1999;6;158.9;bruto;Toledo
2453017;NOVA CONCORDIA;1999;7;53.1;bruto;Toledo
2453017;NOVA CONCORDIA;1999;8;1.3;bruto;Toledo
2453017;NOVA CONCORDIA;1999;9;152.8;bruto;Toledo
2453017;NOVA CONCORDIA;1999;10;54.8;bruto;Toledo
2453017;NOVA CONCORDIA;1999;11;49.9;bruto;Toledo
2453017;NOVA CONCORDIA;1999;12;201.3;bruto;Toledo
2453017;NOVA CONCORDIA;2000;1;121.7;bruto;Toledo
2453017;NOVA CONCORDIA;2000;2;240.5;bruto;Toledo
2453017;NOVA CONCORDIA;2000;3;82.4;bruto;Toledo
2453017;NOVA CONCORDIA;2000;4;78.5;bruto;Toledo
2453017;NOVA CONCORDIA;2000;5;73.0;bruto;Toledo
2453017;NOVA CONCORDIA;2000;6;217.9;bruto;Toledo
2453017;NOVA CONCORDIA;2000;7;122.1;bruto;Toledo
2453017;NOVA CONCORDIA;2000;8;121.7;bruto;Toledo
2453017;NOVA CONCORDIA;2000;9;212.6;bruto;Toledo
2453017;NOVA CONCORDIA;2000;10;222.2;bruto;Toledo
2453017;NOVA CONCORDIA;2000;11;213.9;bruto;Toledo
2453017;NOVA CONCORDIA;2000;12;238.7;bruto;Toledo
2453017;NOVA CONCORDIA;2001;1;291.7;bruto;Toledo
2453017;NOVA CONCORDIA;2001;2;228.5;bruto;Toledo
2453017;NOVA CONCORDIA;2001;3;114.7;bruto;Toledo
2453017;NOVA CONCORDIA;2001;4;221.1;bruto;Toledo
2453017;NOVA CONCORDIA;2001;5;101.7;bruto;Toledo
2453017;NOVA CONCORDIA;2001;6;122.3;bruto;Toledo
2453017;NOVA CONCORDIA;2001;7;56.2;bruto;Toledo
2453017;NOVA CONCORDIA;2001;8;37.1;bruto;Toledo
2453017;NOVA CONCORDIA;2001;9;183.3;bruto;Toledo
2453017;NOVA CONCORDIA;2001;10;71.8;bruto;Toledo
2453017;NOVA CONCORDIA;2001;11;229.7;bruto;Toledo
2453017;NOVA CONCORDIA;2001;12;140.3;bruto;Toledo
2453017;NOVA CONCORDIA;2002;1;215.1;bruto;Toledo
2453017;NOVA CONCORDIA;2002;2;129.4;bruto;Toledo
2453017;NOVA CONCORDIA;2002;3;123.8;bruto;Toledo
2453017;NOVA CONCORDIA;2002;4;63.3;bruto;Toledo
2453017;NOVA CONCORDIA;2002;5;402.0;bruto;Toledo
2453017;NOVA CONCORDIA;2002;6;25.2;bruto;Toledo
2453017;NOVA CONCORDIA;2002;7;63.7;bruto;Toledo
2453017;NOVA CONCORDIA;2002;8;88.5;bruto;Toledo
2453017;NOVA CONCORDIA;2002;9;116.5;bruto;Toledo
2453017;NOVA CONCORDIA;2002;10;207.2;bruto;Toledo
2453017;NOVA CONCORDIA;2002;11;297.4;bruto;Toledo
2453017;NOVA CONCORDIA;2002;12;277.0;bruto;Toledo
2453017;NOVA CONCORDIA;2003;1;261.2;bruto;Toledo
2453017;NOVA CONCORDIA;2003;2;251.0;bruto;Toledo
2453017;NOVA CONCORDIA;2003;3;148.2;bruto;Toledo
2453017;NOVA CONCORDIA;2003;4;108.9;bruto;Toledo
2453017;NOVA CONCORDIA;2003;5;75.2;bruto;Toledo
2453017;NOVA CONCORDIA;2003;6;85.7;bruto;Toledo
2453017;NOVA CONCORDIA;2003;7;111.5;bruto;Toledo
2453017;NOVA CONCORDIA;2003;8;40.7;bruto;Toledo
2453017;NOVA CONCORDIA;2003;9;125.8;bruto;Toledo
2453017;NOVA CONCORDIA;2003;10;180.6;bruto;Toledo
2453017;NOVA CONCORDIA;2003;11;184.9;bruto;Toledo
2453017;NOVA CONCORDIA;2003;12;246.0;bruto;Toledo
2453017;NOVA CONCORDIA;2004;1;94.8;bruto;Toledo
2453017;NOVA CONCORDIA;2004;2;73.0;bruto;Toledo
2453017;NOVA CONCORDIA;2004;3;105.2;bruto;Toledo
2453017;NOVA CONCORDIA;2004;4;198.7;bruto;Toledo
2453017;NOVA CONCORDIA;2004;5;320.1;bruto;Toledo
2453017;NOVA CONCORDIA;2004;6;98.6;bruto;Toledo
2453017;NOVA CONCORDIA;2004;7;147.5;bruto;Toledo
2453017;NOVA CONCORDIA;2004;8;23.2;bruto;Toledo
2453017;NOVA CONCORDIA;2004;9;62.0;bruto;Toledo
2453017;NOVA CONCORDIA;2004;10;353.9;bruto;Toledo
2453017;NOVA CONCORDIA;2004;11;230.7;bruto;Toledo
2453017;NOVA CONCORDIA;2004;12;77.6;bruto;Toledo
2453017;NOVA CONCORDIA;2005;1;189.4;bruto;Toledo
2453017;NOVA CONCORDIA;2005;2;114.5;bruto;Toledo
2453017;NOVA CONCORDIA;2005;3;16.7;bruto;Toledo
2453017;NOVA CONCORDIA;2005;4;151.9;bruto;Toledo
2453017;NOVA CONCORDIA;2005;5;189.3;bruto;Toledo
2453017;NOVA CONCORDIA;2005;6;210.8;bruto;Toledo
2453017;NOVA CONCORDIA;2005;7;42.5;bruto;Toledo
2453017;NOVA CONCORDIA;2005;8;126.6;bruto;Toledo
2453017;NOVA CONCORDIA;2005;9;155.1;bruto;Toledo
2453017;NOVA CONCORDIA;2005;10;446.3;bruto;Toledo
2453017;NOVA CONCORDIA;2005;11;146.7;bruto;Toledo
2453017;NOVA CONCORDIA;2005;12;46.0;bruto;Toledo
2453017;NOVA CONCORDIA;2006;1;180.8;bruto;Toledo
2453017;NOVA CONCORDIA;2006;2;107.2;bruto;Toledo
2453017;NOVA CONCORDIA;2006;3;122.1;bruto;Toledo
2453017;NOVA CONCORDIA;2006;4;155.4;bruto;Toledo
2453017;NOVA CONCORDIA;2006;5;7.5;bruto;Toledo
2453017;NOVA CONCORDIA;2006;6;85.7;bruto;Toledo
2453017;NOVA CONCORDIA;2006;7;41.3;bruto;Toledo
2453017;NOVA CONCORDIA;2006;8;97.1;bruto;Toledo
2453017;NOVA CONCORDIA;2006;9;154.6;bruto;Toledo
2453017;NOVA CONCORDIA;2006;10;173.5;bruto;Toledo
2453017;NOVA CONCORDIA;2006;11;232.5;bruto;Toledo
2453017;NOVA CONCORDIA;2006;12;153.6;bruto;Toledo
2453017;NOVA CONCORDIA;2007;1;178.3;bruto;Toledo
2453017;NOVA CONCORDIA;2007;2;230.2;bruto;Toledo
2453017;NOVA CONCORDIA;2007;3;225.6;bruto;Toledo
2453017;NOVA CONCORDIA;2007;4;242.6;bruto;Toledo
2453017;NOVA CONCORDIA;2007;5;173.2;bruto;Toledo
2453017;NOVA CONCORDIA;2007;6;5.6;bruto;Toledo
2453017;NOVA CONCORDIA;2007;7;79.6;bruto;Toledo
2453017;NOVA CONCORDIA;2007;8;8.9;bruto;Toledo
2453017;NOVA CONCORDIA;2007;9;19.1;bruto;Toledo
2453017;NOVA CONCORDIA;2007;10;68.9;bruto;Toledo
2453017;NOVA CONCORDIA;2007;11;184.8;bruto;Toledo
2453017;NOVA CONCORDIA;2007;12;262.9;bruto;Toledo
2453017;NOVA CONCORDIA;2008;1;244.9;bruto;Toledo
2453017;NOVA CONCORDIA;2008;2;177.2;bruto;Toledo
2453017;NOVA CONCORDIA;2008;3;112.0;bruto;Toledo
2453017;NOVA CONCORDIA;2008;4;102.4;bruto;Toledo
2453017;NOVA CONCORDIA;2008;5;43.5;bruto;Toledo
2453017;NOVA CONCORDIA;2008;6;141.5;bruto;Toledo
2453017;NOVA CONCORDIA;2008;7;49.2;bruto;Toledo
2453017;NOVA CONCORDIA;2008;8;156.7;bruto;Toledo
2453017;NOVA CONCORDIA;2008;9;101.9;bruto;Toledo
2453017;NOVA CONCORDIA;2008;10;275.3;bruto;Toledo
2453017;NOVA CONCORDIA;2008;11;224.4;bruto;Toledo
2453017;NOVA CONCORDIA;2008;12;66.2;bruto;Toledo
2453017;NOVA CONCORDIA;2009;1;248.4;bruto;Toledo
2453017;NOVA CONCORDIA;2009;2;223.3;bruto;Toledo
2453017;NOVA CONCORDIA;2009;3;29.5;bruto;Toledo
2453017;NOVA CONCORDIA;2009;4;43.4;bruto;Toledo
2453017;NOVA CONCORDIA;2009;5;294.5;bruto;Toledo
2453017;NOVA CONCORDIA;2009;6;133.9;bruto;Toledo
2453017;NOVA CONCORDIA;2009;7;165.6;bruto;Toledo
2453017;NOVA CONCORDIA;2009;8;78.9;bruto;Toledo
2453017;NOVA CONCORDIA;2009;9;170.2;bruto;Toledo
2453017;NOVA CONCORDIA;2009;10;338.3;bruto;Toledo
2453017;NOVA CONCORDIA;2009;11;139.2;bruto;Toledo
2453017;NOVA CONCORDIA;2009;12;195.7;bruto;Toledo
2453017;NOVA CONCORDIA;2010;1;179.3;bruto;Toledo
2453017;NOVA CONCORDIA;2010;2;189.7;bruto;Toledo
2453017;NOVA CONCORDIA;2010;3;169.2;bruto;Toledo
2453017;NOVA CONCORDIA;2010;4;211.8;bruto;Toledo
2453017;NOVA CONCORDIA;2010;5;87.1;bruto;Toledo
2453017;NOVA CONCORDIA;2010;6;21.4;bruto;Toledo
2453017;NOVA CONCORDIA;2010;7;106.9;bruto;Toledo
2453017;NOVA CONCORDIA;2010;8;7.6;bruto;Toledo
2453017;NOVA CONCORDIA;2010;9;102.2;bruto;Toledo
2453017;NOVA CONCORDIA;2010;10;224.0;bruto;Toledo
2453017;NOVA CONCORDIA;2010;11;136.6;bruto;Toledo
2453017;NOVA CONCORDIA;2010;12;410.9;bruto;Toledo
2453017;NOVA CONCORDIA;2011;1;147.8;bruto;Toledo
2453017;NOVA CONCORDIA;2011;2;250.5;bruto;Toledo
2453017;NOVA CONCORDIA;2011;3;47.4;bruto;Toledo
2453017;NOVA CONCORDIA;2011;4;62.6;bruto;Toledo
2453017;NOVA CONCORDIA;2011;5;6.5;bruto;Toledo
2453017;NOVA CONCORDIA;2011;6;62.6;bruto;Toledo
2453017;NOVA CONCORDIA;2011;7;200.8;bruto;Toledo
2453017;NOVA CONCORDIA;2011;8;323.4;bruto;Toledo
2453017;NOVA CONCORDIA;2011;9;70.9;bruto;Toledo
2453017;NOVA CONCORDIA;2011;10;297.9;bruto;Toledo
2453017;NOVA CONCORDIA;2011;11;151.9;bruto;Toledo
2453017;NOVA CONCORDIA;2011;12;50.5;bruto;Toledo
2453017;NOVA CONCORDIA;2012;1;239.5;bruto;Toledo
2453017;NOVA CONCORDIA;2012;2;175.8;bruto;Toledo
2453017;NOVA CONCORDIA;2012;3;77.4;bruto;Toledo
2453017;NOVA CONCORDIA;2012;4;270.9;bruto;Toledo
2453017;NOVA CONCORDIA;2012;5;92.4;bruto;Toledo
2453017;NOVA CONCORDIA;2012;6;383.4;bruto;Toledo
2453017;NOVA CONCORDIA;2012;7;40.1;bruto;Toledo
2453017;NOVA CONCORDIA;2012;8;2.3;bruto;Toledo
2453017;NOVA CONCORDIA;2012;9;55.9;bruto;Toledo
2453017;NOVA CONCORDIA;2012;10;286.3;bruto;Toledo
2453017;NOVA CONCORDIA;2012;11;212.5;bruto;Toledo
2453017;NOVA CONCORDIA;2012;12;127.5;bruto;Toledo
2453017;NOVA CONCORDIA;2013;1;182.5;bruto;Toledo
2453017;NOVA CONCORDIA;2013;2;322.8;bruto;Toledo
2453017;NOVA CONCORDIA;2013;3;172.4;bruto;Toledo
2453017;NOVA CONCORDIA;2013;4;94.1;bruto;Toledo
2453017;NOVA CONCORDIA;2013;5;379.0;bruto;Toledo
2453017;NOVA CONCORDIA;2013;6;373.6;bruto;Toledo
2453017;NOVA CONCORDIA;2013;7;19.1;bruto;Toledo
2453017;NOVA CONCORDIA;2013;8;23.8;bruto;Toledo
2453017;NOVA CONCORDIA;2013;9;107.6;bruto;Toledo
2453017;NOVA CONCORDIA;2013;10;144.9;bruto;Toledo
2453017;NOVA CONCORDIA;2013;11;207.1;bruto;Toledo
2453017;NOVA CONCORDIA;2013;12;146.7;bruto;Toledo
2453017;NOVA CONCORDIA;2014;1;198.7;bruto;Toledo
2453017;NOVA CONCORDIA;2014;2;69.3;bruto;Toledo
2453017;NOVA CONCORDIA;2014;3;148.5;bruto;Toledo
2453017;NOVA CONCORDIA;2014;4;168.8;bruto;Toledo
2453017;NOVA CONCORDIA;2014;5;202.8;bruto;Toledo
2453017;NOVA CONCORDIA;2014;6;371.6;bruto;Toledo
2453017;NOVA CONCORDIA;2014;7;89.9;bruto;Toledo
2453017;NOVA CONCORDIA;2014;8;8.9;bruto;Toledo
2453017;NOVA CONCORDIA;2014;9;343.5;bruto;Toledo
2453017;NOVA CONCORDIA;2014;10;49.5;bruto;Toledo
2453017;NOVA CONCORDIA;2014;11;158.7;bruto;Toledo
2453017;NOVA CONCORDIA;2014;12;170.2;bruto;Toledo
2453017;NOVA CONCORDIA;2015;1;139.0;bruto;Toledo
2453017;NOVA CONCORDIA;2015;2;165.7;bruto;Toledo
2453017;NOVA CONCORDIA;2015;3;157.8;bruto;Toledo
2453017;NOVA CONCORDIA;2015;4;144.2;bruto;Toledo
2453017;NOVA CONCORDIA;2015;5;245.6;bruto;Toledo
2453017;NOVA CONCORDIA;2015;6;68.4;bruto;Toledo
2453017;NOVA CONCORDIA;2015;7;432.5;bruto;Toledo
2453017;NOVA CONCORDIA;2015;8;64.3;bruto;Toledo
2453017;NOVA CONCORDIA;2015;9;133.0;bruto;Toledo
2453017;NOVA CONCORDIA;2015;10;164.4;bruto;Toledo
2453017;NOVA CONCORDIA;2015;11;336.1;bruto;Toledo
2453017;NOVA CONCORDIA;2015;12;491.0;bruto;Toledo
2453017;NOVA CONCORDIA;2016;1;208.0;bruto;Toledo
2453017;NOVA CONCORDIA;2016;2;304.9;bruto;Toledo
2453017;NOVA CONCORDIA;2016;3;124.8;bruto;Toledo
2453017;NOVA CONCORDIA;2016;4;66.1;bruto;Toledo
2453017;NOVA CONCORDIA;2016;5;250.0;bruto;Toledo
2453017;NOVA CONCORDIA;2016;6;62.8;bruto;Toledo
2453017;NOVA CONCORDIA;2016;7;79.6;bruto;Toledo
2453017;NOVA CONCORDIA;2016;8;235.9;bruto;Toledo
2453017;NOVA CONCORDIA;2016;9;54.6;bruto;Toledo
2453017;NOVA CONCORDIA;2016;10;216.1;bruto;Toledo
2453017;NOVA CONCORDIA;2016;11;235.7;bruto;Toledo
2453017;NOVA CONCORDIA;2016;12;100.3;bruto;Toledo
2453017;NOVA CONCORDIA;2017;1;131.5;bruto;Toledo
2453017;NOVA CONCORDIA;2017;2;143.1;bruto;Toledo
2453017;NOVA CONCORDIA;2017;3;158.9;bruto;Toledo
2453017;NOVA CONCORDIA;2017;4;247.7;bruto;Toledo
2453017;NOVA CONCORDIA;2017;5;140.9;bruto;Toledo
2453017;NOVA CONCORDIA;2017;6;67.9;bruto;Toledo
2453017;NOVA CONCORDIA;2017;7;0.0;bruto;Toledo
2453017;NOVA CONCORDIA;2017;8;86.7;bruto;Toledo
2453017;NOVA CONCORDIA;2017;9;86.7;bruto;Toledo
2453017;NOVA CONCORDIA;2017;10;484.5;bruto;Toledo
2453017;NOVA CONCORDIA;2017;11;281.1;bruto;Toledo
2453017;NOVA CONCORDIA;2017;12;147.8;bruto;Toledo
2453017;NOVA CONCORDIA;2018;1;253.1;bruto;Toledo
2453017;NOVA CONCORDIA;2018;2;228.7;bruto;Toledo
2453017;NOVA CONCORDIA;2018;3;205.1;bruto;Toledo
2453017;NOVA CONCORDIA;2018;4;58.2;bruto;Toledo
2453017;NOVA CONCORDIA;2018;5;54.5;bruto;Toledo
2453017;NOVA CONCORDIA;2018;6;87.2;bruto;Toledo
2453017;NOVA CONCORDIA;2018;7;0.0;bruto;Toledo
2453017;NOVA CONCORDIA;2018;8;117.8;bruto;Toledo
2453017;NOVA CONCORDIA;2018;9;180.6;bruto;Toledo
2453017;NOVA CONCORDIA;2018;10;242.6;bruto;Toledo
2453017;NOVA CONCORDIA;2018;11;157.0;bruto;Toledo
2453017;NOVA CONCORDIA;2018;12;100.4;bruto;Toledo
2453017;NOVA CONCORDIA;2019;1;147.7;bruto;Toledo
2453017;NOVA CONCORDIA;2019;2;140.9;bruto;Toledo
2453017;NOVA CONCORDIA;2019;3;146.8;bruto;Toledo
2453017;NOVA CONCORDIA;2019;4;97.5;bruto;Toledo
2453017;NOVA CONCORDIA;2019;5;291.2;bruto;Toledo
2453017;NOVA CONCORDIA;2019;6;15.5;bruto;Toledo
2453017;NOVA CONCORDIA;2019;7;46.6;bruto;Toledo
2453017;NOVA CONCORDIA;2019;8;1.2;bruto;Toledo
2453017;NOVA CONCORDIA;2019;9;40.0;bruto;Toledo
2453017;NOVA CONCORDIA;2019;10;66.6;bruto;Toledo
2453017;NOVA CONCORDIA;2019;11;149.1;bruto;Toledo
2453017;NOVA CONCORDIA;2019;12;289.8;bruto;Toledo
2453017;NOVA CONCORDIA;2020;1;87.8;bruto;Toledo
2453017;NOVA CONCORDIA;2020;2;125.0;bruto;Toledo
2453017;NOVA CONCORDIA;2020;3;46.6;bruto;Toledo
2453017;NOVA CONCORDIA;2020;4;31.5;bruto;Toledo
2453017;NOVA CONCORDIA;2020;5;252.0;bruto;Toledo
2453017;NOVA CONCORDIA;2020;6;65.6;bruto;Toledo
2453017;NOVA CONCORDIA;2020;7;41.8;bruto;Toledo
2453017;NOVA CONCORDIA;2020;8;131.6;bruto;Toledo
2453017;NOVA CONCORDIA;2020;9;14.1;bruto;Toledo
2453017;NOVA CONCORDIA;2020;10;48.1;bruto;Toledo
2453017;NOVA CONCORDIA;2020;11;120.8;bruto;Toledo
2453017;NOVA CONCORDIA;2020;12;282.8;bruto;Toledo
2453017;NOVA CONCORDIA;2021;1;293.2;bruto;Toledo
2453017;NOVA CONCORDIA;2021;2;80.8;bruto;Toledo
2453017;NOVA CONCORDIA;2021;3;133.7;bruto;Toledo
2453017;NOVA CONCORDIA;2021;4;4.8;bruto;Toledo
2453017;NOVA CONCORDIA;2021;5;35.3;bruto;Toledo
2453017;NOVA CONCORDIA;2021;6;105.5;bruto;Toledo
2453017;NOVA CONCORDIA;2021;7;16.8;bruto;Toledo
2453017;NOVA CONCORDIA;2021;8;19.9;bruto;Toledo
2453017;NOVA CONCORDIA;2021;9;60.0;bruto;Toledo
2453017;NOVA CONCORDIA;2021;10;449.9;bruto;Toledo
2453017;NOVA CONCORDIA;2021;11;15.6;bruto;Toledo
2453017;NOVA CONCORDIA;2021;12;13.2;bruto;Toledo
2453017;NOVA CONCORDIA;2022;1;167.0;bruto;Toledo
2453017;NOVA CONCORDIA;2022;2;203.5;bruto;Toledo
2453017;NOVA CONCORDIA;2022;3;132.2;bruto;Toledo
2453017;NOVA CONCORDIA;2022;4;232.7;bruto;Toledo
2453017;NOVA CONCORDIA;2022;5;102.0;bruto;Toledo
2453017;NOVA CONCORDIA;2022;6;148.5;bruto;Toledo
2453017;NOVA CONCORDIA;2022;7;26.5;bruto;Toledo
2453017;NOVA CONCORDIA;2022;8;170.0;bruto;Toledo
2453017;NOVA CONCORDIA;2022;9;300.3;bruto;Toledo
2453017;NOVA CONCORDIA;2022;10;482.7;bruto;Toledo
2453017;NOVA CONCORDIA;2022;11;98.3;bruto;Toledo
2453017;NOVA CONCORDIA;2022;12;109.6;bruto;Toledo
2453017;NOVA CONCORDIA;2023;1;94.6;bruto;Toledo
2453017;NOVA CONCORDIA;2023;2;389.1;bruto;Toledo
2453017;NOVA CONCORDIA;2023;3;150.4;bruto;Toledo
2453017;NOVA CONCORDIA;2023;4;158.3;bruto;Toledo
2453017;NOVA CONCORDIA;2023;5;66.9;bruto;Toledo
2453017;NOVA CONCORDIA;2023;6;53.6;bruto;Toledo
2453017;NOVA CONCORDIA;2023;7;60.7;bruto;Toledo
2453017;NOVA CONCORDIA;2023;8;78.2;bruto;Toledo
2453017;NOVA CONCORDIA;2023;9;141.5;bruto;Toledo
2453017;NOVA CONCORDIA;2023;10;;sem_leitura;Toledo
2453017;NOVA CONCORDIA;2023;11;;sem_leitura;Toledo
2453017;NOVA CONCORDIA;2023;12;;sem_leitura;Toledo
2453017;NOVA CONCORDIA;2024;1;;sem_leitura;Toledo
2453017;NOVA CONCORDIA;2024;2;;sem_leitura;Toledo
2453017;NOVA CONCORDIA;2024;3;;sem_leitura;Toledo
2453017;NOVA CONCORDIA;2024;4;;sem_leitura;Toledo
2453017;NOVA CONCORDIA;2024;5;;sem_leitura;Toledo
2453017;NOVA CONCORDIA;2024;6;9.7;bruto;Toledo
2453017;NOVA CONCORDIA;2024;7;117.4;bruto;Toledo
2453017;NOVA CONCORDIA;2024;8;37.7;bruto;Toledo
2453017;NOVA CONCORDIA;2024;9;97.9;bruto;Toledo
2453017;NOVA CONCORDIA;2024;10;110.1;bruto;Toledo
2453017;NOVA CONCORDIA;2024;11;84.1;bruto;Toledo
2453017;NOVA CONCORDIA;2024;12;418.8;bruto;Toledo
2453017;NOVA CONCORDIA;2025;1;60.6;bruto;Toledo
2453017;NOVA CONCORDIA;2025;2;59.8;bruto;Toledo
2453017;NOVA CONCORDIA;2025;3;98.7;bruto;Toledo
2453017;NOVA CONCORDIA;2025;4;48.0;bruto;Toledo
2453017;NOVA CONCORDIA;2025;5;56.9;bruto;Toledo
2453017;NOVA CONCORDIA;2025;6;188.2;bruto;Toledo
2453017;NOVA CONCORDIA;2025;7;104.4;bruto;Toledo
2453017;NOVA CONCORDIA;2025;8;120.0;bruto;Toledo
2453017;NOVA CONCORDIA;2025;9;149.7;bruto;Toledo
2453017;NOVA CONCORDIA;2025;10;241.9;bruto;Toledo
2453017;NOVA CONCORDIA;2025;11;236.5;bruto;Toledo
2453017;NOVA CONCORDIA;2025;12;267.9;bruto;Toledo
2453023;CASCAVEL - OCEPAR;1986;1;141.3;bruto;Cascavel
2453023;CASCAVEL - OCEPAR;1986;2;255.3;bruto;Cascavel
2453023;CASCAVEL - OCEPAR;1986;3;135.9;bruto;Cascavel
2453023;CASCAVEL - OCEPAR;1986;4;211.4;bruto;Cascavel
2453023;CASCAVEL - OCEPAR;1986;5;354.1;bruto;Cascavel
2453023;CASCAVEL - OCEPAR;1986;6;25.0;bruto;Cascavel
2453023;CASCAVEL - OCEPAR;1986;7;87.1;bruto;Cascavel
2453023;CASCAVEL - OCEPAR;1986;8;159.8;bruto;Cascavel
2453023;CASCAVEL - OCEPAR;1986;9;255.5;bruto;Cascavel
2453023;CASCAVEL - OCEPAR;1986;10;149.6;bruto;Cascavel
2453023;CASCAVEL - OCEPAR;1986;11;186.2;bruto;Cascavel
2453023;CASCAVEL - OCEPAR;1986;12;203.9;bruto;Cascavel
2453023;CASCAVEL - OCEPAR;1987;1;69.3;bruto;Cascavel
2453023;CASCAVEL - OCEPAR;1987;2;292.0;bruto;Cascavel
2453023;CASCAVEL - OCEPAR;1987;3;146.7;bruto;Cascavel
2453023;CASCAVEL - OCEPAR;1987;4;223.4;bruto;Cascavel
2453023;CASCAVEL - OCEPAR;1987;5;438.0;bruto;Cascavel
2453023;CASCAVEL - OCEPAR;1987;6;159.7;bruto;Cascavel
2453023;CASCAVEL - OCEPAR;1987;7;116.9;bruto;Cascavel
2453023;CASCAVEL - OCEPAR;1987;8;49.8;bruto;Cascavel
2453023;CASCAVEL - OCEPAR;1987;9;23.4;bruto;Cascavel
2453023;CASCAVEL - OCEPAR;1987;10;227.5;bruto;Cascavel
2453023;CASCAVEL - OCEPAR;1987;11;237.4;bruto;Cascavel
2453023;CASCAVEL - OCEPAR;1987;12;204.2;bruto;Cascavel
2453023;CASCAVEL - OCEPAR;1988;1;154.2;bruto;Cascavel
2453023;CASCAVEL - OCEPAR;1988;2;161.5;bruto;Cascavel
2453023;CASCAVEL - OCEPAR;1988;3;24.2;bruto;Cascavel
2453023;CASCAVEL - OCEPAR;1988;4;202.3;bruto;Cascavel
2453023;CASCAVEL - OCEPAR;1988;5;230.6;bruto;Cascavel
2453023;CASCAVEL - OCEPAR;1988;6;142.3;bruto;Cascavel
2453023;CASCAVEL - OCEPAR;1988;7;14.5;bruto;Cascavel
2453023;CASCAVEL - OCEPAR;1988;8;24.1;bruto;Cascavel
2453023;CASCAVEL - OCEPAR;1988;9;13.4;bruto;Cascavel
2453023;CASCAVEL - OCEPAR;1988;10;140.9;bruto;Cascavel
2453023;CASCAVEL - OCEPAR;1988;11;61.2;bruto;Cascavel
2453023;CASCAVEL - OCEPAR;1988;12;110.3;bruto;Cascavel
2453023;CASCAVEL - OCEPAR;1989;1;172.8;bruto;Cascavel
2453023;CASCAVEL - OCEPAR;1989;2;221.4;bruto;Cascavel
2453023;CASCAVEL - OCEPAR;1989;3;125.9;bruto;Cascavel
2453023;CASCAVEL - OCEPAR;1989;4;175.7;bruto;Cascavel
2453023;CASCAVEL - OCEPAR;1989;5;134.9;bruto;Cascavel
2453023;CASCAVEL - OCEPAR;1989;6;151.7;bruto;Cascavel
2453023;CASCAVEL - OCEPAR;1989;7;180.5;bruto;Cascavel
2453023;CASCAVEL - OCEPAR;1989;8;235.2;bruto;Cascavel
2453023;CASCAVEL - OCEPAR;1989;9;220.2;bruto;Cascavel
2453023;CASCAVEL - OCEPAR;1989;10;195.1;bruto;Cascavel
2453023;CASCAVEL - OCEPAR;1989;11;81.5;bruto;Cascavel
2453023;CASCAVEL - OCEPAR;1989;12;94.8;bruto;Cascavel
2453023;CASCAVEL - OCEPAR;1990;1;323.5;bruto;Cascavel
2453023;CASCAVEL - OCEPAR;1990;2;45.0;bruto;Cascavel
2453023;CASCAVEL - OCEPAR;1990;3;168.7;bruto;Cascavel
2453023;CASCAVEL - OCEPAR;1990;4;213.6;bruto;Cascavel
2453023;CASCAVEL - OCEPAR;1990;5;164.1;bruto;Cascavel
2453023;CASCAVEL - OCEPAR;1990;6;165.9;bruto;Cascavel
2453023;CASCAVEL - OCEPAR;1990;7;133.9;bruto;Cascavel
2453023;CASCAVEL - OCEPAR;1990;8;210.9;bruto;Cascavel
2453023;CASCAVEL - OCEPAR;1990;9;266.4;bruto;Cascavel
2453023;CASCAVEL - OCEPAR;1990;10;242.2;bruto;Cascavel
2453023;CASCAVEL - OCEPAR;1990;11;160.8;bruto;Cascavel
2453023;CASCAVEL - OCEPAR;1990;12;124.8;bruto;Cascavel
2453023;CASCAVEL - OCEPAR;1991;1;302.2;bruto;Cascavel
2453023;CASCAVEL - OCEPAR;1991;2;50.3;bruto;Cascavel
2453023;CASCAVEL - OCEPAR;1991;3;112.6;bruto;Cascavel
2453023;CASCAVEL - OCEPAR;1991;4;193.0;bruto;Cascavel
2453023;CASCAVEL - OCEPAR;1991;5;333.5;bruto;Cascavel
2453023;CASCAVEL - OCEPAR;1991;6;343.8;bruto;Cascavel
2453023;CASCAVEL - OCEPAR;1991;7;46.7;bruto;Cascavel
2453023;CASCAVEL - OCEPAR;1991;8;30.8;bruto;Cascavel
2453023;CASCAVEL - OCEPAR;1991;9;134.1;bruto;Cascavel
2453023;CASCAVEL - OCEPAR;1991;10;210.9;bruto;Cascavel
2453023;CASCAVEL - OCEPAR;1991;11;189.0;bruto;Cascavel
2453023;CASCAVEL - OCEPAR;1991;12;349.3;bruto;Cascavel
2453023;CASCAVEL - OCEPAR;1992;1;27.2;bruto;Cascavel
2453023;CASCAVEL - OCEPAR;1992;2;160.8;bruto;Cascavel
2453023;CASCAVEL - OCEPAR;1992;3;199.2;bruto;Cascavel
2453023;CASCAVEL - OCEPAR;1992;4;202.2;bruto;Cascavel
2453023;CASCAVEL - OCEPAR;1992;5;407.5;bruto;Cascavel
2453023;CASCAVEL - OCEPAR;1992;6;107.0;bruto;Cascavel
2453023;CASCAVEL - OCEPAR;1992;7;184.0;bruto;Cascavel
2453023;CASCAVEL - OCEPAR;1992;8;174.7;bruto;Cascavel
2453023;CASCAVEL - OCEPAR;1992;9;109.9;bruto;Cascavel
2453023;CASCAVEL - OCEPAR;1992;10;203.0;bruto;Cascavel
2453023;CASCAVEL - OCEPAR;1992;11;192.6;bruto;Cascavel
2453023;CASCAVEL - OCEPAR;1992;12;144.1;bruto;Cascavel
2453023;CASCAVEL - OCEPAR;1993;1;183.3;bruto;Cascavel
2453023;CASCAVEL - OCEPAR;1993;2;59.3;bruto;Cascavel
2453023;CASCAVEL - OCEPAR;1993;3;77.3;bruto;Cascavel
2453023;CASCAVEL - OCEPAR;1993;4;77.2;bruto;Cascavel
2453023;CASCAVEL - OCEPAR;1993;5;332.0;bruto;Cascavel
2453023;CASCAVEL - OCEPAR;1993;6;116.6;bruto;Cascavel
2453023;CASCAVEL - OCEPAR;1993;7;156.2;bruto;Cascavel
2453023;CASCAVEL - OCEPAR;1993;8;1.1;bruto;Cascavel
2453023;CASCAVEL - OCEPAR;1993;9;227.6;bruto;Cascavel
2453023;CASCAVEL - OCEPAR;1993;10;203.8;bruto;Cascavel
2453023;CASCAVEL - OCEPAR;1993;11;165.4;bruto;Cascavel
2453023;CASCAVEL - OCEPAR;1993;12;120.8;bruto;Cascavel
2453023;CASCAVEL - OCEPAR;1994;1;155.4;bruto;Cascavel
2453023;CASCAVEL - OCEPAR;1994;2;183.2;bruto;Cascavel
2453023;CASCAVEL - OCEPAR;1994;3;77.2;bruto;Cascavel
2453023;CASCAVEL - OCEPAR;1994;4;123.8;bruto;Cascavel
2453023;CASCAVEL - OCEPAR;1994;5;272.9;bruto;Cascavel
2453023;CASCAVEL - OCEPAR;1994;6;240.6;bruto;Cascavel
2453023;CASCAVEL - OCEPAR;1994;7;146.2;bruto;Cascavel
2453023;CASCAVEL - OCEPAR;1994;8;24.4;bruto;Cascavel
2453023;CASCAVEL - OCEPAR;1994;9;82.9;bruto;Cascavel
2453023;CASCAVEL - OCEPAR;1994;10;215.9;bruto;Cascavel
2453023;CASCAVEL - OCEPAR;1994;11;166.4;bruto;Cascavel
2453023;CASCAVEL - OCEPAR;1994;12;276.2;bruto;Cascavel
2453023;CASCAVEL - OCEPAR;1995;1;355.0;bruto;Cascavel
2453023;CASCAVEL - OCEPAR;1995;2;65.4;bruto;Cascavel
2453023;CASCAVEL - OCEPAR;1995;3;146.2;bruto;Cascavel
2453023;CASCAVEL - OCEPAR;1995;4;167.6;bruto;Cascavel
2453023;CASCAVEL - OCEPAR;1995;5;21.8;bruto;Cascavel
2453023;CASCAVEL - OCEPAR;1995;6;85.7;bruto;Cascavel
2453023;CASCAVEL - OCEPAR;1995;7;183.6;bruto;Cascavel
2453023;CASCAVEL - OCEPAR;1995;8;21.1;bruto;Cascavel
2453023;CASCAVEL - OCEPAR;1995;9;179.6;bruto;Cascavel
2453023;CASCAVEL - OCEPAR;1995;10;326.8;bruto;Cascavel
2453023;CASCAVEL - OCEPAR;1995;11;179.1;bruto;Cascavel
2453023;CASCAVEL - OCEPAR;1995;12;109.3;bruto;Cascavel
2453023;CASCAVEL - OCEPAR;1996;1;264.8;bruto;Cascavel
2453023;CASCAVEL - OCEPAR;1996;2;267.8;bruto;Cascavel
2453023;CASCAVEL - OCEPAR;1996;3;308.5;bruto;Cascavel
2453023;CASCAVEL - OCEPAR;1996;4;166.9;bruto;Cascavel
2453023;CASCAVEL - OCEPAR;1996;5;79.9;bruto;Cascavel
2453023;CASCAVEL - OCEPAR;1996;6;61.5;bruto;Cascavel
2453023;CASCAVEL - OCEPAR;1996;7;38.5;bruto;Cascavel
2453023;CASCAVEL - OCEPAR;1996;8;52.7;bruto;Cascavel
2453023;CASCAVEL - OCEPAR;1996;9;135.7;bruto;Cascavel
2453023;CASCAVEL - OCEPAR;1996;10;377.8;bruto;Cascavel
2453023;CASCAVEL - OCEPAR;1996;11;74.9;bruto;Cascavel
2453023;CASCAVEL - OCEPAR;1996;12;391.0;bruto;Cascavel
2453023;CASCAVEL - OCEPAR;1997;1;140.6;bruto;Cascavel
2453023;CASCAVEL - OCEPAR;1997;2;142.6;bruto;Cascavel
2453023;CASCAVEL - OCEPAR;1997;3;29.1;bruto;Cascavel
2453023;CASCAVEL - OCEPAR;1997;4;31.4;bruto;Cascavel
2453023;CASCAVEL - OCEPAR;1997;5;204.2;bruto;Cascavel
2453023;CASCAVEL - OCEPAR;1997;6;261.6;bruto;Cascavel
2453023;CASCAVEL - OCEPAR;1997;7;69.7;bruto;Cascavel
2453023;CASCAVEL - OCEPAR;1997;8;159.4;bruto;Cascavel
2453023;CASCAVEL - OCEPAR;1997;9;286.9;bruto;Cascavel
2453023;CASCAVEL - OCEPAR;1997;10;303.4;bruto;Cascavel
2453023;CASCAVEL - OCEPAR;1997;11;306.6;bruto;Cascavel
2453023;CASCAVEL - OCEPAR;1997;12;131.5;bruto;Cascavel
2453023;CASCAVEL - OCEPAR;1998;1;106.2;bruto;Cascavel
2453023;CASCAVEL - OCEPAR;1998;2;321.7;bruto;Cascavel
2453023;CASCAVEL - OCEPAR;1998;3;234.8;bruto;Cascavel
2453023;CASCAVEL - OCEPAR;1998;4;416.8;bruto;Cascavel
2453023;CASCAVEL - OCEPAR;1998;5;190.0;bruto;Cascavel
2453023;CASCAVEL - OCEPAR;1998;6;69.0;bruto;Cascavel
2453023;CASCAVEL - OCEPAR;1998;7;33.4;bruto;Cascavel
2453023;CASCAVEL - OCEPAR;1998;8;250.7;bruto;Cascavel
2453023;CASCAVEL - OCEPAR;1998;9;272.6;bruto;Cascavel
2453023;CASCAVEL - OCEPAR;1998;10;284.3;bruto;Cascavel
2453023;CASCAVEL - OCEPAR;1998;11;66.4;bruto;Cascavel
2453023;CASCAVEL - OCEPAR;1998;12;240.4;bruto;Cascavel
2453023;CASCAVEL - OCEPAR;1999;1;231.6;bruto;Cascavel
2453023;CASCAVEL - OCEPAR;1999;2;180.3;bruto;Cascavel
2453023;CASCAVEL - OCEPAR;1999;3;83.6;bruto;Cascavel
2453023;CASCAVEL - OCEPAR;1999;4;232.3;bruto;Cascavel
2453023;CASCAVEL - OCEPAR;1999;5;131.5;bruto;Cascavel
2453023;CASCAVEL - OCEPAR;1999;6;168.6;bruto;Cascavel
2453023;CASCAVEL - OCEPAR;1999;7;64.1;bruto;Cascavel
2453023;CASCAVEL - OCEPAR;1999;8;1.6;bruto;Cascavel
2453023;CASCAVEL - OCEPAR;1999;9;148.6;bruto;Cascavel
2453023;CASCAVEL - OCEPAR;1999;10;27.1;bruto;Cascavel
2453023;CASCAVEL - OCEPAR;1999;11;43.4;bruto;Cascavel
2453023;CASCAVEL - OCEPAR;1999;12;196.8;bruto;Cascavel
2453023;CASCAVEL - OCEPAR;2000;1;126.2;bruto;Cascavel
2453023;CASCAVEL - OCEPAR;2000;2;346.9;bruto;Cascavel
2453023;CASCAVEL - OCEPAR;2000;3;77.0;bruto;Cascavel
2453023;CASCAVEL - OCEPAR;2000;4;59.0;bruto;Cascavel
2453023;CASCAVEL - OCEPAR;2000;5;72.0;bruto;Cascavel
2453023;CASCAVEL - OCEPAR;2000;6;105.8;bruto;Cascavel
2453023;CASCAVEL - OCEPAR;2000;7;16.6;bruto;Cascavel
2453023;CASCAVEL - OCEPAR;2000;8;39.6;bruto;Cascavel
2453023;CASCAVEL - OCEPAR;2000;9;31.2;bruto;Cascavel
2453023;CASCAVEL - OCEPAR;2000;10;303.0;bruto;Cascavel
2453023;CASCAVEL - OCEPAR;2000;11;441.4;bruto;Cascavel
2453023;CASCAVEL - OCEPAR;2000;12;372.6;bruto;Cascavel
2453023;CASCAVEL - OCEPAR;2001;1;182.8;bruto;Cascavel
2453023;CASCAVEL - OCEPAR;2001;2;273.4;bruto;Cascavel
2453023;CASCAVEL - OCEPAR;2001;3;137.6;bruto;Cascavel
2453023;CASCAVEL - OCEPAR;2001;4;112.0;bruto;Cascavel
2453023;CASCAVEL - OCEPAR;2001;5;178.4;bruto;Cascavel
2453023;CASCAVEL - OCEPAR;2001;6;343.4;bruto;Cascavel
2453023;CASCAVEL - OCEPAR;2001;7;86.8;bruto;Cascavel
2453023;CASCAVEL - OCEPAR;2001;8;102.0;bruto;Cascavel
2453023;CASCAVEL - OCEPAR;2001;9;215.4;bruto;Cascavel
2453023;CASCAVEL - OCEPAR;2001;10;158.8;bruto;Cascavel
2453023;CASCAVEL - OCEPAR;2001;11;204.2;bruto;Cascavel
2453023;CASCAVEL - OCEPAR;2001;12;94.4;bruto;Cascavel
2453023;CASCAVEL - OCEPAR;2002;1;182.4;bruto;Cascavel
2453023;CASCAVEL - OCEPAR;2002;2;49.6;bruto;Cascavel
2453023;CASCAVEL - OCEPAR;2002;3;111.3;bruto;Cascavel
2453023;CASCAVEL - OCEPAR;2002;4;33.0;bruto;Cascavel
2453023;CASCAVEL - OCEPAR;2002;5;531.6;bruto;Cascavel
2453023;CASCAVEL - OCEPAR;2002;6;7.8;bruto;Cascavel
2453023;CASCAVEL - OCEPAR;2002;7;55.6;bruto;Cascavel
2453023;CASCAVEL - OCEPAR;2002;8;127.2;bruto;Cascavel
2453023;CASCAVEL - OCEPAR;2002;9;103.6;bruto;Cascavel
2453023;CASCAVEL - OCEPAR;2002;10;201.8;bruto;Cascavel
2453023;CASCAVEL - OCEPAR;2002;11;317.4;bruto;Cascavel
2453023;CASCAVEL - OCEPAR;2002;12;131.0;bruto;Cascavel
2453023;CASCAVEL - OCEPAR;2003;1;168.4;bruto;Cascavel
2453023;CASCAVEL - OCEPAR;2003;2;156.6;bruto;Cascavel
2453023;CASCAVEL - OCEPAR;2003;3;198.2;bruto;Cascavel
2453023;CASCAVEL - OCEPAR;2003;4;129.0;bruto;Cascavel
2453023;CASCAVEL - OCEPAR;2003;5;5.2;bruto;Cascavel
2453023;CASCAVEL - OCEPAR;2003;6;128.2;bruto;Cascavel
2453023;CASCAVEL - OCEPAR;2003;7;151.2;bruto;Cascavel
2453023;CASCAVEL - OCEPAR;2003;8;89.2;bruto;Cascavel
2453023;CASCAVEL - OCEPAR;2003;9;106.2;bruto;Cascavel
2453023;CASCAVEL - OCEPAR;2003;10;247.4;bruto;Cascavel
2453023;CASCAVEL - OCEPAR;2003;11;152.4;bruto;Cascavel
2453023;CASCAVEL - OCEPAR;2003;12;268.4;bruto;Cascavel
2453023;CASCAVEL - OCEPAR;2004;1;52.0;bruto;Cascavel
2453023;CASCAVEL - OCEPAR;2004;2;89.8;bruto;Cascavel
2453023;CASCAVEL - OCEPAR;2004;3;96.8;bruto;Cascavel
2453023;CASCAVEL - OCEPAR;2004;4;91.2;bruto;Cascavel
2453023;CASCAVEL - OCEPAR;2004;5;198.2;bruto;Cascavel
2453023;CASCAVEL - OCEPAR;2004;6;116.2;bruto;Cascavel
2453023;CASCAVEL - OCEPAR;2004;7;134.8;bruto;Cascavel
2453023;CASCAVEL - OCEPAR;2004;8;24.2;bruto;Cascavel
2453023;CASCAVEL - OCEPAR;2004;9;61.4;bruto;Cascavel
2453023;CASCAVEL - OCEPAR;2004;10;442.2;bruto;Cascavel
2453023;CASCAVEL - OCEPAR;2004;11;180.4;bruto;Cascavel
2453023;CASCAVEL - OCEPAR;2004;12;40.8;bruto;Cascavel
2453023;CASCAVEL - OCEPAR;2005;1;90.4;bruto;Cascavel
2453023;CASCAVEL - OCEPAR;2005;2;24.4;bruto;Cascavel
2453023;CASCAVEL - OCEPAR;2005;3;127.4;bruto;Cascavel
2453023;CASCAVEL - OCEPAR;2005;4;148.6;bruto;Cascavel
2453023;CASCAVEL - OCEPAR;2005;5;233.2;bruto;Cascavel
2453023;CASCAVEL - OCEPAR;2005;6;224.8;bruto;Cascavel
2453023;CASCAVEL - OCEPAR;2005;7;54.0;bruto;Cascavel
2453023;CASCAVEL - OCEPAR;2005;8;97.0;bruto;Cascavel
2453023;CASCAVEL - OCEPAR;2005;9;120.8;bruto;Cascavel
2453023;CASCAVEL - OCEPAR;2005;10;492.0;bruto;Cascavel
2453023;CASCAVEL - OCEPAR;2005;11;35.0;bruto;Cascavel
2453023;CASCAVEL - OCEPAR;2005;12;61.8;bruto;Cascavel
2453023;CASCAVEL - OCEPAR;2006;1;175.2;bruto;Cascavel
2453023;CASCAVEL - OCEPAR;2006;2;55.5;bruto;Cascavel
2453023;CASCAVEL - OCEPAR;2006;3;135.4;bruto;Cascavel
2453023;CASCAVEL - OCEPAR;2006;4;158.0;bruto;Cascavel
2453023;CASCAVEL - OCEPAR;2006;5;7.4;bruto;Cascavel
2453023;CASCAVEL - OCEPAR;2006;6;70.4;bruto;Cascavel
2453023;CASCAVEL - OCEPAR;2006;7;37.2;bruto;Cascavel
2453023;CASCAVEL - OCEPAR;2006;8;65.2;bruto;Cascavel
2453023;CASCAVEL - OCEPAR;2006;9;156.4;bruto;Cascavel
2453023;CASCAVEL - OCEPAR;2006;10;96.2;bruto;Cascavel
2453023;CASCAVEL - OCEPAR;2006;11;219.4;bruto;Cascavel
2453023;CASCAVEL - OCEPAR;2006;12;141.8;bruto;Cascavel
2453023;CASCAVEL - OCEPAR;2007;1;170.6;bruto;Cascavel
2453023;CASCAVEL - OCEPAR;2007;2;128.8;bruto;Cascavel
2453023;CASCAVEL - OCEPAR;2007;3;197.4;bruto;Cascavel
2453023;CASCAVEL - OCEPAR;2007;4;230.8;bruto;Cascavel
2453023;CASCAVEL - OCEPAR;2007;5;141.8;bruto;Cascavel
2453023;CASCAVEL - OCEPAR;2007;6;9.5;bruto;Cascavel
2453023;CASCAVEL - OCEPAR;2007;7;61.4;bruto;Cascavel
2453023;CASCAVEL - OCEPAR;2007;8;10.2;bruto;Cascavel
2453023;CASCAVEL - OCEPAR;2007;9;8.4;bruto;Cascavel
2453023;CASCAVEL - OCEPAR;2007;10;87.4;bruto;Cascavel
2453023;CASCAVEL - OCEPAR;2007;11;190.0;bruto;Cascavel
2453023;CASCAVEL - OCEPAR;2007;12;218.2;bruto;Cascavel
2453023;CASCAVEL - OCEPAR;2008;1;181.8;bruto;Cascavel
2453023;CASCAVEL - OCEPAR;2008;2;161.8;bruto;Cascavel
2453023;CASCAVEL - OCEPAR;2008;3;77.8;bruto;Cascavel
2453023;CASCAVEL - OCEPAR;2008;4;158.0;bruto;Cascavel
2453023;CASCAVEL - OCEPAR;2008;5;72.2;bruto;Cascavel
2453023;CASCAVEL - OCEPAR;2008;6;136.6;bruto;Cascavel
2453023;CASCAVEL - OCEPAR;2008;7;68.6;bruto;Cascavel
2453023;CASCAVEL - OCEPAR;2008;8;155.6;bruto;Cascavel
2453023;CASCAVEL - OCEPAR;2008;9;75.0;bruto;Cascavel
2453023;CASCAVEL - OCEPAR;2008;10;246.0;bruto;Cascavel
2453023;CASCAVEL - OCEPAR;2008;11;174.4;bruto;Cascavel
2453023;CASCAVEL - OCEPAR;2008;12;35.0;bruto;Cascavel
2453023;CASCAVEL - OCEPAR;2009;1;213.8;bruto;Cascavel
2453023;CASCAVEL - OCEPAR;2009;2;231.2;bruto;Cascavel
2453023;CASCAVEL - OCEPAR;2009;3;77.8;bruto;Cascavel
2453023;CASCAVEL - OCEPAR;2009;4;60.2;bruto;Cascavel
2453023;CASCAVEL - OCEPAR;2009;5;188.8;bruto;Cascavel
2453023;CASCAVEL - OCEPAR;2009;6;149.2;bruto;Cascavel
2453023;CASCAVEL - OCEPAR;2009;7;168.4;bruto;Cascavel
2453023;CASCAVEL - OCEPAR;2009;8;71.6;bruto;Cascavel
2453023;CASCAVEL - OCEPAR;2009;9;228.7;consistido;Cascavel
2453023;CASCAVEL - OCEPAR;2009;10;335.0;consistido;Cascavel
2453023;CASCAVEL - OCEPAR;2009;11;;sem_leitura;Cascavel
2453023;CASCAVEL - OCEPAR;2009;12;241.0;bruto;Cascavel
2453023;CASCAVEL - OCEPAR;2010;1;174.8;bruto;Cascavel
2453023;CASCAVEL - OCEPAR;2010;2;;sem_leitura;Cascavel
2453023;CASCAVEL - OCEPAR;2010;3;160.4;bruto;Cascavel
2453023;CASCAVEL - OCEPAR;2010;4;;sem_leitura;Cascavel
2453023;CASCAVEL - OCEPAR;2010;5;;sem_leitura;Cascavel
2453023;CASCAVEL - OCEPAR;2010;6;;sem_leitura;Cascavel
2453023;CASCAVEL - OCEPAR;2010;7;;sem_leitura;Cascavel
2453023;CASCAVEL - OCEPAR;2010;8;;sem_leitura;Cascavel
2453023;CASCAVEL - OCEPAR;2010;9;;sem_leitura;Cascavel
2453023;CASCAVEL - OCEPAR;2010;10;;sem_leitura;Cascavel
2453023;CASCAVEL - OCEPAR;2010;11;;sem_leitura;Cascavel
2453023;CASCAVEL - OCEPAR;2010;12;;sem_leitura;Cascavel
2453027;BOM PRINCIPIO;1986;1;117.4;bruto;Toledo
2453027;BOM PRINCIPIO;1986;2;320.8;bruto;Toledo
2453027;BOM PRINCIPIO;1986;3;112.3;bruto;Toledo
2453027;BOM PRINCIPIO;1986;4;145.0;bruto;Toledo
2453027;BOM PRINCIPIO;1986;5;393.0;bruto;Toledo
2453027;BOM PRINCIPIO;1986;6;20.8;bruto;Toledo
2453027;BOM PRINCIPIO;1986;7;82.2;bruto;Toledo
2453027;BOM PRINCIPIO;1986;8;135.2;bruto;Toledo
2453027;BOM PRINCIPIO;1986;9;163.8;bruto;Toledo
2453027;BOM PRINCIPIO;1986;10;162.9;bruto;Toledo
2453027;BOM PRINCIPIO;1986;11;122.4;bruto;Toledo
2453027;BOM PRINCIPIO;1986;12;215.8;bruto;Toledo
2453027;BOM PRINCIPIO;1987;1;94.2;bruto;Toledo
2453027;BOM PRINCIPIO;1987;2;350.0;bruto;Toledo
2453027;BOM PRINCIPIO;1987;3;106.2;bruto;Toledo
2453027;BOM PRINCIPIO;1987;4;286.5;bruto;Toledo
2453027;BOM PRINCIPIO;1987;5;365.0;bruto;Toledo
2453027;BOM PRINCIPIO;1987;6;103.8;bruto;Toledo
2453027;BOM PRINCIPIO;1987;7;60.4;bruto;Toledo
2453027;BOM PRINCIPIO;1987;8;57.2;bruto;Toledo
2453027;BOM PRINCIPIO;1987;9;13.6;bruto;Toledo
2453027;BOM PRINCIPIO;1987;10;157.0;bruto;Toledo
2453027;BOM PRINCIPIO;1987;11;204.0;bruto;Toledo
2453027;BOM PRINCIPIO;1987;12;170.4;bruto;Toledo
2453027;BOM PRINCIPIO;1988;1;94.6;bruto;Toledo
2453027;BOM PRINCIPIO;1988;2;107.4;bruto;Toledo
2453027;BOM PRINCIPIO;1988;3;44.6;bruto;Toledo
2453027;BOM PRINCIPIO;1988;4;194.0;bruto;Toledo
2453027;BOM PRINCIPIO;1988;5;219.2;bruto;Toledo
2453027;BOM PRINCIPIO;1988;6;111.4;bruto;Toledo
2453027;BOM PRINCIPIO;1988;7;14.0;bruto;Toledo
2453027;BOM PRINCIPIO;1988;8;10.6;bruto;Toledo
2453027;BOM PRINCIPIO;1988;9;9.6;bruto;Toledo
2453027;BOM PRINCIPIO;1988;10;119.0;bruto;Toledo
2453027;BOM PRINCIPIO;1988;11;114.4;bruto;Toledo
2453027;BOM PRINCIPIO;1988;12;222.2;bruto;Toledo
2453027;BOM PRINCIPIO;1989;1;218.4;bruto;Toledo
2453027;BOM PRINCIPIO;1989;2;160.8;bruto;Toledo
2453027;BOM PRINCIPIO;1989;3;110.6;bruto;Toledo
2453027;BOM PRINCIPIO;1989;4;143.8;bruto;Toledo
2453027;BOM PRINCIPIO;1989;5;117.2;bruto;Toledo
2453027;BOM PRINCIPIO;1989;6;168.6;bruto;Toledo
2453027;BOM PRINCIPIO;1989;7;120.2;bruto;Toledo
2453027;BOM PRINCIPIO;1989;8;219.0;bruto;Toledo
2453027;BOM PRINCIPIO;1989;9;228.0;bruto;Toledo
2453027;BOM PRINCIPIO;1989;10;202.2;bruto;Toledo
2453027;BOM PRINCIPIO;1989;11;63.8;bruto;Toledo
2453027;BOM PRINCIPIO;1989;12;135.2;bruto;Toledo
2453027;BOM PRINCIPIO;1990;1;270.4;bruto;Toledo
2453027;BOM PRINCIPIO;1990;2;37.0;bruto;Toledo
2453027;BOM PRINCIPIO;1990;3;167.2;bruto;Toledo
2453027;BOM PRINCIPIO;1990;4;171.8;bruto;Toledo
2453027;BOM PRINCIPIO;1990;5;171.6;bruto;Toledo
2453027;BOM PRINCIPIO;1990;6;194.6;bruto;Toledo
2453027;BOM PRINCIPIO;1990;7;113.0;bruto;Toledo
2453027;BOM PRINCIPIO;1990;8;161.0;bruto;Toledo
2453027;BOM PRINCIPIO;1990;9;316.6;bruto;Toledo
2453027;BOM PRINCIPIO;1990;10;128.0;bruto;Toledo
2453027;BOM PRINCIPIO;1990;11;235.0;bruto;Toledo
2453027;BOM PRINCIPIO;1990;12;128.4;bruto;Toledo
2453027;BOM PRINCIPIO;1991;1;244.8;bruto;Toledo
2453027;BOM PRINCIPIO;1991;2;55.2;bruto;Toledo
2453027;BOM PRINCIPIO;1991;3;155.2;bruto;Toledo
2453027;BOM PRINCIPIO;1991;4;173.0;bruto;Toledo
2453027;BOM PRINCIPIO;1991;5;53.2;bruto;Toledo
2453027;BOM PRINCIPIO;1991;6;161.2;bruto;Toledo
2453027;BOM PRINCIPIO;1991;7;15.0;bruto;Toledo
2453027;BOM PRINCIPIO;1991;8;0.2;bruto;Toledo
2453027;BOM PRINCIPIO;1991;9;221.8;bruto;Toledo
2453027;BOM PRINCIPIO;1991;10;178.9;bruto;Toledo
2453027;BOM PRINCIPIO;1991;11;164.4;bruto;Toledo
2453027;BOM PRINCIPIO;1991;12;370.5;bruto;Toledo
2453027;BOM PRINCIPIO;1992;1;62.3;bruto;Toledo
2453027;BOM PRINCIPIO;1992;2;168.8;bruto;Toledo
2453027;BOM PRINCIPIO;1992;3;206.5;bruto;Toledo
2453027;BOM PRINCIPIO;1992;4;242.0;bruto;Toledo
2453027;BOM PRINCIPIO;1992;5;575.9;bruto;Toledo
2453027;BOM PRINCIPIO;1992;6;128.8;bruto;Toledo
2453027;BOM PRINCIPIO;1992;7;184.8;bruto;Toledo
2453027;BOM PRINCIPIO;1992;8;176.6;bruto;Toledo
2453027;BOM PRINCIPIO;1992;9;140.9;bruto;Toledo
2453027;BOM PRINCIPIO;1992;10;213.0;bruto;Toledo
2453027;BOM PRINCIPIO;1992;11;202.2;bruto;Toledo
2453027;BOM PRINCIPIO;1992;12;170.1;bruto;Toledo
2453027;BOM PRINCIPIO;1993;1;155.8;bruto;Toledo
2453027;BOM PRINCIPIO;1993;2;39.6;bruto;Toledo
2453027;BOM PRINCIPIO;1993;3;161.4;bruto;Toledo
2453027;BOM PRINCIPIO;1993;4;84.1;bruto;Toledo
2453027;BOM PRINCIPIO;1993;5;279.8;bruto;Toledo
2453027;BOM PRINCIPIO;1993;6;117.1;bruto;Toledo
2453027;BOM PRINCIPIO;1993;7;170.3;bruto;Toledo
2453027;BOM PRINCIPIO;1993;8;0.6;bruto;Toledo
2453027;BOM PRINCIPIO;1993;9;237.2;bruto;Toledo
2453027;BOM PRINCIPIO;1993;10;198.7;bruto;Toledo
2453027;BOM PRINCIPIO;1993;11;162.9;bruto;Toledo
2453027;BOM PRINCIPIO;1993;12;95.0;bruto;Toledo
2453027;BOM PRINCIPIO;1994;1;197.1;bruto;Toledo
2453027;BOM PRINCIPIO;1994;2;205.4;bruto;Toledo
2453027;BOM PRINCIPIO;1994;3;84.3;bruto;Toledo
2453027;BOM PRINCIPIO;1994;4;96.5;bruto;Toledo
2453027;BOM PRINCIPIO;1994;5;157.1;bruto;Toledo
2453027;BOM PRINCIPIO;1994;6;234.7;bruto;Toledo
2453027;BOM PRINCIPIO;1994;7;119.7;bruto;Toledo
2453027;BOM PRINCIPIO;1994;8;26.1;bruto;Toledo
2453027;BOM PRINCIPIO;1994;9;75.8;bruto;Toledo
2453027;BOM PRINCIPIO;1994;10;232.3;bruto;Toledo
2453027;BOM PRINCIPIO;1994;11;157.6;bruto;Toledo
2453027;BOM PRINCIPIO;1994;12;258.3;bruto;Toledo
2453027;BOM PRINCIPIO;1995;1;472.4;bruto;Toledo
2453027;BOM PRINCIPIO;1995;2;105.7;bruto;Toledo
2453027;BOM PRINCIPIO;1995;3;114.7;bruto;Toledo
2453027;BOM PRINCIPIO;1995;4;222.0;bruto;Toledo
2453027;BOM PRINCIPIO;1995;5;23.7;bruto;Toledo
2453027;BOM PRINCIPIO;1995;6;104.2;bruto;Toledo
2453027;BOM PRINCIPIO;1995;7;190.1;bruto;Toledo
2453027;BOM PRINCIPIO;1995;8;25.1;bruto;Toledo
2453027;BOM PRINCIPIO;1995;9;160.9;bruto;Toledo
2453027;BOM PRINCIPIO;1995;10;330.0;bruto;Toledo
2453027;BOM PRINCIPIO;1995;11;73.4;bruto;Toledo
2453027;BOM PRINCIPIO;1995;12;81.7;bruto;Toledo
2453027;BOM PRINCIPIO;1996;1;204.9;bruto;Toledo
2453027;BOM PRINCIPIO;1996;2;163.0;bruto;Toledo
2453027;BOM PRINCIPIO;1996;3;316.0;bruto;Toledo
2453027;BOM PRINCIPIO;1996;4;94.3;bruto;Toledo
2453027;BOM PRINCIPIO;1996;5;32.3;bruto;Toledo
2453027;BOM PRINCIPIO;1996;6;67.6;bruto;Toledo
2453027;BOM PRINCIPIO;1996;7;27.1;bruto;Toledo
2453027;BOM PRINCIPIO;1996;8;35.3;bruto;Toledo
2453027;BOM PRINCIPIO;1996;9;141.8;bruto;Toledo
2453027;BOM PRINCIPIO;1996;10;354.7;bruto;Toledo
2453027;BOM PRINCIPIO;1996;11;163.4;bruto;Toledo
2453027;BOM PRINCIPIO;1996;12;287.7;bruto;Toledo
2453027;BOM PRINCIPIO;1997;1;158.6;bruto;Toledo
2453027;BOM PRINCIPIO;1997;2;277.7;bruto;Toledo
2453027;BOM PRINCIPIO;1997;3;58.1;bruto;Toledo
2453027;BOM PRINCIPIO;1997;4;38.8;bruto;Toledo
2453027;BOM PRINCIPIO;1997;5;217.2;bruto;Toledo
2453027;BOM PRINCIPIO;1997;6;328.6;bruto;Toledo
2453027;BOM PRINCIPIO;1997;7;86.7;bruto;Toledo
2453027;BOM PRINCIPIO;1997;8;115.1;bruto;Toledo
2453027;BOM PRINCIPIO;1997;9;274.2;bruto;Toledo
2453027;BOM PRINCIPIO;1997;10;353.3;bruto;Toledo
2453027;BOM PRINCIPIO;1997;11;315.2;bruto;Toledo
2453027;BOM PRINCIPIO;1997;12;67.5;bruto;Toledo
2453027;BOM PRINCIPIO;1998;1;156.8;bruto;Toledo
2453027;BOM PRINCIPIO;1998;2;281.2;bruto;Toledo
2453027;BOM PRINCIPIO;1998;3;265.7;bruto;Toledo
2453027;BOM PRINCIPIO;1998;4;382.0;bruto;Toledo
2453027;BOM PRINCIPIO;1998;5;159.0;bruto;Toledo
2453027;BOM PRINCIPIO;1998;6;63.9;bruto;Toledo
2453027;BOM PRINCIPIO;1998;7;33.0;bruto;Toledo
2453027;BOM PRINCIPIO;1998;8;249.1;bruto;Toledo
2453027;BOM PRINCIPIO;1998;9;343.7;bruto;Toledo
2453027;BOM PRINCIPIO;1998;10;300.9;bruto;Toledo
2453027;BOM PRINCIPIO;1998;11;150.1;bruto;Toledo
2453027;BOM PRINCIPIO;1998;12;193.1;bruto;Toledo
2453027;BOM PRINCIPIO;1999;1;130.8;bruto;Toledo
2453027;BOM PRINCIPIO;1999;2;194.3;bruto;Toledo
2453027;BOM PRINCIPIO;1999;3;146.8;bruto;Toledo
2453027;BOM PRINCIPIO;1999;4;150.6;bruto;Toledo
2453027;BOM PRINCIPIO;1999;5;153.4;bruto;Toledo
2453027;BOM PRINCIPIO;1999;6;169.2;bruto;Toledo
2453027;BOM PRINCIPIO;1999;7;45.0;bruto;Toledo
2453027;BOM PRINCIPIO;1999;8;0.0;bruto;Toledo
2453027;BOM PRINCIPIO;1999;9;165.4;bruto;Toledo
2453027;BOM PRINCIPIO;1999;10;44.6;bruto;Toledo
2453027;BOM PRINCIPIO;1999;11;38.1;bruto;Toledo
2453027;BOM PRINCIPIO;1999;12;161.1;bruto;Toledo
2453027;BOM PRINCIPIO;2000;1;208.9;bruto;Toledo
2453027;BOM PRINCIPIO;2000;2;301.1;bruto;Toledo
2453027;BOM PRINCIPIO;2000;3;77.7;bruto;Toledo
2453027;BOM PRINCIPIO;2000;4;69.9;bruto;Toledo
2453027;BOM PRINCIPIO;2000;5;96.8;bruto;Toledo
2453027;BOM PRINCIPIO;2000;6;170.9;bruto;Toledo
2453027;BOM PRINCIPIO;2000;7;115.8;bruto;Toledo
2453027;BOM PRINCIPIO;2000;8;124.4;bruto;Toledo
2453027;BOM PRINCIPIO;2000;9;229.5;bruto;Toledo
2453027;BOM PRINCIPIO;2000;10;236.4;bruto;Toledo
2453027;BOM PRINCIPIO;2000;11;183.3;bruto;Toledo
2453027;BOM PRINCIPIO;2000;12;294.8;bruto;Toledo
2453027;BOM PRINCIPIO;2001;1;243.4;bruto;Toledo
2453027;BOM PRINCIPIO;2001;2;250.2;bruto;Toledo
2453027;BOM PRINCIPIO;2001;3;121.3;bruto;Toledo
2453027;BOM PRINCIPIO;2001;4;133.1;bruto;Toledo
2453027;BOM PRINCIPIO;2001;5;134.0;bruto;Toledo
2453027;BOM PRINCIPIO;2001;6;120.0;bruto;Toledo
2453027;BOM PRINCIPIO;2001;7;66.5;bruto;Toledo
2453027;BOM PRINCIPIO;2001;8;53.4;bruto;Toledo
2453027;BOM PRINCIPIO;2001;9;173.0;bruto;Toledo
2453027;BOM PRINCIPIO;2001;10;96.8;bruto;Toledo
2453027;BOM PRINCIPIO;2001;11;295.3;bruto;Toledo
2453027;BOM PRINCIPIO;2001;12;98.5;bruto;Toledo
2453027;BOM PRINCIPIO;2002;1;197.3;bruto;Toledo
2453027;BOM PRINCIPIO;2002;2;155.3;bruto;Toledo
2453027;BOM PRINCIPIO;2002;3;33.4;bruto;Toledo
2453027;BOM PRINCIPIO;2002;4;50.8;bruto;Toledo
2453027;BOM PRINCIPIO;2002;5;502.7;bruto;Toledo
2453027;BOM PRINCIPIO;2002;6;20.1;bruto;Toledo
2453027;BOM PRINCIPIO;2002;7;66.1;bruto;Toledo
2453027;BOM PRINCIPIO;2002;8;115.8;bruto;Toledo
2453027;BOM PRINCIPIO;2002;9;165.5;bruto;Toledo
2453027;BOM PRINCIPIO;2002;10;252.0;bruto;Toledo
2453027;BOM PRINCIPIO;2002;11;313.6;bruto;Toledo
2453027;BOM PRINCIPIO;2002;12;217.2;bruto;Toledo
2453027;BOM PRINCIPIO;2003;1;165.4;bruto;Toledo
2453027;BOM PRINCIPIO;2003;2;235.5;bruto;Toledo
2453027;BOM PRINCIPIO;2003;3;229.7;bruto;Toledo
2453027;BOM PRINCIPIO;2003;4;124.2;bruto;Toledo
2453027;BOM PRINCIPIO;2003;5;76.6;bruto;Toledo
2453027;BOM PRINCIPIO;2003;6;105.6;bruto;Toledo
2453027;BOM PRINCIPIO;2003;7;172.4;bruto;Toledo
2453027;BOM PRINCIPIO;2003;8;48.5;bruto;Toledo
2453027;BOM PRINCIPIO;2003;9;172.5;bruto;Toledo
2453027;BOM PRINCIPIO;2003;10;219.8;bruto;Toledo
2453027;BOM PRINCIPIO;2003;11;162.9;bruto;Toledo
2453027;BOM PRINCIPIO;2003;12;368.2;bruto;Toledo
2453027;BOM PRINCIPIO;2004;1;67.7;bruto;Toledo
2453027;BOM PRINCIPIO;2004;2;29.6;bruto;Toledo
2453027;BOM PRINCIPIO;2004;3;90.0;bruto;Toledo
2453027;BOM PRINCIPIO;2004;4;167.0;bruto;Toledo
2453027;BOM PRINCIPIO;2004;5;293.0;bruto;Toledo
2453027;BOM PRINCIPIO;2004;6;126.8;bruto;Toledo
2453027;BOM PRINCIPIO;2004;7;106.6;bruto;Toledo
2453027;BOM PRINCIPIO;2004;8;19.3;bruto;Toledo
2453027;BOM PRINCIPIO;2004;9;67.3;bruto;Toledo
2453027;BOM PRINCIPIO;2004;10;335.6;bruto;Toledo
2453027;BOM PRINCIPIO;2004;11;237.0;bruto;Toledo
2453027;BOM PRINCIPIO;2004;12;40.6;bruto;Toledo
2453027;BOM PRINCIPIO;2005;1;167.0;bruto;Toledo
2453027;BOM PRINCIPIO;2005;2;10.0;bruto;Toledo
2453027;BOM PRINCIPIO;2005;3;33.6;bruto;Toledo
2453027;BOM PRINCIPIO;2005;4;152.6;bruto;Toledo
2453027;BOM PRINCIPIO;2005;5;199.3;bruto;Toledo
2453027;BOM PRINCIPIO;2005;6;278.5;bruto;Toledo
2453027;BOM PRINCIPIO;2005;7;44.4;bruto;Toledo
2453027;BOM PRINCIPIO;2005;8;93.0;bruto;Toledo
2453027;BOM PRINCIPIO;2005;9;147.1;bruto;Toledo
2453027;BOM PRINCIPIO;2005;10;406.9;bruto;Toledo
2453027;BOM PRINCIPIO;2005;11;43.6;bruto;Toledo
2453027;BOM PRINCIPIO;2005;12;53.9;bruto;Toledo
2453027;BOM PRINCIPIO;2006;1;274.4;bruto;Toledo
2453027;BOM PRINCIPIO;2006;2;75.5;bruto;Toledo
2453027;BOM PRINCIPIO;2006;3;121.2;bruto;Toledo
2453027;BOM PRINCIPIO;2006;4;182.2;bruto;Toledo
2453027;BOM PRINCIPIO;2006;5;8.9;bruto;Toledo
2453027;BOM PRINCIPIO;2006;6;103.1;bruto;Toledo
2453027;BOM PRINCIPIO;2006;7;35.0;bruto;Toledo
2453027;BOM PRINCIPIO;2006;8;88.1;bruto;Toledo
2453027;BOM PRINCIPIO;2006;9;149.2;bruto;Toledo
2453027;BOM PRINCIPIO;2006;10;195.1;bruto;Toledo
2453027;BOM PRINCIPIO;2006;11;334.5;bruto;Toledo
2453027;BOM PRINCIPIO;2006;12;225.8;bruto;Toledo
2453027;BOM PRINCIPIO;2007;1;187.4;bruto;Toledo
2453027;BOM PRINCIPIO;2007;2;230.5;bruto;Toledo
2453027;BOM PRINCIPIO;2007;3;170.0;bruto;Toledo
2453027;BOM PRINCIPIO;2007;4;265.5;bruto;Toledo
2453027;BOM PRINCIPIO;2007;5;252.4;bruto;Toledo
2453027;BOM PRINCIPIO;2007;6;1.9;bruto;Toledo
2453027;BOM PRINCIPIO;2007;7;80.3;bruto;Toledo
2453027;BOM PRINCIPIO;2007;8;12.0;bruto;Toledo
2453027;BOM PRINCIPIO;2007;9;53.5;bruto;Toledo
2453027;BOM PRINCIPIO;2007;10;65.8;bruto;Toledo
2453027;BOM PRINCIPIO;2007;11;183.8;bruto;Toledo
2453027;BOM PRINCIPIO;2007;12;292.2;bruto;Toledo
2453027;BOM PRINCIPIO;2008;1;198.1;bruto;Toledo
2453027;BOM PRINCIPIO;2008;2;219.3;bruto;Toledo
2453027;BOM PRINCIPIO;2008;3;55.0;bruto;Toledo
2453027;BOM PRINCIPIO;2008;4;128.6;bruto;Toledo
2453027;BOM PRINCIPIO;2008;5;98.7;bruto;Toledo
2453027;BOM PRINCIPIO;2008;6;143.1;bruto;Toledo
2453027;BOM PRINCIPIO;2008;7;79.9;bruto;Toledo
2453027;BOM PRINCIPIO;2008;8;164.2;bruto;Toledo
2453027;BOM PRINCIPIO;2008;9;77.4;bruto;Toledo
2453027;BOM PRINCIPIO;2008;10;278.4;bruto;Toledo
2453027;BOM PRINCIPIO;2008;11;152.5;bruto;Toledo
2453027;BOM PRINCIPIO;2008;12;89.7;bruto;Toledo
2453027;BOM PRINCIPIO;2009;1;219.4;bruto;Toledo
2453027;BOM PRINCIPIO;2009;2;151.6;bruto;Toledo
2453027;BOM PRINCIPIO;2009;3;45.4;bruto;Toledo
2453027;BOM PRINCIPIO;2009;4;85.5;bruto;Toledo
2453027;BOM PRINCIPIO;2009;5;301.9;bruto;Toledo
2453027;BOM PRINCIPIO;2009;6;148.5;bruto;Toledo
2453027;BOM PRINCIPIO;2009;7;169.6;bruto;Toledo
2453027;BOM PRINCIPIO;2009;8;100.1;bruto;Toledo
2453027;BOM PRINCIPIO;2009;9;215.8;bruto;Toledo
2453027;BOM PRINCIPIO;2009;10;343.4;bruto;Toledo
2453027;BOM PRINCIPIO;2009;11;146.5;bruto;Toledo
2453027;BOM PRINCIPIO;2009;12;184.8;bruto;Toledo
2453027;BOM PRINCIPIO;2010;1;140.9;bruto;Toledo
2453027;BOM PRINCIPIO;2010;2;240.9;bruto;Toledo
2453027;BOM PRINCIPIO;2010;3;109.1;bruto;Toledo
2453027;BOM PRINCIPIO;2010;4;232.2;bruto;Toledo
2453027;BOM PRINCIPIO;2010;5;94.6;bruto;Toledo
2453027;BOM PRINCIPIO;2010;6;23.5;bruto;Toledo
2453027;BOM PRINCIPIO;2010;7;114.2;bruto;Toledo
2453027;BOM PRINCIPIO;2010;8;12.5;bruto;Toledo
2453027;BOM PRINCIPIO;2010;9;89.8;bruto;Toledo
2453027;BOM PRINCIPIO;2010;10;241.4;bruto;Toledo
2453027;BOM PRINCIPIO;2010;11;122.2;bruto;Toledo
2453027;BOM PRINCIPIO;2010;12;320.6;bruto;Toledo
2453027;BOM PRINCIPIO;2011;1;137.0;bruto;Toledo
2453027;BOM PRINCIPIO;2011;2;323.0;bruto;Toledo
2453027;BOM PRINCIPIO;2011;3;99.8;bruto;Toledo
2453027;BOM PRINCIPIO;2011;4;111.6;bruto;Toledo
2453027;BOM PRINCIPIO;2011;5;7.4;bruto;Toledo
2453027;BOM PRINCIPIO;2011;6;80.7;bruto;Toledo
2453027;BOM PRINCIPIO;2011;7;238.7;bruto;Toledo
2453027;BOM PRINCIPIO;2011;8;300.4;bruto;Toledo
2453027;BOM PRINCIPIO;2011;9;67.7;bruto;Toledo
2453027;BOM PRINCIPIO;2011;10;276.4;bruto;Toledo
2453027;BOM PRINCIPIO;2011;11;140.1;bruto;Toledo
2453027;BOM PRINCIPIO;2011;12;76.1;bruto;Toledo
2453027;BOM PRINCIPIO;2012;1;207.9;bruto;Toledo
2453027;BOM PRINCIPIO;2012;2;62.1;bruto;Toledo
2453027;BOM PRINCIPIO;2012;3;96.7;bruto;Toledo
2453027;BOM PRINCIPIO;2012;4;283.4;bruto;Toledo
2453027;BOM PRINCIPIO;2012;5;86.2;bruto;Toledo
2453027;BOM PRINCIPIO;2012;6;373.9;bruto;Toledo
2453027;BOM PRINCIPIO;2012;7;56.5;bruto;Toledo
2453027;BOM PRINCIPIO;2012;8;2.7;bruto;Toledo
2453027;BOM PRINCIPIO;2012;9;35.2;bruto;Toledo
2453027;BOM PRINCIPIO;2012;10;268.5;bruto;Toledo
2453027;BOM PRINCIPIO;2012;11;155.3;bruto;Toledo
2453027;BOM PRINCIPIO;2012;12;201.5;bruto;Toledo
2453027;BOM PRINCIPIO;2013;1;253.0;bruto;Toledo
2453027;BOM PRINCIPIO;2013;2;316.9;bruto;Toledo
2453027;BOM PRINCIPIO;2013;3;182.6;bruto;Toledo
2453027;BOM PRINCIPIO;2013;4;92.9;bruto;Toledo
2453027;BOM PRINCIPIO;2013;5;350.2;bruto;Toledo
2453027;BOM PRINCIPIO;2013;6;346.3;bruto;Toledo
2453027;BOM PRINCIPIO;2013;7;16.9;bruto;Toledo
2453027;BOM PRINCIPIO;2013;8;25.3;bruto;Toledo
2453027;BOM PRINCIPIO;2013;9;123.5;bruto;Toledo
2453027;BOM PRINCIPIO;2013;10;145.0;bruto;Toledo
2453027;BOM PRINCIPIO;2013;11;194.0;bruto;Toledo
2453027;BOM PRINCIPIO;2013;12;156.2;bruto;Toledo
2453027;BOM PRINCIPIO;2014;1;225.5;bruto;Toledo
2453027;BOM PRINCIPIO;2014;2;57.1;bruto;Toledo
2453027;BOM PRINCIPIO;2014;3;197.5;bruto;Toledo
2453027;BOM PRINCIPIO;2014;4;241.8;bruto;Toledo
2453027;BOM PRINCIPIO;2014;5;232.5;bruto;Toledo
2453027;BOM PRINCIPIO;2014;6;347.8;bruto;Toledo
2453027;BOM PRINCIPIO;2014;7;109.0;bruto;Toledo
2453027;BOM PRINCIPIO;2014;8;33.4;bruto;Toledo
2453027;BOM PRINCIPIO;2014;9;262.1;bruto;Toledo
2453027;BOM PRINCIPIO;2014;10;94.5;bruto;Toledo
2453027;BOM PRINCIPIO;2014;11;172.8;bruto;Toledo
2453027;BOM PRINCIPIO;2014;12;193.3;bruto;Toledo
2453027;BOM PRINCIPIO;2015;1;98.0;bruto;Toledo
2453027;BOM PRINCIPIO;2015;2;391.0;bruto;Toledo
2453027;BOM PRINCIPIO;2015;3;142.0;bruto;Toledo
2453027;BOM PRINCIPIO;2015;4;95.8;bruto;Toledo
2453027;BOM PRINCIPIO;2015;5;263.8;bruto;Toledo
2453027;BOM PRINCIPIO;2015;6;74.4;bruto;Toledo
2453027;BOM PRINCIPIO;2015;7;452.2;bruto;Toledo
2453027;BOM PRINCIPIO;2015;8;52.0;bruto;Toledo
2453027;BOM PRINCIPIO;2015;9;151.8;bruto;Toledo
2453027;BOM PRINCIPIO;2015;10;156.1;bruto;Toledo
2453027;BOM PRINCIPIO;2015;11;298.8;bruto;Toledo
2453027;BOM PRINCIPIO;2015;12;331.2;bruto;Toledo
2453027;BOM PRINCIPIO;2016;1;180.8;bruto;Toledo
2453027;BOM PRINCIPIO;2016;2;271.7;bruto;Toledo
2453027;BOM PRINCIPIO;2016;3;112.5;bruto;Toledo
2453027;BOM PRINCIPIO;2016;4;54.8;bruto;Toledo
2453027;BOM PRINCIPIO;2016;5;248.3;bruto;Toledo
2453027;BOM PRINCIPIO;2016;6;73.7;bruto;Toledo
2453027;BOM PRINCIPIO;2016;7;95.4;bruto;Toledo
2453027;BOM PRINCIPIO;2016;8;263.8;bruto;Toledo
2453027;BOM PRINCIPIO;2016;9;53.0;bruto;Toledo
2453027;BOM PRINCIPIO;2016;10;244.2;bruto;Toledo
2453027;BOM PRINCIPIO;2016;11;192.3;bruto;Toledo
2453027;BOM PRINCIPIO;2016;12;252.6;bruto;Toledo
2453027;BOM PRINCIPIO;2017;1;136.2;bruto;Toledo
2453027;BOM PRINCIPIO;2017;2;155.3;bruto;Toledo
2453027;BOM PRINCIPIO;2017;3;102.7;bruto;Toledo
2453027;BOM PRINCIPIO;2017;4;230.6;bruto;Toledo
2453027;BOM PRINCIPIO;2017;5;176.6;bruto;Toledo
2453027;BOM PRINCIPIO;2017;6;62.8;bruto;Toledo
2453027;BOM PRINCIPIO;2017;7;3.2;bruto;Toledo
2453027;BOM PRINCIPIO;2017;8;129.9;bruto;Toledo
2453027;BOM PRINCIPIO;2017;9;134.3;bruto;Toledo
2453027;BOM PRINCIPIO;2017;10;565.5;bruto;Toledo
2453027;BOM PRINCIPIO;2017;11;235.1;bruto;Toledo
2453027;BOM PRINCIPIO;2017;12;173.1;bruto;Toledo
2453027;BOM PRINCIPIO;2018;1;282.2;bruto;Toledo
2453027;BOM PRINCIPIO;2018;2;276.7;bruto;Toledo
2453027;BOM PRINCIPIO;2018;3;258.1;bruto;Toledo
2453027;BOM PRINCIPIO;2018;4;18.2;bruto;Toledo
2453027;BOM PRINCIPIO;2018;5;55.6;bruto;Toledo
2453027;BOM PRINCIPIO;2018;6;98.9;bruto;Toledo
2453027;BOM PRINCIPIO;2018;7;2.5;bruto;Toledo
2453027;BOM PRINCIPIO;2018;8;107.1;bruto;Toledo
2453027;BOM PRINCIPIO;2018;9;189.2;bruto;Toledo
2453027;BOM PRINCIPIO;2018;10;290.2;bruto;Toledo
2453027;BOM PRINCIPIO;2018;11;93.1;bruto;Toledo
2453027;BOM PRINCIPIO;2018;12;72.8;bruto;Toledo
2453027;BOM PRINCIPIO;2019;1;151.4;bruto;Toledo
2453027;BOM PRINCIPIO;2019;2;84.9;bruto;Toledo
2453027;BOM PRINCIPIO;2019;3;187.4;bruto;Toledo
2453027;BOM PRINCIPIO;2019;4;101.6;bruto;Toledo
2453027;BOM PRINCIPIO;2019;5;239.6;bruto;Toledo
2453027;BOM PRINCIPIO;2019;6;39.3;bruto;Toledo
2453027;BOM PRINCIPIO;2019;7;42.3;bruto;Toledo
2453027;BOM PRINCIPIO;2019;8;12.6;bruto;Toledo
2453027;BOM PRINCIPIO;2019;9;21.8;bruto;Toledo
2453027;BOM PRINCIPIO;2019;10;69.8;bruto;Toledo
2453027;BOM PRINCIPIO;2019;11;123.7;bruto;Toledo
2453027;BOM PRINCIPIO;2019;12;269.6;bruto;Toledo
2453027;BOM PRINCIPIO;2020;1;79.5;bruto;Toledo
2453027;BOM PRINCIPIO;2020;2;162.3;bruto;Toledo
2453027;BOM PRINCIPIO;2020;3;30.6;bruto;Toledo
2453027;BOM PRINCIPIO;2020;4;32.3;bruto;Toledo
2453027;BOM PRINCIPIO;2020;5;168.4;bruto;Toledo
2453027;BOM PRINCIPIO;2020;6;90.0;bruto;Toledo
2453027;BOM PRINCIPIO;2020;7;25.5;bruto;Toledo
2453027;BOM PRINCIPIO;2020;8;136.3;bruto;Toledo
2453027;BOM PRINCIPIO;2020;9;9.2;bruto;Toledo
2453027;BOM PRINCIPIO;2020;10;28.5;bruto;Toledo
2453027;BOM PRINCIPIO;2020;11;34.9;bruto;Toledo
2453027;BOM PRINCIPIO;2020;12;213.0;bruto;Toledo
2453027;BOM PRINCIPIO;2021;1;397.1;bruto;Toledo
2453027;BOM PRINCIPIO;2021;2;23.6;bruto;Toledo
2453027;BOM PRINCIPIO;2021;3;120.6;bruto;Toledo
2453027;BOM PRINCIPIO;2021;4;2.1;bruto;Toledo
2453027;BOM PRINCIPIO;2021;5;46.5;bruto;Toledo
2453027;BOM PRINCIPIO;2021;6;103.6;bruto;Toledo
2453027;BOM PRINCIPIO;2021;7;17.9;bruto;Toledo
2453027;BOM PRINCIPIO;2021;8;23.3;bruto;Toledo
2453027;BOM PRINCIPIO;2021;9;41.8;bruto;Toledo
2453027;BOM PRINCIPIO;2021;10;404.7;bruto;Toledo
2453027;BOM PRINCIPIO;2021;11;30.1;bruto;Toledo
2453027;BOM PRINCIPIO;2021;12;14.2;bruto;Toledo
2453027;BOM PRINCIPIO;2022;1;142.5;bruto;Toledo
2453027;BOM PRINCIPIO;2022;2;144.6;bruto;Toledo
2453027;BOM PRINCIPIO;2022;3;109.1;bruto;Toledo
2453027;BOM PRINCIPIO;2022;4;295.4;bruto;Toledo
2453027;BOM PRINCIPIO;2022;5;124.6;bruto;Toledo
2453027;BOM PRINCIPIO;2022;6;156.8;bruto;Toledo
2453027;BOM PRINCIPIO;2022;7;29.1;bruto;Toledo
2453027;BOM PRINCIPIO;2022;8;136.7;bruto;Toledo
2453027;BOM PRINCIPIO;2022;9;295.0;bruto;Toledo
2453027;BOM PRINCIPIO;2022;10;471.2;bruto;Toledo
2453027;BOM PRINCIPIO;2022;11;89.3;bruto;Toledo
2453027;BOM PRINCIPIO;2022;12;128.2;bruto;Toledo
2453027;BOM PRINCIPIO;2023;1;122.6;bruto;Toledo
2453027;BOM PRINCIPIO;2023;2;457.9;bruto;Toledo
2453027;BOM PRINCIPIO;2023;3;113.4;bruto;Toledo
2453027;BOM PRINCIPIO;2023;4;175.9;bruto;Toledo
2453027;BOM PRINCIPIO;2023;5;86.7;bruto;Toledo
2453027;BOM PRINCIPIO;2023;6;94.0;bruto;Toledo
2453027;BOM PRINCIPIO;2023;7;116.9;bruto;Toledo
2453027;BOM PRINCIPIO;2023;8;72.8;bruto;Toledo
2453027;BOM PRINCIPIO;2023;9;140.6;bruto;Toledo
2453027;BOM PRINCIPIO;2023;10;282.6;bruto;Toledo
2453027;BOM PRINCIPIO;2023;11;280.3;bruto;Toledo
2453027;BOM PRINCIPIO;2023;12;129.7;bruto;Toledo
2453027;BOM PRINCIPIO;2024;1;78.7;bruto;Toledo
2453027;BOM PRINCIPIO;2024;2;137.8;bruto;Toledo
2453027;BOM PRINCIPIO;2024;3;69.3;bruto;Toledo
2453027;BOM PRINCIPIO;2024;4;217.0;bruto;Toledo
2453027;BOM PRINCIPIO;2024;5;183.0;bruto;Toledo
2453027;BOM PRINCIPIO;2024;6;17.7;bruto;Toledo
2453027;BOM PRINCIPIO;2024;7;114.9;bruto;Toledo
2453027;BOM PRINCIPIO;2024;8;41.1;bruto;Toledo
2453027;BOM PRINCIPIO;2024;9;100.9;bruto;Toledo
2453027;BOM PRINCIPIO;2024;10;151.3;bruto;Toledo
2453027;BOM PRINCIPIO;2024;11;88.4;bruto;Toledo
2453027;BOM PRINCIPIO;2024;12;310.6;bruto;Toledo
2453027;BOM PRINCIPIO;2025;1;95.7;bruto;Toledo
2453027;BOM PRINCIPIO;2025;2;183.9;bruto;Toledo
2453027;BOM PRINCIPIO;2025;3;190.3;bruto;Toledo
2453027;BOM PRINCIPIO;2025;4;47.9;bruto;Toledo
2453027;BOM PRINCIPIO;2025;5;63.5;bruto;Toledo
2453027;BOM PRINCIPIO;2025;6;202.6;bruto;Toledo
2453027;BOM PRINCIPIO;2025;7;135.6;bruto;Toledo
2453027;BOM PRINCIPIO;2025;8;136.4;bruto;Toledo
2453027;BOM PRINCIPIO;2025;9;131.2;bruto;Toledo
2453027;BOM PRINCIPIO;2025;10;237.7;bruto;Toledo
2453027;BOM PRINCIPIO;2025;11;194.4;bruto;Toledo
2453027;BOM PRINCIPIO;2025;12;231.3;bruto;Toledo
2453028;DOIS IRMÃOS;1986;1;179.4;bruto;Toledo
2453028;DOIS IRMÃOS;1986;2;281.4;bruto;Toledo
2453028;DOIS IRMÃOS;1986;3;107.7;bruto;Toledo
2453028;DOIS IRMÃOS;1986;4;131.2;bruto;Toledo
2453028;DOIS IRMÃOS;1986;5;339.4;bruto;Toledo
2453028;DOIS IRMÃOS;1986;6;26.4;bruto;Toledo
2453028;DOIS IRMÃOS;1986;7;57.2;bruto;Toledo
2453028;DOIS IRMÃOS;1986;8;174.9;bruto;Toledo
2453028;DOIS IRMÃOS;1986;9;164.0;bruto;Toledo
2453028;DOIS IRMÃOS;1986;10;112.8;bruto;Toledo
2453028;DOIS IRMÃOS;1986;11;118.4;bruto;Toledo
2453028;DOIS IRMÃOS;1986;12;297.6;bruto;Toledo
2453028;DOIS IRMÃOS;1987;1;121.2;bruto;Toledo
2453028;DOIS IRMÃOS;1987;2;240.4;bruto;Toledo
2453028;DOIS IRMÃOS;1987;3;127.0;bruto;Toledo
2453028;DOIS IRMÃOS;1987;4;323.7;bruto;Toledo
2453028;DOIS IRMÃOS;1987;5;308.6;bruto;Toledo
2453028;DOIS IRMÃOS;1987;6;100.7;bruto;Toledo
2453028;DOIS IRMÃOS;1987;7;79.0;bruto;Toledo
2453028;DOIS IRMÃOS;1987;8;53.6;bruto;Toledo
2453028;DOIS IRMÃOS;1987;9;26.5;bruto;Toledo
2453028;DOIS IRMÃOS;1987;10;228.0;bruto;Toledo
2453028;DOIS IRMÃOS;1987;11;158.5;bruto;Toledo
2453028;DOIS IRMÃOS;1987;12;131.7;bruto;Toledo
2453028;DOIS IRMÃOS;1988;1;180.2;bruto;Toledo
2453028;DOIS IRMÃOS;1988;2;108.7;bruto;Toledo
2453028;DOIS IRMÃOS;1988;3;51.1;bruto;Toledo
2453028;DOIS IRMÃOS;1988;4;200.5;bruto;Toledo
2453028;DOIS IRMÃOS;1988;5;222.3;bruto;Toledo
2453028;DOIS IRMÃOS;1988;6;96.9;bruto;Toledo
2453028;DOIS IRMÃOS;1988;7;15.3;bruto;Toledo
2453028;DOIS IRMÃOS;1988;8;8.4;bruto;Toledo
2453028;DOIS IRMÃOS;1988;9;9.0;bruto;Toledo
2453028;DOIS IRMÃOS;1988;10;198.9;bruto;Toledo
2453028;DOIS IRMÃOS;1988;11;92.7;bruto;Toledo
2453028;DOIS IRMÃOS;1988;12;88.5;bruto;Toledo
2453028;DOIS IRMÃOS;1989;1;211.1;bruto;Toledo
2453028;DOIS IRMÃOS;1989;2;170.1;bruto;Toledo
2453028;DOIS IRMÃOS;1989;3;100.1;bruto;Toledo
2453028;DOIS IRMÃOS;1989;4;116.8;bruto;Toledo
2453028;DOIS IRMÃOS;1989;5;84.1;bruto;Toledo
2453028;DOIS IRMÃOS;1989;6;163.6;bruto;Toledo
2453028;DOIS IRMÃOS;1989;7;107.0;bruto;Toledo
2453028;DOIS IRMÃOS;1989;8;246.4;bruto;Toledo
2453028;DOIS IRMÃOS;1989;9;228.7;bruto;Toledo
2453028;DOIS IRMÃOS;1989;10;188.1;bruto;Toledo
2453028;DOIS IRMÃOS;1989;11;157.5;bruto;Toledo
2453028;DOIS IRMÃOS;1989;12;97.2;bruto;Toledo
2453028;DOIS IRMÃOS;1990;1;236.1;bruto;Toledo
2453028;DOIS IRMÃOS;1990;2;121.4;bruto;Toledo
2453028;DOIS IRMÃOS;1990;3;108.6;bruto;Toledo
2453028;DOIS IRMÃOS;1990;4;211.1;bruto;Toledo
2453028;DOIS IRMÃOS;1990;5;170.9;bruto;Toledo
2453028;DOIS IRMÃOS;1990;6;97.8;bruto;Toledo
2453028;DOIS IRMÃOS;1990;7;112.2;bruto;Toledo
2453028;DOIS IRMÃOS;1990;8;151.4;bruto;Toledo
2453028;DOIS IRMÃOS;1990;9;275.3;bruto;Toledo
2453028;DOIS IRMÃOS;1990;10;168.2;bruto;Toledo
2453028;DOIS IRMÃOS;1990;11;195.1;bruto;Toledo
2453028;DOIS IRMÃOS;1990;12;154.2;bruto;Toledo
2453028;DOIS IRMÃOS;1991;1;253.5;bruto;Toledo
2453028;DOIS IRMÃOS;1991;2;7.5;bruto;Toledo
2453028;DOIS IRMÃOS;1991;3;177.3;bruto;Toledo
2453028;DOIS IRMÃOS;1991;4;142.8;bruto;Toledo
2453028;DOIS IRMÃOS;1991;5;80.1;bruto;Toledo
2453028;DOIS IRMÃOS;1991;6;178.9;bruto;Toledo
2453028;DOIS IRMÃOS;1991;7;38.4;consistido;Toledo
2453028;DOIS IRMÃOS;1991;8;64.0;consistido;Toledo
2453028;DOIS IRMÃOS;1991;9;155.5;bruto;Toledo
2453028;DOIS IRMÃOS;1991;10;148.8;bruto;Toledo
2453028;DOIS IRMÃOS;1991;11;190.6;bruto;Toledo
2453028;DOIS IRMÃOS;1991;12;361.9;bruto;Toledo
2453028;DOIS IRMÃOS;1992;1;87.0;bruto;Toledo
2453028;DOIS IRMÃOS;1992;2;191.0;bruto;Toledo
2453028;DOIS IRMÃOS;1992;3;190.8;bruto;Toledo
2453028;DOIS IRMÃOS;1992;4;242.1;bruto;Toledo
2453028;DOIS IRMÃOS;1992;5;502.0;bruto;Toledo
2453028;DOIS IRMÃOS;1992;6;111.1;bruto;Toledo
2453028;DOIS IRMÃOS;1992;7;184.0;bruto;Toledo
2453028;DOIS IRMÃOS;1992;8;135.3;bruto;Toledo
2453028;DOIS IRMÃOS;1992;9;114.8;bruto;Toledo
2453028;DOIS IRMÃOS;1992;10;235.9;bruto;Toledo
2453028;DOIS IRMÃOS;1992;11;155.2;bruto;Toledo
2453028;DOIS IRMÃOS;1992;12;154.6;bruto;Toledo
2453028;DOIS IRMÃOS;1993;1;171.3;bruto;Toledo
2453028;DOIS IRMÃOS;1993;2;158.1;bruto;Toledo
2453028;DOIS IRMÃOS;1993;3;142.9;bruto;Toledo
2453028;DOIS IRMÃOS;1993;4;74.6;bruto;Toledo
2453028;DOIS IRMÃOS;1993;5;247.0;bruto;Toledo
2453028;DOIS IRMÃOS;1993;6;81.9;bruto;Toledo
2453028;DOIS IRMÃOS;1993;7;145.0;bruto;Toledo
2453028;DOIS IRMÃOS;1993;8;0.0;bruto;Toledo
2453028;DOIS IRMÃOS;1993;9;158.9;bruto;Toledo
2453028;DOIS IRMÃOS;1993;10;190.9;bruto;Toledo
2453028;DOIS IRMÃOS;1993;11;136.1;bruto;Toledo
2453028;DOIS IRMÃOS;1993;12;153.7;bruto;Toledo
2453028;DOIS IRMÃOS;1994;1;236.2;bruto;Toledo
2453028;DOIS IRMÃOS;1994;2;213.9;bruto;Toledo
2453028;DOIS IRMÃOS;1994;3;101.1;bruto;Toledo
2453028;DOIS IRMÃOS;1994;4;136.6;bruto;Toledo
2453028;DOIS IRMÃOS;1994;5;140.9;bruto;Toledo
2453028;DOIS IRMÃOS;1994;6;205.2;bruto;Toledo
2453028;DOIS IRMÃOS;1994;7;76.6;bruto;Toledo
2453028;DOIS IRMÃOS;1994;8;27.7;bruto;Toledo
2453028;DOIS IRMÃOS;1994;9;76.7;bruto;Toledo
2453028;DOIS IRMÃOS;1994;10;129.9;bruto;Toledo
2453028;DOIS IRMÃOS;1994;11;250.7;bruto;Toledo
2453028;DOIS IRMÃOS;1994;12;196.6;bruto;Toledo
2453028;DOIS IRMÃOS;1995;1;342.0;bruto;Toledo
2453028;DOIS IRMÃOS;1995;2;107.3;bruto;Toledo
2453028;DOIS IRMÃOS;1995;3;149.9;bruto;Toledo
2453028;DOIS IRMÃOS;1995;4;199.5;bruto;Toledo
2453028;DOIS IRMÃOS;1995;5;21.6;bruto;Toledo
2453028;DOIS IRMÃOS;1995;6;57.5;bruto;Toledo
2453028;DOIS IRMÃOS;1995;7;149.6;bruto;Toledo
2453028;DOIS IRMÃOS;1995;8;22.8;bruto;Toledo
2453028;DOIS IRMÃOS;1995;9;189.7;bruto;Toledo
2453028;DOIS IRMÃOS;1995;10;201.8;bruto;Toledo
2453028;DOIS IRMÃOS;1995;11;215.1;bruto;Toledo
2453028;DOIS IRMÃOS;1995;12;72.3;bruto;Toledo
2453028;DOIS IRMÃOS;1996;1;326.0;bruto;Toledo
2453028;DOIS IRMÃOS;1996;2;187.8;bruto;Toledo
2453028;DOIS IRMÃOS;1996;3;215.3;bruto;Toledo
2453028;DOIS IRMÃOS;1996;4;64.6;bruto;Toledo
2453028;DOIS IRMÃOS;1996;5;38.6;bruto;Toledo
2453028;DOIS IRMÃOS;1996;6;61.9;bruto;Toledo
2453028;DOIS IRMÃOS;1996;7;19.5;bruto;Toledo
2453028;DOIS IRMÃOS;1996;8;24.8;bruto;Toledo
2453028;DOIS IRMÃOS;1996;9;113.5;bruto;Toledo
2453028;DOIS IRMÃOS;1996;10;420.9;bruto;Toledo
2453028;DOIS IRMÃOS;1996;11;77.5;bruto;Toledo
2453028;DOIS IRMÃOS;1996;12;393.5;bruto;Toledo
2453028;DOIS IRMÃOS;1997;1;197.1;bruto;Toledo
2453028;DOIS IRMÃOS;1997;2;221.8;bruto;Toledo
2453028;DOIS IRMÃOS;1997;3;50.1;bruto;Toledo
2453028;DOIS IRMÃOS;1997;4;9.0;bruto;Toledo
2453028;DOIS IRMÃOS;1997;5;177.1;bruto;Toledo
2453028;DOIS IRMÃOS;1997;6;280.6;bruto;Toledo
2453028;DOIS IRMÃOS;1997;7;73.0;bruto;Toledo
2453028;DOIS IRMÃOS;1997;8;132.3;bruto;Toledo
2453028;DOIS IRMÃOS;1997;9;171.5;bruto;Toledo
2453028;DOIS IRMÃOS;1997;10;224.4;bruto;Toledo
2453028;DOIS IRMÃOS;1997;11;203.2;bruto;Toledo
2453028;DOIS IRMÃOS;1997;12;87.9;bruto;Toledo
2453028;DOIS IRMÃOS;1998;1;147.8;bruto;Toledo
2453028;DOIS IRMÃOS;1998;2;290.5;bruto;Toledo
2453028;DOIS IRMÃOS;1998;3;209.5;bruto;Toledo
2453028;DOIS IRMÃOS;1998;4;397.4;bruto;Toledo
2453028;DOIS IRMÃOS;1998;5;149.3;bruto;Toledo
2453028;DOIS IRMÃOS;1998;6;57.7;bruto;Toledo
2453028;DOIS IRMÃOS;1998;7;25.5;bruto;Toledo
2453028;DOIS IRMÃOS;1998;8;307.7;bruto;Toledo
2453028;DOIS IRMÃOS;1998;9;286.5;bruto;Toledo
2453028;DOIS IRMÃOS;1998;10;220.9;bruto;Toledo
2453028;DOIS IRMÃOS;1998;11;85.5;bruto;Toledo
2453028;DOIS IRMÃOS;1998;12;186.0;bruto;Toledo
2453028;DOIS IRMÃOS;1999;1;158.3;bruto;Toledo
2453028;DOIS IRMÃOS;1999;2;166.3;bruto;Toledo
2453028;DOIS IRMÃOS;1999;3;160.8;bruto;Toledo
2453028;DOIS IRMÃOS;1999;4;81.1;bruto;Toledo
2453028;DOIS IRMÃOS;1999;5;172.1;bruto;Toledo
2453028;DOIS IRMÃOS;1999;6;155.4;bruto;Toledo
2453028;DOIS IRMÃOS;1999;7;72.9;bruto;Toledo
2453028;DOIS IRMÃOS;1999;8;0.0;bruto;Toledo
2453028;DOIS IRMÃOS;1999;9;158.4;bruto;Toledo
2453028;DOIS IRMÃOS;1999;10;45.7;bruto;Toledo
2453028;DOIS IRMÃOS;1999;11;42.4;bruto;Toledo
2453028;DOIS IRMÃOS;1999;12;278.5;bruto;Toledo
2453028;DOIS IRMÃOS;2000;1;102.0;bruto;Toledo
2453028;DOIS IRMÃOS;2000;2;240.4;bruto;Toledo
2453028;DOIS IRMÃOS;2000;3;126.1;bruto;Toledo
2453028;DOIS IRMÃOS;2000;4;46.0;bruto;Toledo
2453028;DOIS IRMÃOS;2000;5;81.3;bruto;Toledo
2453028;DOIS IRMÃOS;2000;6;195.9;bruto;Toledo
2453028;DOIS IRMÃOS;2000;7;99.0;bruto;Toledo
2453028;DOIS IRMÃOS;2000;8;137.7;bruto;Toledo
2453028;DOIS IRMÃOS;2000;9;188.1;bruto;Toledo
2453028;DOIS IRMÃOS;2000;10;188.1;bruto;Toledo
2453028;DOIS IRMÃOS;2000;11;224.1;bruto;Toledo
2453028;DOIS IRMÃOS;2000;12;188.3;bruto;Toledo
2453028;DOIS IRMÃOS;2001;1;203.9;bruto;Toledo
2453028;DOIS IRMÃOS;2001;2;254.2;bruto;Toledo
2453028;DOIS IRMÃOS;2001;3;109.4;bruto;Toledo
2453028;DOIS IRMÃOS;2001;4;231.0;bruto;Toledo
2453028;DOIS IRMÃOS;2001;5;93.3;bruto;Toledo
2453028;DOIS IRMÃOS;2001;6;111.4;bruto;Toledo
2453028;DOIS IRMÃOS;2001;7;49.0;bruto;Toledo
2453028;DOIS IRMÃOS;2001;8;41.0;bruto;Toledo
2453028;DOIS IRMÃOS;2001;9;168.2;bruto;Toledo
2453028;DOIS IRMÃOS;2001;10;76.0;bruto;Toledo
2453028;DOIS IRMÃOS;2001;11;251.9;bruto;Toledo
2453028;DOIS IRMÃOS;2001;12;68.0;bruto;Toledo
2453028;DOIS IRMÃOS;2002;1;130.9;bruto;Toledo
2453028;DOIS IRMÃOS;2002;2;62.5;bruto;Toledo
2453028;DOIS IRMÃOS;2002;3;28.8;bruto;Toledo
2453028;DOIS IRMÃOS;2002;4;58.2;bruto;Toledo
2453028;DOIS IRMÃOS;2002;5;366.3;bruto;Toledo
2453028;DOIS IRMÃOS;2002;6;16.7;bruto;Toledo
2453028;DOIS IRMÃOS;2002;7;59.7;bruto;Toledo
2453028;DOIS IRMÃOS;2002;8;73.2;bruto;Toledo
2453028;DOIS IRMÃOS;2002;9;130.6;bruto;Toledo
2453028;DOIS IRMÃOS;2002;10;182.2;bruto;Toledo
2453028;DOIS IRMÃOS;2002;11;257.2;bruto;Toledo
2453028;DOIS IRMÃOS;2002;12;181.5;bruto;Toledo
2453028;DOIS IRMÃOS;2003;1;271.3;bruto;Toledo
2453028;DOIS IRMÃOS;2003;2;319.2;bruto;Toledo
2453028;DOIS IRMÃOS;2003;3;164.2;bruto;Toledo
2453028;DOIS IRMÃOS;2003;4;98.9;bruto;Toledo
2453028;DOIS IRMÃOS;2003;5;72.0;bruto;Toledo
2453028;DOIS IRMÃOS;2003;6;94.9;bruto;Toledo
2453028;DOIS IRMÃOS;2003;7;83.7;bruto;Toledo
2453028;DOIS IRMÃOS;2003;8;39.5;bruto;Toledo
2453028;DOIS IRMÃOS;2003;9;155.9;bruto;Toledo
2453028;DOIS IRMÃOS;2003;10;164.3;bruto;Toledo
2453028;DOIS IRMÃOS;2003;11;219.0;bruto;Toledo
2453028;DOIS IRMÃOS;2003;12;225.2;bruto;Toledo
2453028;DOIS IRMÃOS;2004;1;70.4;bruto;Toledo
2453028;DOIS IRMÃOS;2004;2;50.5;bruto;Toledo
2453028;DOIS IRMÃOS;2004;3;60.0;bruto;Toledo
2453028;DOIS IRMÃOS;2004;4;168.7;bruto;Toledo
2453028;DOIS IRMÃOS;2004;5;404.6;bruto;Toledo
2453028;DOIS IRMÃOS;2004;6;91.2;bruto;Toledo
2453028;DOIS IRMÃOS;2004;7;114.9;bruto;Toledo
2453028;DOIS IRMÃOS;2004;8;22.8;bruto;Toledo
2453028;DOIS IRMÃOS;2004;9;56.0;bruto;Toledo
2453028;DOIS IRMÃOS;2004;10;325.3;bruto;Toledo
2453028;DOIS IRMÃOS;2004;11;225.3;bruto;Toledo
2453028;DOIS IRMÃOS;2004;12;87.4;bruto;Toledo
2453028;DOIS IRMÃOS;2005;1;95.7;bruto;Toledo
2453028;DOIS IRMÃOS;2005;2;83.1;bruto;Toledo
2453028;DOIS IRMÃOS;2005;3;29.7;bruto;Toledo
2453028;DOIS IRMÃOS;2005;4;106.3;bruto;Toledo
2453028;DOIS IRMÃOS;2005;5;151.4;bruto;Toledo
2453028;DOIS IRMÃOS;2005;6;245.3;bruto;Toledo
2453028;DOIS IRMÃOS;2005;7;45.1;bruto;Toledo
2453028;DOIS IRMÃOS;2005;8;111.1;bruto;Toledo
2453028;DOIS IRMÃOS;2005;9;168.9;bruto;Toledo
2453028;DOIS IRMÃOS;2005;10;407.6;bruto;Toledo
2453028;DOIS IRMÃOS;2005;11;212.0;bruto;Toledo
2453028;DOIS IRMÃOS;2005;12;47.9;bruto;Toledo
2453028;DOIS IRMÃOS;2006;1;118.5;bruto;Toledo
2453028;DOIS IRMÃOS;2006;2;154.2;bruto;Toledo
2453028;DOIS IRMÃOS;2006;3;174.5;bruto;Toledo
2453028;DOIS IRMÃOS;2006;4;129.2;bruto;Toledo
2453028;DOIS IRMÃOS;2006;5;9.5;bruto;Toledo
2453028;DOIS IRMÃOS;2006;6;76.7;bruto;Toledo
2453028;DOIS IRMÃOS;2006;7;46.1;bruto;Toledo
2453028;DOIS IRMÃOS;2006;8;125.8;bruto;Toledo
2453028;DOIS IRMÃOS;2006;9;172.4;bruto;Toledo
2453028;DOIS IRMÃOS;2006;10;128.8;bruto;Toledo
2453028;DOIS IRMÃOS;2006;11;184.0;bruto;Toledo
2453028;DOIS IRMÃOS;2006;12;153.4;bruto;Toledo
2453028;DOIS IRMÃOS;2007;1;192.3;bruto;Toledo
2453028;DOIS IRMÃOS;2007;2;338.4;bruto;Toledo
2453028;DOIS IRMÃOS;2007;3;121.8;bruto;Toledo
2453028;DOIS IRMÃOS;2007;4;238.8;bruto;Toledo
2453028;DOIS IRMÃOS;2007;5;119.1;bruto;Toledo
2453028;DOIS IRMÃOS;2007;6;2.0;bruto;Toledo
2453028;DOIS IRMÃOS;2007;7;71.3;bruto;Toledo
2453028;DOIS IRMÃOS;2007;8;7.8;bruto;Toledo
2453028;DOIS IRMÃOS;2007;9;69.1;bruto;Toledo
2453028;DOIS IRMÃOS;2007;10;92.7;bruto;Toledo
2453028;DOIS IRMÃOS;2007;11;330.4;bruto;Toledo
2453028;DOIS IRMÃOS;2007;12;177.6;bruto;Toledo
2453028;DOIS IRMÃOS;2008;1;169.2;bruto;Toledo
2453028;DOIS IRMÃOS;2008;2;198.0;bruto;Toledo
2453028;DOIS IRMÃOS;2008;3;75.7;bruto;Toledo
2453028;DOIS IRMÃOS;2008;4;111.8;bruto;Toledo
2453028;DOIS IRMÃOS;2008;5;92.0;bruto;Toledo
2453028;DOIS IRMÃOS;2008;6;122.8;bruto;Toledo
2453028;DOIS IRMÃOS;2008;7;53.7;bruto;Toledo
2453028;DOIS IRMÃOS;2008;8;135.8;bruto;Toledo
2453028;DOIS IRMÃOS;2008;9;60.1;bruto;Toledo
2453028;DOIS IRMÃOS;2008;10;274.6;bruto;Toledo
2453028;DOIS IRMÃOS;2008;11;248.9;bruto;Toledo
2453028;DOIS IRMÃOS;2008;12;72.0;bruto;Toledo
2453028;DOIS IRMÃOS;2009;1;213.9;bruto;Toledo
2453028;DOIS IRMÃOS;2009;2;172.0;bruto;Toledo
2453028;DOIS IRMÃOS;2009;3;37.2;bruto;Toledo
2453028;DOIS IRMÃOS;2009;4;23.6;bruto;Toledo
2453028;DOIS IRMÃOS;2009;5;221.7;bruto;Toledo
2453028;DOIS IRMÃOS;2009;6;129.8;bruto;Toledo
2453028;DOIS IRMÃOS;2009;7;162.6;bruto;Toledo
2453028;DOIS IRMÃOS;2009;8;77.1;bruto;Toledo
2453028;DOIS IRMÃOS;2009;9;199.7;bruto;Toledo
2453028;DOIS IRMÃOS;2009;10;364.3;bruto;Toledo
2453028;DOIS IRMÃOS;2009;11;149.8;bruto;Toledo
2453028;DOIS IRMÃOS;2009;12;253.2;bruto;Toledo
2453028;DOIS IRMÃOS;2010;1;124.1;bruto;Toledo
2453028;DOIS IRMÃOS;2010;2;170.3;bruto;Toledo
2453028;DOIS IRMÃOS;2010;3;120.3;bruto;Toledo
2453028;DOIS IRMÃOS;2010;4;185.4;bruto;Toledo
2453028;DOIS IRMÃOS;2010;5;90.9;bruto;Toledo
2453028;DOIS IRMÃOS;2010;6;28.7;bruto;Toledo
2453028;DOIS IRMÃOS;2010;7;116.4;bruto;Toledo
2453028;DOIS IRMÃOS;2010;8;6.4;bruto;Toledo
2453028;DOIS IRMÃOS;2010;9;110.2;bruto;Toledo
2453028;DOIS IRMÃOS;2010;10;232.2;bruto;Toledo
2453028;DOIS IRMÃOS;2010;11;136.2;bruto;Toledo
2453028;DOIS IRMÃOS;2010;12;302.1;bruto;Toledo
2453028;DOIS IRMÃOS;2011;1;209.2;bruto;Toledo
2453028;DOIS IRMÃOS;2011;2;223.0;bruto;Toledo
2453028;DOIS IRMÃOS;2011;3;121.4;bruto;Toledo
2453028;DOIS IRMÃOS;2011;4;86.7;bruto;Toledo
2453028;DOIS IRMÃOS;2011;5;7.2;bruto;Toledo
2453028;DOIS IRMÃOS;2011;6;57.2;bruto;Toledo
2453028;DOIS IRMÃOS;2011;7;154.2;bruto;Toledo
2453028;DOIS IRMÃOS;2011;8;345.5;bruto;Toledo
2453028;DOIS IRMÃOS;2011;9;72.7;bruto;Toledo
2453028;DOIS IRMÃOS;2011;10;246.2;bruto;Toledo
2453028;DOIS IRMÃOS;2011;11;195.5;bruto;Toledo
2453028;DOIS IRMÃOS;2011;12;19.2;bruto;Toledo
2453028;DOIS IRMÃOS;2012;1;237.2;bruto;Toledo
2453028;DOIS IRMÃOS;2012;2;149.9;bruto;Toledo
2453028;DOIS IRMÃOS;2012;3;59.1;bruto;Toledo
2453028;DOIS IRMÃOS;2012;4;333.7;bruto;Toledo
2453028;DOIS IRMÃOS;2012;5;85.6;bruto;Toledo
2453028;DOIS IRMÃOS;2012;6;316.3;bruto;Toledo
2453028;DOIS IRMÃOS;2012;7;72.6;bruto;Toledo
2453028;DOIS IRMÃOS;2012;8;5.8;bruto;Toledo
2453028;DOIS IRMÃOS;2012;9;45.7;bruto;Toledo
2453028;DOIS IRMÃOS;2012;10;291.8;bruto;Toledo
2453028;DOIS IRMÃOS;2012;11;202.2;bruto;Toledo
2453028;DOIS IRMÃOS;2012;12;183.8;bruto;Toledo
2453028;DOIS IRMÃOS;2013;1;177.5;bruto;Toledo
2453028;DOIS IRMÃOS;2013;2;244.9;bruto;Toledo
2453028;DOIS IRMÃOS;2013;3;198.2;bruto;Toledo
2453028;DOIS IRMÃOS;2013;4;79.0;bruto;Toledo
2453028;DOIS IRMÃOS;2013;5;255.1;bruto;Toledo
2453028;DOIS IRMÃOS;2013;6;351.7;bruto;Toledo
2453028;DOIS IRMÃOS;2013;7;26.5;bruto;Toledo
2453028;DOIS IRMÃOS;2013;8;22.6;bruto;Toledo
2453028;DOIS IRMÃOS;2013;9;88.7;bruto;Toledo
2453028;DOIS IRMÃOS;2013;10;188.3;bruto;Toledo
2453028;DOIS IRMÃOS;2013;11;187.9;bruto;Toledo
2453028;DOIS IRMÃOS;2013;12;164.9;bruto;Toledo
2453028;DOIS IRMÃOS;2014;1;241.8;bruto;Toledo
2453028;DOIS IRMÃOS;2014;2;78.8;bruto;Toledo
2453028;DOIS IRMÃOS;2014;3;129.5;bruto;Toledo
2453028;DOIS IRMÃOS;2014;4;166.2;bruto;Toledo
2453028;DOIS IRMÃOS;2014;5;217.7;bruto;Toledo
2453028;DOIS IRMÃOS;2014;6;316.2;bruto;Toledo
2453028;DOIS IRMÃOS;2014;7;94.9;bruto;Toledo
2453028;DOIS IRMÃOS;2014;8;19.4;bruto;Toledo
2453028;DOIS IRMÃOS;2014;9;365.3;bruto;Toledo
2453028;DOIS IRMÃOS;2014;10;62.5;bruto;Toledo
2453028;DOIS IRMÃOS;2014;11;135.0;bruto;Toledo
2453028;DOIS IRMÃOS;2014;12;119.5;bruto;Toledo
2453028;DOIS IRMÃOS;2015;1;150.2;bruto;Toledo
2453028;DOIS IRMÃOS;2015;2;187.2;bruto;Toledo
2453028;DOIS IRMÃOS;2015;3;150.9;bruto;Toledo
2453028;DOIS IRMÃOS;2015;4;155.9;bruto;Toledo
2453028;DOIS IRMÃOS;2015;5;256.1;bruto;Toledo
2453028;DOIS IRMÃOS;2015;6;56.4;bruto;Toledo
2453028;DOIS IRMÃOS;2015;7;465.9;bruto;Toledo
2453028;DOIS IRMÃOS;2015;8;68.2;bruto;Toledo
2453028;DOIS IRMÃOS;2015;9;143.5;bruto;Toledo
2453028;DOIS IRMÃOS;2015;10;138.2;bruto;Toledo
2453028;DOIS IRMÃOS;2015;11;455.9;bruto;Toledo
2453028;DOIS IRMÃOS;2015;12;373.7;bruto;Toledo
2453028;DOIS IRMÃOS;2016;1;200.0;bruto;Toledo
2453028;DOIS IRMÃOS;2016;2;282.0;bruto;Toledo
2453028;DOIS IRMÃOS;2016;3;96.0;bruto;Toledo
2453028;DOIS IRMÃOS;2016;4;76.8;bruto;Toledo
2453028;DOIS IRMÃOS;2016;5;279.7;bruto;Toledo
2453028;DOIS IRMÃOS;2016;6;76.9;bruto;Toledo
2453028;DOIS IRMÃOS;2016;7;31.9;bruto;Toledo
2453028;DOIS IRMÃOS;2016;8;314.0;bruto;Toledo
2453028;DOIS IRMÃOS;2016;9;71.3;bruto;Toledo
2453028;DOIS IRMÃOS;2016;10;223.3;bruto;Toledo
2453028;DOIS IRMÃOS;2016;11;183.1;bruto;Toledo
2453028;DOIS IRMÃOS;2016;12;125.5;bruto;Toledo
2453028;DOIS IRMÃOS;2017;1;180.7;bruto;Toledo
2453028;DOIS IRMÃOS;2017;2;178.1;bruto;Toledo
2453028;DOIS IRMÃOS;2017;3;146.5;bruto;Toledo
2453028;DOIS IRMÃOS;2017;4;268.5;bruto;Toledo
2453028;DOIS IRMÃOS;2017;5;186.5;bruto;Toledo
2453028;DOIS IRMÃOS;2017;6;68.6;bruto;Toledo
2453028;DOIS IRMÃOS;2017;7;0.4;bruto;Toledo
2453028;DOIS IRMÃOS;2017;8;111.5;bruto;Toledo
2453028;DOIS IRMÃOS;2017;9;66.1;bruto;Toledo
2453028;DOIS IRMÃOS;2017;10;497.4;bruto;Toledo
2453028;DOIS IRMÃOS;2017;11;249.9;bruto;Toledo
2453028;DOIS IRMÃOS;2017;12;242.5;bruto;Toledo
2453028;DOIS IRMÃOS;2018;1;303.2;bruto;Toledo
2453028;DOIS IRMÃOS;2018;2;309.6;bruto;Toledo
2453028;DOIS IRMÃOS;2018;3;298.0;bruto;Toledo
2453028;DOIS IRMÃOS;2018;4;46.5;bruto;Toledo
2453028;DOIS IRMÃOS;2018;5;51.8;bruto;Toledo
2453028;DOIS IRMÃOS;2018;6;82.6;bruto;Toledo
2453028;DOIS IRMÃOS;2018;7;2.0;bruto;Toledo
2453028;DOIS IRMÃOS;2018;8;119.9;bruto;Toledo
2453028;DOIS IRMÃOS;2018;9;237.2;bruto;Toledo
2453028;DOIS IRMÃOS;2018;10;244.0;bruto;Toledo
2453028;DOIS IRMÃOS;2018;11;181.1;bruto;Toledo
2453028;DOIS IRMÃOS;2018;12;79.8;bruto;Toledo
2453028;DOIS IRMÃOS;2019;1;136.8;bruto;Toledo
2453028;DOIS IRMÃOS;2019;2;120.7;bruto;Toledo
2453028;DOIS IRMÃOS;2019;3;165.9;bruto;Toledo
2453028;DOIS IRMÃOS;2019;4;105.7;bruto;Toledo
2453028;DOIS IRMÃOS;2019;5;278.3;bruto;Toledo
2453028;DOIS IRMÃOS;2019;6;31.9;bruto;Toledo
2453028;DOIS IRMÃOS;2019;7;43.2;bruto;Toledo
2453028;DOIS IRMÃOS;2019;8;1.5;bruto;Toledo
2453028;DOIS IRMÃOS;2019;9;58.9;bruto;Toledo
2453028;DOIS IRMÃOS;2019;10;77.4;bruto;Toledo
2453028;DOIS IRMÃOS;2019;11;174.3;bruto;Toledo
2453028;DOIS IRMÃOS;2019;12;292.4;bruto;Toledo
2453028;DOIS IRMÃOS;2020;1;94.5;bruto;Toledo
2453028;DOIS IRMÃOS;2020;2;63.7;bruto;Toledo
2453028;DOIS IRMÃOS;2020;3;102.1;bruto;Toledo
2453028;DOIS IRMÃOS;2020;4;42.4;bruto;Toledo
2453028;DOIS IRMÃOS;2020;5;233.3;bruto;Toledo
2453028;DOIS IRMÃOS;2020;6;68.2;bruto;Toledo
2453028;DOIS IRMÃOS;2020;7;34.5;bruto;Toledo
2453028;DOIS IRMÃOS;2020;8;173.1;bruto;Toledo
2453028;DOIS IRMÃOS;2020;9;11.7;bruto;Toledo
2453028;DOIS IRMÃOS;2020;10;41.4;bruto;Toledo
2453028;DOIS IRMÃOS;2020;11;65.6;bruto;Toledo
2453028;DOIS IRMÃOS;2020;12;262.7;bruto;Toledo
2453028;DOIS IRMÃOS;2021;1;270.6;bruto;Toledo
2453028;DOIS IRMÃOS;2021;2;87.0;bruto;Toledo
2453028;DOIS IRMÃOS;2021;3;131.5;bruto;Toledo
2453028;DOIS IRMÃOS;2021;4;14.9;bruto;Toledo
2453028;DOIS IRMÃOS;2021;5;45.4;bruto;Toledo
2453028;DOIS IRMÃOS;2021;6;106.0;bruto;Toledo
2453028;DOIS IRMÃOS;2021;7;20.3;bruto;Toledo
2453028;DOIS IRMÃOS;2021;8;13.9;bruto;Toledo
2453028;DOIS IRMÃOS;2021;9;48.9;bruto;Toledo
2453028;DOIS IRMÃOS;2021;10;431.9;bruto;Toledo
2453028;DOIS IRMÃOS;2021;11;50.0;bruto;Toledo
2453028;DOIS IRMÃOS;2021;12;46.3;bruto;Toledo
2453028;DOIS IRMÃOS;2022;1;160.2;bruto;Toledo
2453028;DOIS IRMÃOS;2022;2;199.8;bruto;Toledo
2453028;DOIS IRMÃOS;2022;3;142.3;bruto;Toledo
2453028;DOIS IRMÃOS;2022;4;339.2;bruto;Toledo
2453028;DOIS IRMÃOS;2022;5;170.7;bruto;Toledo
2453028;DOIS IRMÃOS;2022;6;129.3;bruto;Toledo
2453028;DOIS IRMÃOS;2022;7;11.5;bruto;Toledo
2453028;DOIS IRMÃOS;2022;8;186.7;bruto;Toledo
2453028;DOIS IRMÃOS;2022;9;281.7;bruto;Toledo
2453028;DOIS IRMÃOS;2022;10;490.3;bruto;Toledo
2453028;DOIS IRMÃOS;2022;11;90.9;bruto;Toledo
2453028;DOIS IRMÃOS;2022;12;61.0;bruto;Toledo
2453028;DOIS IRMÃOS;2023;1;182.2;bruto;Toledo
2453028;DOIS IRMÃOS;2023;2;490.6;bruto;Toledo
2453028;DOIS IRMÃOS;2023;3;73.8;bruto;Toledo
2453028;DOIS IRMÃOS;2023;4;163.7;bruto;Toledo
2453028;DOIS IRMÃOS;2023;5;72.5;bruto;Toledo
2453028;DOIS IRMÃOS;2023;6;80.5;bruto;Toledo
2453028;DOIS IRMÃOS;2023;7;96.2;bruto;Toledo
2453028;DOIS IRMÃOS;2023;8;103.8;bruto;Toledo
2453028;DOIS IRMÃOS;2023;9;142.7;bruto;Toledo
2453028;DOIS IRMÃOS;2023;10;251.7;bruto;Toledo
2453028;DOIS IRMÃOS;2023;11;249.0;bruto;Toledo
2453028;DOIS IRMÃOS;2023;12;178.0;bruto;Toledo
2453028;DOIS IRMÃOS;2024;1;122.3;bruto;Toledo
2453028;DOIS IRMÃOS;2024;2;113.0;bruto;Toledo
2453028;DOIS IRMÃOS;2024;3;13.0;bruto;Toledo
2453028;DOIS IRMÃOS;2024;4;203.8;bruto;Toledo
2453028;DOIS IRMÃOS;2024;5;140.2;bruto;Toledo
2453028;DOIS IRMÃOS;2024;6;9.5;bruto;Toledo
2453028;DOIS IRMÃOS;2024;7;118.0;bruto;Toledo
2453028;DOIS IRMÃOS;2024;8;45.7;bruto;Toledo
2453028;DOIS IRMÃOS;2024;9;77.1;bruto;Toledo
2453028;DOIS IRMÃOS;2024;10;78.2;bruto;Toledo
2453028;DOIS IRMÃOS;2024;11;89.4;bruto;Toledo
2453028;DOIS IRMÃOS;2024;12;511.6;bruto;Toledo
2453028;DOIS IRMÃOS;2025;1;23.5;bruto;Toledo
2453028;DOIS IRMÃOS;2025;2;64.1;bruto;Toledo
2453028;DOIS IRMÃOS;2025;3;79.7;bruto;Toledo
2453028;DOIS IRMÃOS;2025;4;66.6;bruto;Toledo
2453028;DOIS IRMÃOS;2025;5;38.4;bruto;Toledo
2453028;DOIS IRMÃOS;2025;6;186.2;bruto;Toledo
2453028;DOIS IRMÃOS;2025;7;84.5;bruto;Toledo
2453028;DOIS IRMÃOS;2025;8;103.8;bruto;Toledo
2453028;DOIS IRMÃOS;2025;9;144.9;bruto;Toledo
2453028;DOIS IRMÃOS;2025;10;241.4;bruto;Toledo
2453028;DOIS IRMÃOS;2025;11;228.7;bruto;Toledo
2453028;DOIS IRMÃOS;2025;12;246.5;bruto;Toledo
2453030;BRAGANTINA;1986;1;119.2;bruto;Assis Chateaubriand
2453030;BRAGANTINA;1986;2;252.2;bruto;Assis Chateaubriand
2453030;BRAGANTINA;1986;3;156.2;bruto;Assis Chateaubriand
2453030;BRAGANTINA;1986;4;109.1;bruto;Assis Chateaubriand
2453030;BRAGANTINA;1986;5;346.5;bruto;Assis Chateaubriand
2453030;BRAGANTINA;1986;6;38.8;bruto;Assis Chateaubriand
2453030;BRAGANTINA;1986;7;50.9;bruto;Assis Chateaubriand
2453030;BRAGANTINA;1986;8;177.9;bruto;Assis Chateaubriand
2453030;BRAGANTINA;1986;9;204.0;bruto;Assis Chateaubriand
2453030;BRAGANTINA;1986;10;111.3;bruto;Assis Chateaubriand
2453030;BRAGANTINA;1986;11;120.4;bruto;Assis Chateaubriand
2453030;BRAGANTINA;1986;12;239.9;bruto;Assis Chateaubriand
2453030;BRAGANTINA;1987;1;66.2;bruto;Assis Chateaubriand
2453030;BRAGANTINA;1987;2;286.7;bruto;Assis Chateaubriand
2453030;BRAGANTINA;1987;3;123.2;bruto;Assis Chateaubriand
2453030;BRAGANTINA;1987;4;295.5;bruto;Assis Chateaubriand
2453030;BRAGANTINA;1987;5;343.0;bruto;Assis Chateaubriand
2453030;BRAGANTINA;1987;6;121.4;bruto;Assis Chateaubriand
2453030;BRAGANTINA;1987;7;55.0;bruto;Assis Chateaubriand
2453030;BRAGANTINA;1987;8;51.9;bruto;Assis Chateaubriand
2453030;BRAGANTINA;1987;9;26.0;bruto;Assis Chateaubriand
2453030;BRAGANTINA;1987;10;160.5;bruto;Assis Chateaubriand
2453030;BRAGANTINA;1987;11;179.4;bruto;Assis Chateaubriand
2453030;BRAGANTINA;1987;12;145.0;bruto;Assis Chateaubriand
2453030;BRAGANTINA;1988;1;133.4;bruto;Assis Chateaubriand
2453030;BRAGANTINA;1988;2;127.8;bruto;Assis Chateaubriand
2453030;BRAGANTINA;1988;3;5.2;bruto;Assis Chateaubriand
2453030;BRAGANTINA;1988;4;198.2;bruto;Assis Chateaubriand
2453030;BRAGANTINA;1988;5;264.0;bruto;Assis Chateaubriand
2453030;BRAGANTINA;1988;6;103.2;bruto;Assis Chateaubriand
2453030;BRAGANTINA;1988;7;7.6;bruto;Assis Chateaubriand
2453030;BRAGANTINA;1988;8;8.2;bruto;Assis Chateaubriand
2453030;BRAGANTINA;1988;9;13.6;bruto;Assis Chateaubriand
2453030;BRAGANTINA;1988;10;147.6;bruto;Assis Chateaubriand
2453030;BRAGANTINA;1988;11;64.2;bruto;Assis Chateaubriand
2453030;BRAGANTINA;1988;12;141.2;bruto;Assis Chateaubriand
2453030;BRAGANTINA;1989;1;381.2;bruto;Assis Chateaubriand
2453030;BRAGANTINA;1989;2;153.0;bruto;Assis Chateaubriand
2453030;BRAGANTINA;1989;3;194.6;bruto;Assis Chateaubriand
2453030;BRAGANTINA;1989;4;107.6;bruto;Assis Chateaubriand
2453030;BRAGANTINA;1989;5;127.0;bruto;Assis Chateaubriand
2453030;BRAGANTINA;1989;6;186.4;bruto;Assis Chateaubriand
2453030;BRAGANTINA;1989;7;213.2;bruto;Assis Chateaubriand
2453030;BRAGANTINA;1989;8;221.0;bruto;Assis Chateaubriand
2453030;BRAGANTINA;1989;9;239.6;bruto;Assis Chateaubriand
2453030;BRAGANTINA;1989;10;148.0;bruto;Assis Chateaubriand
2453030;BRAGANTINA;1989;11;159.0;bruto;Assis Chateaubriand
2453030;BRAGANTINA;1989;12;105.5;bruto;Assis Chateaubriand
2453030;BRAGANTINA;1990;1;172.7;bruto;Assis Chateaubriand
2453030;BRAGANTINA;1990;2;57.6;bruto;Assis Chateaubriand
2453030;BRAGANTINA;1990;3;118.7;bruto;Assis Chateaubriand
2453030;BRAGANTINA;1990;4;185.8;bruto;Assis Chateaubriand
2453030;BRAGANTINA;1990;5;123.8;consistido;Assis Chateaubriand
2453030;BRAGANTINA;1990;6;50.4;bruto;Assis Chateaubriand
2453030;BRAGANTINA;1990;7;159.5;bruto;Assis Chateaubriand
2453030;BRAGANTINA;1990;8;150.8;bruto;Assis Chateaubriand
2453030;BRAGANTINA;1990;9;313.7;bruto;Assis Chateaubriand
2453030;BRAGANTINA;1990;10;232.2;bruto;Assis Chateaubriand
2453030;BRAGANTINA;1990;11;152.4;bruto;Assis Chateaubriand
2453030;BRAGANTINA;1990;12;175.1;bruto;Assis Chateaubriand
2453030;BRAGANTINA;1991;1;207.5;bruto;Assis Chateaubriand
2453030;BRAGANTINA;1991;2;14.3;bruto;Assis Chateaubriand
2453030;BRAGANTINA;1991;3;141.8;bruto;Assis Chateaubriand
2453030;BRAGANTINA;1991;4;102.9;bruto;Assis Chateaubriand
2453030;BRAGANTINA;1991;5;57.2;bruto;Assis Chateaubriand
2453030;BRAGANTINA;1991;6;165.2;bruto;Assis Chateaubriand
2453030;BRAGANTINA;1991;7;37.7;bruto;Assis Chateaubriand
2453030;BRAGANTINA;1991;8;21.6;bruto;Assis Chateaubriand
2453030;BRAGANTINA;1991;9;178.9;bruto;Assis Chateaubriand
2453030;BRAGANTINA;1991;10;191.1;bruto;Assis Chateaubriand
2453030;BRAGANTINA;1991;11;204.5;bruto;Assis Chateaubriand
2453030;BRAGANTINA;1991;12;305.0;bruto;Assis Chateaubriand
2453030;BRAGANTINA;1992;1;32.9;bruto;Assis Chateaubriand
2453030;BRAGANTINA;1992;2;344.3;bruto;Assis Chateaubriand
2453030;BRAGANTINA;1992;3;123.5;bruto;Assis Chateaubriand
2453030;BRAGANTINA;1992;4;259.9;bruto;Assis Chateaubriand
2453030;BRAGANTINA;1992;5;477.8;bruto;Assis Chateaubriand
2453030;BRAGANTINA;1992;6;120.6;bruto;Assis Chateaubriand
2453030;BRAGANTINA;1992;7;158.7;bruto;Assis Chateaubriand
2453030;BRAGANTINA;1992;8;161.3;bruto;Assis Chateaubriand
2453030;BRAGANTINA;1992;9;135.1;bruto;Assis Chateaubriand
2453030;BRAGANTINA;1992;10;237.2;bruto;Assis Chateaubriand
2453030;BRAGANTINA;1992;11;116.7;bruto;Assis Chateaubriand
2453030;BRAGANTINA;1992;12;142.2;bruto;Assis Chateaubriand
2453030;BRAGANTINA;1993;1;172.2;bruto;Assis Chateaubriand
2453030;BRAGANTINA;1993;2;134.2;bruto;Assis Chateaubriand
2453030;BRAGANTINA;1993;3;207.3;bruto;Assis Chateaubriand
2453030;BRAGANTINA;1993;4;69.1;bruto;Assis Chateaubriand
2453030;BRAGANTINA;1993;5;258.0;bruto;Assis Chateaubriand
2453030;BRAGANTINA;1993;6;80.9;bruto;Assis Chateaubriand
2453030;BRAGANTINA;1993;7;137.1;bruto;Assis Chateaubriand
2453030;BRAGANTINA;1993;8;3.6;bruto;Assis Chateaubriand
2453030;BRAGANTINA;1993;9;283.1;bruto;Assis Chateaubriand
2453030;BRAGANTINA;1993;10;220.3;bruto;Assis Chateaubriand
2453030;BRAGANTINA;1993;11;199.7;bruto;Assis Chateaubriand
2453030;BRAGANTINA;1993;12;116.6;bruto;Assis Chateaubriand
2453030;BRAGANTINA;1994;1;185.4;bruto;Assis Chateaubriand
2453030;BRAGANTINA;1994;2;160.2;bruto;Assis Chateaubriand
2453030;BRAGANTINA;1994;3;71.7;bruto;Assis Chateaubriand
2453030;BRAGANTINA;1994;4;108.2;bruto;Assis Chateaubriand
2453030;BRAGANTINA;1994;5;107.1;bruto;Assis Chateaubriand
2453030;BRAGANTINA;1994;6;204.6;bruto;Assis Chateaubriand
2453030;BRAGANTINA;1994;7;120.9;bruto;Assis Chateaubriand
2453030;BRAGANTINA;1994;8;21.2;bruto;Assis Chateaubriand
2453030;BRAGANTINA;1994;9;70.5;bruto;Assis Chateaubriand
2453030;BRAGANTINA;1994;10;268.0;bruto;Assis Chateaubriand
2453030;BRAGANTINA;1994;11;172.4;bruto;Assis Chateaubriand
2453030;BRAGANTINA;1994;12;172.1;bruto;Assis Chateaubriand
2453030;BRAGANTINA;1995;1;520.1;bruto;Assis Chateaubriand
2453030;BRAGANTINA;1995;2;171.7;consistido;Assis Chateaubriand
2453030;BRAGANTINA;1995;3;151.3;consistido;Assis Chateaubriand
2453030;BRAGANTINA;1995;4;101.4;consistido;Assis Chateaubriand
2453030;BRAGANTINA;1995;5;31.5;bruto;Assis Chateaubriand
2453030;BRAGANTINA;1995;6;42.0;bruto;Assis Chateaubriand
2453030;BRAGANTINA;1995;7;168.9;bruto;Assis Chateaubriand
2453030;BRAGANTINA;1995;8;23.7;bruto;Assis Chateaubriand
2453030;BRAGANTINA;1995;9;140.2;bruto;Assis Chateaubriand
2453030;BRAGANTINA;1995;10;194.1;bruto;Assis Chateaubriand
2453030;BRAGANTINA;1995;11;97.1;bruto;Assis Chateaubriand
2453030;BRAGANTINA;1995;12;80.1;bruto;Assis Chateaubriand
2453030;BRAGANTINA;1996;1;241.6;bruto;Assis Chateaubriand
2453030;BRAGANTINA;1996;2;138.0;bruto;Assis Chateaubriand
2453030;BRAGANTINA;1996;3;224.5;bruto;Assis Chateaubriand
2453030;BRAGANTINA;1996;4;69.7;bruto;Assis Chateaubriand
2453030;BRAGANTINA;1996;5;48.8;bruto;Assis Chateaubriand
2453030;BRAGANTINA;1996;6;58.8;bruto;Assis Chateaubriand
2453030;BRAGANTINA;1996;7;21.2;bruto;Assis Chateaubriand
2453030;BRAGANTINA;1996;8;62.1;bruto;Assis Chateaubriand
2453030;BRAGANTINA;1996;9;140.3;bruto;Assis Chateaubriand
2453030;BRAGANTINA;1996;10;331.2;bruto;Assis Chateaubriand
2453030;BRAGANTINA;1996;11;70.1;bruto;Assis Chateaubriand
2453030;BRAGANTINA;1996;12;255.5;bruto;Assis Chateaubriand
2453030;BRAGANTINA;1997;1;219.9;bruto;Assis Chateaubriand
2453030;BRAGANTINA;1997;2;239.0;bruto;Assis Chateaubriand
2453030;BRAGANTINA;1997;3;89.8;bruto;Assis Chateaubriand
2453030;BRAGANTINA;1997;4;9.7;bruto;Assis Chateaubriand
2453030;BRAGANTINA;1997;5;208.9;bruto;Assis Chateaubriand
2453030;BRAGANTINA;1997;6;289.9;bruto;Assis Chateaubriand
2453030;BRAGANTINA;1997;7;64.5;bruto;Assis Chateaubriand
2453030;BRAGANTINA;1997;8;109.8;bruto;Assis Chateaubriand
2453030;BRAGANTINA;1997;9;220.5;bruto;Assis Chateaubriand
2453030;BRAGANTINA;1997;10;282.5;bruto;Assis Chateaubriand
2453030;BRAGANTINA;1997;11;210.2;bruto;Assis Chateaubriand
2453030;BRAGANTINA;1997;12;151.3;bruto;Assis Chateaubriand
2453030;BRAGANTINA;1998;1;115.6;bruto;Assis Chateaubriand
2453030;BRAGANTINA;1998;2;226.0;bruto;Assis Chateaubriand
2453030;BRAGANTINA;1998;3;140.1;bruto;Assis Chateaubriand
2453030;BRAGANTINA;1998;4;436.6;bruto;Assis Chateaubriand
2453030;BRAGANTINA;1998;5;157.5;bruto;Assis Chateaubriand
2453030;BRAGANTINA;1998;6;72.3;bruto;Assis Chateaubriand
2453030;BRAGANTINA;1998;7;22.5;bruto;Assis Chateaubriand
2453030;BRAGANTINA;1998;8;237.4;bruto;Assis Chateaubriand
2453030;BRAGANTINA;1998;9;316.9;bruto;Assis Chateaubriand
2453030;BRAGANTINA;1998;10;274.6;bruto;Assis Chateaubriand
2453030;BRAGANTINA;1998;11;123.6;bruto;Assis Chateaubriand
2453030;BRAGANTINA;1998;12;163.1;bruto;Assis Chateaubriand
2453030;BRAGANTINA;1999;1;129.0;bruto;Assis Chateaubriand
2453030;BRAGANTINA;1999;2;146.2;bruto;Assis Chateaubriand
2453030;BRAGANTINA;1999;3;155.5;bruto;Assis Chateaubriand
2453030;BRAGANTINA;1999;4;99.6;bruto;Assis Chateaubriand
2453030;BRAGANTINA;1999;5;183.7;bruto;Assis Chateaubriand
2453030;BRAGANTINA;1999;6;194.9;bruto;Assis Chateaubriand
2453030;BRAGANTINA;1999;7;53.2;bruto;Assis Chateaubriand
2453030;BRAGANTINA;1999;8;0.0;bruto;Assis Chateaubriand
2453030;BRAGANTINA;1999;9;186.6;bruto;Assis Chateaubriand
2453030;BRAGANTINA;1999;10;50.0;bruto;Assis Chateaubriand
2453030;BRAGANTINA;1999;11;59.8;bruto;Assis Chateaubriand
2453030;BRAGANTINA;1999;12;193.5;bruto;Assis Chateaubriand
2453030;BRAGANTINA;2000;1;119.1;bruto;Assis Chateaubriand
2453030;BRAGANTINA;2000;2;261.5;bruto;Assis Chateaubriand
2453030;BRAGANTINA;2000;3;104.0;bruto;Assis Chateaubriand
2453030;BRAGANTINA;2000;4;50.7;bruto;Assis Chateaubriand
2453030;BRAGANTINA;2000;5;86.3;bruto;Assis Chateaubriand
2453030;BRAGANTINA;2000;6;161.1;bruto;Assis Chateaubriand
2453030;BRAGANTINA;2000;7;92.2;bruto;Assis Chateaubriand
2453030;BRAGANTINA;2000;8;129.0;bruto;Assis Chateaubriand
2453030;BRAGANTINA;2000;9;281.6;bruto;Assis Chateaubriand
2453030;BRAGANTINA;2000;10;147.8;bruto;Assis Chateaubriand
2453030;BRAGANTINA;2000;11;245.9;bruto;Assis Chateaubriand
2453030;BRAGANTINA;2000;12;255.1;bruto;Assis Chateaubriand
2453030;BRAGANTINA;2001;1;230.9;bruto;Assis Chateaubriand
2453030;BRAGANTINA;2001;2;144.1;bruto;Assis Chateaubriand
2453030;BRAGANTINA;2001;3;86.9;bruto;Assis Chateaubriand
2453030;BRAGANTINA;2001;4;172.4;bruto;Assis Chateaubriand
2453030;BRAGANTINA;2001;5;125.1;bruto;Assis Chateaubriand
2453030;BRAGANTINA;2001;6;129.4;bruto;Assis Chateaubriand
2453030;BRAGANTINA;2001;7;68.3;bruto;Assis Chateaubriand
2453030;BRAGANTINA;2001;8;51.1;bruto;Assis Chateaubriand
2453030;BRAGANTINA;2001;9;135.4;bruto;Assis Chateaubriand
2453030;BRAGANTINA;2001;10;58.3;bruto;Assis Chateaubriand
2453030;BRAGANTINA;2001;11;238.7;bruto;Assis Chateaubriand
2453030;BRAGANTINA;2001;12;110.2;bruto;Assis Chateaubriand
2453030;BRAGANTINA;2002;1;274.2;bruto;Assis Chateaubriand
2453030;BRAGANTINA;2002;2;53.6;bruto;Assis Chateaubriand
2453030;BRAGANTINA;2002;3;101.9;bruto;Assis Chateaubriand
2453030;BRAGANTINA;2002;4;65.9;bruto;Assis Chateaubriand
2453030;BRAGANTINA;2002;5;409.4;bruto;Assis Chateaubriand
2453030;BRAGANTINA;2002;6;12.9;bruto;Assis Chateaubriand
2453030;BRAGANTINA;2002;7;83.2;bruto;Assis Chateaubriand
2453030;BRAGANTINA;2002;8;70.1;bruto;Assis Chateaubriand
2453030;BRAGANTINA;2002;9;99.8;bruto;Assis Chateaubriand
2453030;BRAGANTINA;2002;10;133.7;bruto;Assis Chateaubriand
2453030;BRAGANTINA;2002;11;283.3;bruto;Assis Chateaubriand
2453030;BRAGANTINA;2002;12;169.1;bruto;Assis Chateaubriand
2453030;BRAGANTINA;2003;1;220.2;bruto;Assis Chateaubriand
2453030;BRAGANTINA;2003;2;319.5;bruto;Assis Chateaubriand
2453030;BRAGANTINA;2003;3;180.9;bruto;Assis Chateaubriand
2453030;BRAGANTINA;2003;4;118.4;bruto;Assis Chateaubriand
2453030;BRAGANTINA;2003;5;56.9;bruto;Assis Chateaubriand
2453030;BRAGANTINA;2003;6;97.3;bruto;Assis Chateaubriand
2453030;BRAGANTINA;2003;7;107.8;bruto;Assis Chateaubriand
2453030;BRAGANTINA;2003;8;35.1;bruto;Assis Chateaubriand
2453030;BRAGANTINA;2003;9;122.0;bruto;Assis Chateaubriand
2453030;BRAGANTINA;2003;10;107.2;bruto;Assis Chateaubriand
2453030;BRAGANTINA;2003;11;149.3;bruto;Assis Chateaubriand
2453030;BRAGANTINA;2003;12;230.1;bruto;Assis Chateaubriand
2453030;BRAGANTINA;2004;1;56.8;bruto;Assis Chateaubriand
2453030;BRAGANTINA;2004;2;55.6;bruto;Assis Chateaubriand
2453030;BRAGANTINA;2004;3;69.1;bruto;Assis Chateaubriand
2453030;BRAGANTINA;2004;4;221.1;bruto;Assis Chateaubriand
2453030;BRAGANTINA;2004;5;324.3;bruto;Assis Chateaubriand
2453030;BRAGANTINA;2004;6;97.0;bruto;Assis Chateaubriand
2453030;BRAGANTINA;2004;7;153.8;bruto;Assis Chateaubriand
2453030;BRAGANTINA;2004;8;29.0;bruto;Assis Chateaubriand
2453030;BRAGANTINA;2004;9;73.8;bruto;Assis Chateaubriand
2453030;BRAGANTINA;2004;10;379.3;bruto;Assis Chateaubriand
2453030;BRAGANTINA;2004;11;189.7;bruto;Assis Chateaubriand
2453030;BRAGANTINA;2004;12;37.1;bruto;Assis Chateaubriand
2453030;BRAGANTINA;2005;1;202.3;bruto;Assis Chateaubriand
2453030;BRAGANTINA;2005;2;17.6;bruto;Assis Chateaubriand
2453030;BRAGANTINA;2005;3;43.6;bruto;Assis Chateaubriand
2453030;BRAGANTINA;2005;4;131.2;bruto;Assis Chateaubriand
2453030;BRAGANTINA;2005;5;150.4;bruto;Assis Chateaubriand
2453030;BRAGANTINA;2005;6;276.5;bruto;Assis Chateaubriand
2453030;BRAGANTINA;2005;7;55.6;bruto;Assis Chateaubriand
2453030;BRAGANTINA;2005;8;95.4;bruto;Assis Chateaubriand
2453030;BRAGANTINA;2005;9;155.1;bruto;Assis Chateaubriand
2453030;BRAGANTINA;2005;10;492.3;bruto;Assis Chateaubriand
2453030;BRAGANTINA;2005;11;55.0;bruto;Assis Chateaubriand
2453030;BRAGANTINA;2005;12;46.3;bruto;Assis Chateaubriand
2453030;BRAGANTINA;2006;1;169.4;bruto;Assis Chateaubriand
2453030;BRAGANTINA;2006;2;86.3;bruto;Assis Chateaubriand
2453030;BRAGANTINA;2006;3;86.4;bruto;Assis Chateaubriand
2453030;BRAGANTINA;2006;4;102.6;bruto;Assis Chateaubriand
2453030;BRAGANTINA;2006;5;8.2;bruto;Assis Chateaubriand
2453030;BRAGANTINA;2006;6;66.5;bruto;Assis Chateaubriand
2453030;BRAGANTINA;2006;7;24.0;bruto;Assis Chateaubriand
2453030;BRAGANTINA;2006;8;108.9;bruto;Assis Chateaubriand
2453030;BRAGANTINA;2006;9;166.8;bruto;Assis Chateaubriand
2453030;BRAGANTINA;2006;10;148.3;bruto;Assis Chateaubriand
2453030;BRAGANTINA;2006;11;168.7;bruto;Assis Chateaubriand
2453030;BRAGANTINA;2006;12;262.1;bruto;Assis Chateaubriand
2453030;BRAGANTINA;2007;1;205.0;bruto;Assis Chateaubriand
2453030;BRAGANTINA;2007;2;162.1;bruto;Assis Chateaubriand
2453030;BRAGANTINA;2007;3;102.5;bruto;Assis Chateaubriand
2453030;BRAGANTINA;2007;4;159.2;bruto;Assis Chateaubriand
2453030;BRAGANTINA;2007;5;95.4;bruto;Assis Chateaubriand
2453030;BRAGANTINA;2007;6;7.7;bruto;Assis Chateaubriand
2453030;BRAGANTINA;2007;7;73.1;bruto;Assis Chateaubriand
2453030;BRAGANTINA;2007;8;10.7;bruto;Assis Chateaubriand
2453030;BRAGANTINA;2007;9;26.8;bruto;Assis Chateaubriand
2453030;BRAGANTINA;2007;10;113.5;bruto;Assis Chateaubriand
2453030;BRAGANTINA;2007;11;210.4;bruto;Assis Chateaubriand
2453030;BRAGANTINA;2007;12;187.3;bruto;Assis Chateaubriand
2453030;BRAGANTINA;2008;1;215.6;bruto;Assis Chateaubriand
2453030;BRAGANTINA;2008;2;133.4;bruto;Assis Chateaubriand
2453030;BRAGANTINA;2008;3;109.5;bruto;Assis Chateaubriand
2453030;BRAGANTINA;2008;4;132.0;bruto;Assis Chateaubriand
2453030;BRAGANTINA;2008;5;80.2;bruto;Assis Chateaubriand
2453030;BRAGANTINA;2008;6;134.5;bruto;Assis Chateaubriand
2453030;BRAGANTINA;2008;7;73.0;bruto;Assis Chateaubriand
2453030;BRAGANTINA;2008;8;222.6;bruto;Assis Chateaubriand
2453030;BRAGANTINA;2008;9;71.3;bruto;Assis Chateaubriand
2453030;BRAGANTINA;2008;10;312.0;bruto;Assis Chateaubriand
2453030;BRAGANTINA;2008;11;179.0;bruto;Assis Chateaubriand
2453030;BRAGANTINA;2008;12;66.9;bruto;Assis Chateaubriand
2453030;BRAGANTINA;2009;1;168.8;bruto;Assis Chateaubriand
2453030;BRAGANTINA;2009;2;202.3;bruto;Assis Chateaubriand
2453030;BRAGANTINA;2009;3;16.9;bruto;Assis Chateaubriand
2453030;BRAGANTINA;2009;4;21.1;bruto;Assis Chateaubriand
2453030;BRAGANTINA;2009;5;265.3;bruto;Assis Chateaubriand
2453030;BRAGANTINA;2009;6;103.9;bruto;Assis Chateaubriand
2453030;BRAGANTINA;2009;7;201.2;bruto;Assis Chateaubriand
2453030;BRAGANTINA;2009;8;95.2;bruto;Assis Chateaubriand
2453030;BRAGANTINA;2009;9;227.3;bruto;Assis Chateaubriand
2453030;BRAGANTINA;2009;10;357.9;bruto;Assis Chateaubriand
2453030;BRAGANTINA;2009;11;162.0;bruto;Assis Chateaubriand
2453030;BRAGANTINA;2009;12;239.8;bruto;Assis Chateaubriand
2453030;BRAGANTINA;2010;1;150.4;bruto;Assis Chateaubriand
2453030;BRAGANTINA;2010;2;155.3;bruto;Assis Chateaubriand
2453030;BRAGANTINA;2010;3;133.1;bruto;Assis Chateaubriand
2453030;BRAGANTINA;2010;4;194.4;bruto;Assis Chateaubriand
2453030;BRAGANTINA;2010;5;112.0;bruto;Assis Chateaubriand
2453030;BRAGANTINA;2010;6;28.0;bruto;Assis Chateaubriand
2453030;BRAGANTINA;2010;7;134.2;bruto;Assis Chateaubriand
2453030;BRAGANTINA;2010;8;12.9;bruto;Assis Chateaubriand
2453030;BRAGANTINA;2010;9;119.0;bruto;Assis Chateaubriand
2453030;BRAGANTINA;2010;10;220.1;bruto;Assis Chateaubriand
2453030;BRAGANTINA;2010;11;103.4;bruto;Assis Chateaubriand
2453030;BRAGANTINA;2010;12;429.4;bruto;Assis Chateaubriand
2453030;BRAGANTINA;2011;1;193.2;bruto;Assis Chateaubriand
2453030;BRAGANTINA;2011;2;352.4;bruto;Assis Chateaubriand
2453030;BRAGANTINA;2011;3;85.4;bruto;Assis Chateaubriand
2453030;BRAGANTINA;2011;4;75.3;bruto;Assis Chateaubriand
2453030;BRAGANTINA;2011;5;2.5;bruto;Assis Chateaubriand
2453030;BRAGANTINA;2011;6;70.2;bruto;Assis Chateaubriand
2453030;BRAGANTINA;2011;7;179.3;bruto;Assis Chateaubriand
2453030;BRAGANTINA;2011;8;352.9;bruto;Assis Chateaubriand
2453030;BRAGANTINA;2011;9;71.8;bruto;Assis Chateaubriand
2453030;BRAGANTINA;2011;10;294.5;bruto;Assis Chateaubriand
2453030;BRAGANTINA;2011;11;128.1;bruto;Assis Chateaubriand
2453030;BRAGANTINA;2011;12;41.3;bruto;Assis Chateaubriand
2453030;BRAGANTINA;2012;1;154.2;bruto;Assis Chateaubriand
2453030;BRAGANTINA;2012;2;185.1;bruto;Assis Chateaubriand
2453030;BRAGANTINA;2012;3;56.6;bruto;Assis Chateaubriand
2453030;BRAGANTINA;2012;4;271.4;bruto;Assis Chateaubriand
2453030;BRAGANTINA;2012;5;136.6;bruto;Assis Chateaubriand
2453030;BRAGANTINA;2012;6;314.2;bruto;Assis Chateaubriand
2453030;BRAGANTINA;2012;7;44.9;bruto;Assis Chateaubriand
2453030;BRAGANTINA;2012;8;4.2;bruto;Assis Chateaubriand
2453030;BRAGANTINA;2012;9;26.2;bruto;Assis Chateaubriand
2453030;BRAGANTINA;2012;10;250.5;bruto;Assis Chateaubriand
2453030;BRAGANTINA;2012;11;208.9;bruto;Assis Chateaubriand
2453030;BRAGANTINA;2012;12;156.7;bruto;Assis Chateaubriand
2453030;BRAGANTINA;2013;1;181.7;bruto;Assis Chateaubriand
2453030;BRAGANTINA;2013;2;355.6;bruto;Assis Chateaubriand
2453030;BRAGANTINA;2013;3;163.0;bruto;Assis Chateaubriand
2453030;BRAGANTINA;2013;4;84.4;bruto;Assis Chateaubriand
2453030;BRAGANTINA;2013;5;260.2;bruto;Assis Chateaubriand
2453030;BRAGANTINA;2013;6;362.3;bruto;Assis Chateaubriand
2453030;BRAGANTINA;2013;7;37.2;bruto;Assis Chateaubriand
2453030;BRAGANTINA;2013;8;17.5;bruto;Assis Chateaubriand
2453030;BRAGANTINA;2013;9;111.3;bruto;Assis Chateaubriand
2453030;BRAGANTINA;2013;10;180.2;bruto;Assis Chateaubriand
2453030;BRAGANTINA;2013;11;159.6;bruto;Assis Chateaubriand
2453030;BRAGANTINA;2013;12;130.2;bruto;Assis Chateaubriand
2453030;BRAGANTINA;2014;1;245.7;bruto;Assis Chateaubriand
2453030;BRAGANTINA;2014;2;74.1;bruto;Assis Chateaubriand
2453030;BRAGANTINA;2014;3;148.4;bruto;Assis Chateaubriand
2453030;BRAGANTINA;2014;4;203.6;bruto;Assis Chateaubriand
2453030;BRAGANTINA;2014;5;185.1;bruto;Assis Chateaubriand
2453030;BRAGANTINA;2014;6;271.7;bruto;Assis Chateaubriand
2453030;BRAGANTINA;2014;7;118.9;bruto;Assis Chateaubriand
2453030;BRAGANTINA;2014;8;17.0;bruto;Assis Chateaubriand
2453030;BRAGANTINA;2014;9;363.9;bruto;Assis Chateaubriand
2453030;BRAGANTINA;2014;10;49.6;bruto;Assis Chateaubriand
2453030;BRAGANTINA;2014;11;198.0;bruto;Assis Chateaubriand
2453030;BRAGANTINA;2014;12;154.1;bruto;Assis Chateaubriand
2453030;BRAGANTINA;2015;1;180.6;bruto;Assis Chateaubriand
2453030;BRAGANTINA;2015;2;201.1;bruto;Assis Chateaubriand
2453030;BRAGANTINA;2015;3;186.8;bruto;Assis Chateaubriand
2453030;BRAGANTINA;2015;4;94.2;bruto;Assis Chateaubriand
2453030;BRAGANTINA;2015;5;299.8;bruto;Assis Chateaubriand
2453030;BRAGANTINA;2015;6;53.8;bruto;Assis Chateaubriand
2453030;BRAGANTINA;2015;7;471.1;bruto;Assis Chateaubriand
2453030;BRAGANTINA;2015;8;74.5;bruto;Assis Chateaubriand
2453030;BRAGANTINA;2015;9;152.2;bruto;Assis Chateaubriand
2453030;BRAGANTINA;2015;10;104.8;bruto;Assis Chateaubriand
2453030;BRAGANTINA;2015;11;507.1;bruto;Assis Chateaubriand
2453030;BRAGANTINA;2015;12;405.5;bruto;Assis Chateaubriand
2453030;BRAGANTINA;2016;1;275.9;bruto;Assis Chateaubriand
2453030;BRAGANTINA;2016;2;190.9;bruto;Assis Chateaubriand
2453030;BRAGANTINA;2016;3;124.9;bruto;Assis Chateaubriand
2453030;BRAGANTINA;2016;4;37.4;bruto;Assis Chateaubriand
2453030;BRAGANTINA;2016;5;260.5;bruto;Assis Chateaubriand
2453030;BRAGANTINA;2016;6;108.0;bruto;Assis Chateaubriand
2453030;BRAGANTINA;2016;7;59.2;bruto;Assis Chateaubriand
2453030;BRAGANTINA;2016;8;259.2;bruto;Assis Chateaubriand
2453030;BRAGANTINA;2016;9;53.1;bruto;Assis Chateaubriand
2453030;BRAGANTINA;2016;10;295.7;bruto;Assis Chateaubriand
2453030;BRAGANTINA;2016;11;221.7;bruto;Assis Chateaubriand
2453030;BRAGANTINA;2016;12;200.0;bruto;Assis Chateaubriand
2453030;BRAGANTINA;2017;1;119.1;bruto;Assis Chateaubriand
2453030;BRAGANTINA;2017;2;154.4;bruto;Assis Chateaubriand
2453030;BRAGANTINA;2017;3;123.6;bruto;Assis Chateaubriand
2453030;BRAGANTINA;2017;4;233.5;bruto;Assis Chateaubriand
2453030;BRAGANTINA;2017;5;128.9;bruto;Assis Chateaubriand
2453030;BRAGANTINA;2017;6;85.9;bruto;Assis Chateaubriand
2453030;BRAGANTINA;2017;7;1.8;bruto;Assis Chateaubriand
2453030;BRAGANTINA;2017;8;113.3;bruto;Assis Chateaubriand
2453030;BRAGANTINA;2017;9;60.7;bruto;Assis Chateaubriand
2453030;BRAGANTINA;2017;10;426.2;bruto;Assis Chateaubriand
2453030;BRAGANTINA;2017;11;204.3;bruto;Assis Chateaubriand
2453030;BRAGANTINA;2017;12;248.4;bruto;Assis Chateaubriand
2453030;BRAGANTINA;2018;1;317.5;bruto;Assis Chateaubriand
2453030;BRAGANTINA;2018;2;198.2;bruto;Assis Chateaubriand
2453030;BRAGANTINA;2018;3;279.8;bruto;Assis Chateaubriand
2453030;BRAGANTINA;2018;4;17.2;bruto;Assis Chateaubriand
2453030;BRAGANTINA;2018;5;70.1;bruto;Assis Chateaubriand
2453030;BRAGANTINA;2018;6;88.2;bruto;Assis Chateaubriand
2453030;BRAGANTINA;2018;7;7.2;bruto;Assis Chateaubriand
2453030;BRAGANTINA;2018;8;114.1;bruto;Assis Chateaubriand
2453030;BRAGANTINA;2018;9;190.9;bruto;Assis Chateaubriand
2453030;BRAGANTINA;2018;10;270.5;bruto;Assis Chateaubriand
2453030;BRAGANTINA;2018;11;170.7;bruto;Assis Chateaubriand
2453030;BRAGANTINA;2018;12;48.8;bruto;Assis Chateaubriand
2453030;BRAGANTINA;2019;1;227.8;bruto;Assis Chateaubriand
2453030;BRAGANTINA;2019;2;166.8;bruto;Assis Chateaubriand
2453030;BRAGANTINA;2019;3;159.5;bruto;Assis Chateaubriand
2453030;BRAGANTINA;2019;4;72.1;bruto;Assis Chateaubriand
2453030;BRAGANTINA;2019;5;282.3;bruto;Assis Chateaubriand
2453030;BRAGANTINA;2019;6;18.4;bruto;Assis Chateaubriand
2453030;BRAGANTINA;2019;7;43.6;bruto;Assis Chateaubriand
2453030;BRAGANTINA;2019;8;4.4;bruto;Assis Chateaubriand
2453030;BRAGANTINA;2019;9;38.7;bruto;Assis Chateaubriand
2453030;BRAGANTINA;2019;10;63.0;bruto;Assis Chateaubriand
2453030;BRAGANTINA;2019;11;192.1;bruto;Assis Chateaubriand
2453030;BRAGANTINA;2019;12;319.7;bruto;Assis Chateaubriand
2453030;BRAGANTINA;2020;1;152.8;bruto;Assis Chateaubriand
2453030;BRAGANTINA;2020;2;154.1;bruto;Assis Chateaubriand
2453030;BRAGANTINA;2020;3;19.2;bruto;Assis Chateaubriand
2453030;BRAGANTINA;2020;4;40.5;bruto;Assis Chateaubriand
2453030;BRAGANTINA;2020;5;183.6;bruto;Assis Chateaubriand
2453030;BRAGANTINA;2020;6;79.7;bruto;Assis Chateaubriand
2453030;BRAGANTINA;2020;7;40.1;bruto;Assis Chateaubriand
2453030;BRAGANTINA;2020;8;195.1;bruto;Assis Chateaubriand
2453030;BRAGANTINA;2020;9;13.3;bruto;Assis Chateaubriand
2453030;BRAGANTINA;2020;10;40.2;bruto;Assis Chateaubriand
2453030;BRAGANTINA;2020;11;36.3;bruto;Assis Chateaubriand
2453030;BRAGANTINA;2020;12;241.3;bruto;Assis Chateaubriand
2453030;BRAGANTINA;2021;1;315.1;bruto;Assis Chateaubriand
2453030;BRAGANTINA;2021;2;110.4;bruto;Assis Chateaubriand
2453030;BRAGANTINA;2021;3;179.1;bruto;Assis Chateaubriand
2453030;BRAGANTINA;2021;4;0.0;bruto;Assis Chateaubriand
2453030;BRAGANTINA;2021;5;49.3;bruto;Assis Chateaubriand
2453030;BRAGANTINA;2021;6;114.7;bruto;Assis Chateaubriand
2453030;BRAGANTINA;2021;7;16.0;bruto;Assis Chateaubriand
2453030;BRAGANTINA;2021;8;15.5;bruto;Assis Chateaubriand
2453030;BRAGANTINA;2021;9;35.4;bruto;Assis Chateaubriand
2453030;BRAGANTINA;2021;10;489.3;bruto;Assis Chateaubriand
2453030;BRAGANTINA;2021;11;62.0;bruto;Assis Chateaubriand
2453030;BRAGANTINA;2021;12;24.8;bruto;Assis Chateaubriand
2453030;BRAGANTINA;2022;1;128.4;bruto;Assis Chateaubriand
2453030;BRAGANTINA;2022;2;176.2;bruto;Assis Chateaubriand
2453030;BRAGANTINA;2022;3;162.7;bruto;Assis Chateaubriand
2453030;BRAGANTINA;2022;4;246.1;bruto;Assis Chateaubriand
2453030;BRAGANTINA;2022;5;114.5;bruto;Assis Chateaubriand
2453030;BRAGANTINA;2022;6;114.9;bruto;Assis Chateaubriand
2453030;BRAGANTINA;2022;7;13.2;bruto;Assis Chateaubriand
2453030;BRAGANTINA;2022;8;160.9;bruto;Assis Chateaubriand
2453030;BRAGANTINA;2022;9;279.7;bruto;Assis Chateaubriand
2453030;BRAGANTINA;2022;10;371.5;bruto;Assis Chateaubriand
2453030;BRAGANTINA;2022;11;112.4;bruto;Assis Chateaubriand
2453030;BRAGANTINA;2022;12;52.0;bruto;Assis Chateaubriand
2453030;BRAGANTINA;2023;1;91.9;bruto;Assis Chateaubriand
2453030;BRAGANTINA;2023;2;457.1;bruto;Assis Chateaubriand
2453030;BRAGANTINA;2023;3;168.8;bruto;Assis Chateaubriand
2453030;BRAGANTINA;2023;4;168.0;bruto;Assis Chateaubriand
2453030;BRAGANTINA;2023;5;54.8;bruto;Assis Chateaubriand
2453030;BRAGANTINA;2023;6;70.4;bruto;Assis Chateaubriand
2453030;BRAGANTINA;2023;7;92.7;bruto;Assis Chateaubriand
2453030;BRAGANTINA;2023;8;94.5;bruto;Assis Chateaubriand
2453030;BRAGANTINA;2023;9;110.6;bruto;Assis Chateaubriand
2453030;BRAGANTINA;2023;10;278.9;bruto;Assis Chateaubriand
2453030;BRAGANTINA;2023;11;186.9;bruto;Assis Chateaubriand
2453030;BRAGANTINA;2023;12;71.4;bruto;Assis Chateaubriand
2453030;BRAGANTINA;2024;1;133.4;bruto;Assis Chateaubriand
2453030;BRAGANTINA;2024;2;83.8;bruto;Assis Chateaubriand
2453030;BRAGANTINA;2024;3;68.4;bruto;Assis Chateaubriand
2453030;BRAGANTINA;2024;4;163.0;bruto;Assis Chateaubriand
2453030;BRAGANTINA;2024;5;113.8;bruto;Assis Chateaubriand
2453030;BRAGANTINA;2024;6;0.0;bruto;Assis Chateaubriand
2453030;BRAGANTINA;2024;7;120.8;bruto;Assis Chateaubriand
2453030;BRAGANTINA;2024;8;34.7;bruto;Assis Chateaubriand
2453030;BRAGANTINA;2024;9;129.2;bruto;Assis Chateaubriand
2453030;BRAGANTINA;2024;10;164.6;bruto;Assis Chateaubriand
2453030;BRAGANTINA;2024;11;155.2;bruto;Assis Chateaubriand
2453030;BRAGANTINA;2024;12;438.3;bruto;Assis Chateaubriand
2453030;BRAGANTINA;2025;1;203.8;bruto;Assis Chateaubriand
2453030;BRAGANTINA;2025;2;187.5;bruto;Assis Chateaubriand
2453030;BRAGANTINA;2025;3;69.3;bruto;Assis Chateaubriand
2453030;BRAGANTINA;2025;4;70.3;bruto;Assis Chateaubriand
2453030;BRAGANTINA;2025;5;66.9;bruto;Assis Chateaubriand
2453030;BRAGANTINA;2025;6;181.5;bruto;Assis Chateaubriand
2453030;BRAGANTINA;2025;7;56.9;bruto;Assis Chateaubriand
2453030;BRAGANTINA;2025;8;72.4;bruto;Assis Chateaubriand
2453030;BRAGANTINA;2025;9;119.5;bruto;Assis Chateaubriand
2453030;BRAGANTINA;2025;10;265.9;bruto;Assis Chateaubriand
2453030;BRAGANTINA;2025;11;260.0;bruto;Assis Chateaubriand
2453030;BRAGANTINA;2025;12;234.1;bruto;Assis Chateaubriand
2453033;VILA NOVA;1986;1;408.2;bruto;Toledo
2453033;VILA NOVA;1986;2;326.9;bruto;Toledo
2453033;VILA NOVA;1986;3;80.7;bruto;Toledo
2453033;VILA NOVA;1986;4;143.1;bruto;Toledo
2453033;VILA NOVA;1986;5;382.4;bruto;Toledo
2453033;VILA NOVA;1986;6;34.6;bruto;Toledo
2453033;VILA NOVA;1986;7;61.0;bruto;Toledo
2453033;VILA NOVA;1986;8;149.8;bruto;Toledo
2453033;VILA NOVA;1986;9;169.7;bruto;Toledo
2453033;VILA NOVA;1986;10;186.5;bruto;Toledo
2453033;VILA NOVA;1986;11;82.2;bruto;Toledo
2453033;VILA NOVA;1986;12;343.1;bruto;Toledo
2453033;VILA NOVA;1987;1;116.4;bruto;Toledo
2453033;VILA NOVA;1987;2;365.4;bruto;Toledo
2453033;VILA NOVA;1987;3;74.2;bruto;Toledo
2453033;VILA NOVA;1987;4;325.7;bruto;Toledo
2453033;VILA NOVA;1987;5;575.8;bruto;Toledo
2453033;VILA NOVA;1987;6;114.6;bruto;Toledo
2453033;VILA NOVA;1987;7;134.1;bruto;Toledo
2453033;VILA NOVA;1987;8;63.3;bruto;Toledo
2453033;VILA NOVA;1987;9;40.9;bruto;Toledo
2453033;VILA NOVA;1987;10;139.7;bruto;Toledo
2453033;VILA NOVA;1987;11;181.3;bruto;Toledo
2453033;VILA NOVA;1987;12;221.7;bruto;Toledo
2453033;VILA NOVA;1988;1;246.9;bruto;Toledo
2453033;VILA NOVA;1988;2;189.7;bruto;Toledo
2453033;VILA NOVA;1988;3;76.6;bruto;Toledo
2453033;VILA NOVA;1988;4;212.0;bruto;Toledo
2453033;VILA NOVA;1988;5;325.3;bruto;Toledo
2453033;VILA NOVA;1988;6;149.0;bruto;Toledo
2453033;VILA NOVA;1988;7;7.2;bruto;Toledo
2453033;VILA NOVA;1988;8;14.1;bruto;Toledo
2453033;VILA NOVA;1988;9;11.5;bruto;Toledo
2453033;VILA NOVA;1988;10;182.0;bruto;Toledo
2453033;VILA NOVA;1988;11;86.5;bruto;Toledo
2453033;VILA NOVA;1988;12;156.6;bruto;Toledo
2453033;VILA NOVA;1989;1;261.1;bruto;Toledo
2453033;VILA NOVA;1989;2;164.6;bruto;Toledo
2453033;VILA NOVA;1989;3;132.5;bruto;Toledo
2453033;VILA NOVA;1989;4;135.2;bruto;Toledo
2453033;VILA NOVA;1989;5;111.9;bruto;Toledo
2453033;VILA NOVA;1989;6;143.5;bruto;Toledo
2453033;VILA NOVA;1989;7;176.5;bruto;Toledo
2453033;VILA NOVA;1989;8;255.8;bruto;Toledo
2453033;VILA NOVA;1989;9;195.1;bruto;Toledo
2453033;VILA NOVA;1989;10;145.1;bruto;Toledo
2453033;VILA NOVA;1989;11;137.1;bruto;Toledo
2453033;VILA NOVA;1989;12;91.5;bruto;Toledo
2453033;VILA NOVA;1990;1;189.6;bruto;Toledo
2453033;VILA NOVA;1990;2;75.0;bruto;Toledo
2453033;VILA NOVA;1990;3;128.9;bruto;Toledo
2453033;VILA NOVA;1990;4;194.5;bruto;Toledo
2453033;VILA NOVA;1990;5;153.9;bruto;Toledo
2453033;VILA NOVA;1990;6;125.0;bruto;Toledo
2453033;VILA NOVA;1990;7;167.7;bruto;Toledo
2453033;VILA NOVA;1990;8;137.8;bruto;Toledo
2453033;VILA NOVA;1990;9;256.8;bruto;Toledo
2453033;VILA NOVA;1990;10;168.5;bruto;Toledo
2453033;VILA NOVA;1990;11;197.1;bruto;Toledo
2453033;VILA NOVA;1990;12;177.6;bruto;Toledo
2453033;VILA NOVA;1991;1;212.0;bruto;Toledo
2453033;VILA NOVA;1991;2;34.4;bruto;Toledo
2453033;VILA NOVA;1991;3;151.7;bruto;Toledo
2453033;VILA NOVA;1991;4;156.0;bruto;Toledo
2453033;VILA NOVA;1991;5;76.5;bruto;Toledo
2453033;VILA NOVA;1991;6;196.3;bruto;Toledo
2453033;VILA NOVA;1991;7;35.0;bruto;Toledo
2453033;VILA NOVA;1991;8;22.0;bruto;Toledo
2453033;VILA NOVA;1991;9;224.7;bruto;Toledo
2453033;VILA NOVA;1991;10;157.1;bruto;Toledo
2453033;VILA NOVA;1991;11;167.4;bruto;Toledo
2453033;VILA NOVA;1991;12;381.2;bruto;Toledo
2453033;VILA NOVA;1992;1;51.9;bruto;Toledo
2453033;VILA NOVA;1992;2;260.6;bruto;Toledo
2453033;VILA NOVA;1992;3;159.4;bruto;Toledo
2453033;VILA NOVA;1992;4;238.4;bruto;Toledo
2453033;VILA NOVA;1992;5;482.5;bruto;Toledo
2453033;VILA NOVA;1992;6;113.9;bruto;Toledo
2453033;VILA NOVA;1992;7;190.0;bruto;Toledo
2453033;VILA NOVA;1992;8;167.4;bruto;Toledo
2453033;VILA NOVA;1992;9;118.0;bruto;Toledo
2453033;VILA NOVA;1992;10;242.1;bruto;Toledo
2453033;VILA NOVA;1992;11;138.9;bruto;Toledo
2453033;VILA NOVA;1992;12;143.1;bruto;Toledo
2453033;VILA NOVA;1993;1;138.2;bruto;Toledo
2453033;VILA NOVA;1993;2;44.2;bruto;Toledo
2453033;VILA NOVA;1993;3;107.4;bruto;Toledo
2453033;VILA NOVA;1993;4;102.0;bruto;Toledo
2453033;VILA NOVA;1993;5;269.4;bruto;Toledo
2453033;VILA NOVA;1993;6;84.8;bruto;Toledo
2453033;VILA NOVA;1993;7;156.0;bruto;Toledo
2453033;VILA NOVA;1993;8;0.4;bruto;Toledo
2453033;VILA NOVA;1993;9;292.2;bruto;Toledo
2453033;VILA NOVA;1993;10;242.4;bruto;Toledo
2453033;VILA NOVA;1993;11;151.0;bruto;Toledo
2453033;VILA NOVA;1993;12;115.2;bruto;Toledo
2453033;VILA NOVA;1994;1;170.7;bruto;Toledo
2453033;VILA NOVA;1994;2;180.7;bruto;Toledo
2453033;VILA NOVA;1994;3;69.6;bruto;Toledo
2453033;VILA NOVA;1994;4;137.3;bruto;Toledo
2453033;VILA NOVA;1994;5;107.5;bruto;Toledo
2453033;VILA NOVA;1994;6;208.5;bruto;Toledo
2453033;VILA NOVA;1994;7;76.9;bruto;Toledo
2453033;VILA NOVA;1994;8;27.1;bruto;Toledo
2453033;VILA NOVA;1994;9;78.1;bruto;Toledo
2453033;VILA NOVA;1994;10;219.3;bruto;Toledo
2453033;VILA NOVA;1994;11;208.7;bruto;Toledo
2453033;VILA NOVA;1994;12;173.1;bruto;Toledo
2453033;VILA NOVA;1995;1;366.5;bruto;Toledo
2453033;VILA NOVA;1995;2;118.1;bruto;Toledo
2453033;VILA NOVA;1995;3;144.6;bruto;Toledo
2453033;VILA NOVA;1995;4;178.8;bruto;Toledo
2453033;VILA NOVA;1995;5;20.9;bruto;Toledo
2453033;VILA NOVA;1995;6;62.4;bruto;Toledo
2453033;VILA NOVA;1995;7;177.4;bruto;Toledo
2453033;VILA NOVA;1995;8;22.5;bruto;Toledo
2453033;VILA NOVA;1995;9;145.2;bruto;Toledo
2453033;VILA NOVA;1995;10;221.6;bruto;Toledo
2453033;VILA NOVA;1995;11;195.9;bruto;Toledo
2453033;VILA NOVA;1995;12;117.3;bruto;Toledo
2453033;VILA NOVA;1996;1;265.4;bruto;Toledo
2453033;VILA NOVA;1996;2;151.9;bruto;Toledo
2453033;VILA NOVA;1996;3;223.9;bruto;Toledo
2453033;VILA NOVA;1996;4;127.7;bruto;Toledo
2453033;VILA NOVA;1996;5;50.1;bruto;Toledo
2453033;VILA NOVA;1996;6;47.4;bruto;Toledo
2453033;VILA NOVA;1996;7;29.1;bruto;Toledo
2453033;VILA NOVA;1996;8;53.6;bruto;Toledo
2453033;VILA NOVA;1996;9;152.4;bruto;Toledo
2453033;VILA NOVA;1996;10;351.0;bruto;Toledo
2453033;VILA NOVA;1996;11;125.9;bruto;Toledo
2453033;VILA NOVA;1996;12;333.1;bruto;Toledo
2453033;VILA NOVA;1997;1;171.2;bruto;Toledo
2453033;VILA NOVA;1997;2;182.3;bruto;Toledo
2453033;VILA NOVA;1997;3;91.6;bruto;Toledo
2453033;VILA NOVA;1997;4;17.6;bruto;Toledo
2453033;VILA NOVA;1997;5;187.6;bruto;Toledo
2453033;VILA NOVA;1997;6;;sem_leitura;Toledo
2453033;VILA NOVA;1997;7;;sem_leitura;Toledo
2453033;VILA NOVA;1997;8;;sem_leitura;Toledo
2453033;VILA NOVA;1997;9;;sem_leitura;Toledo
2453033;VILA NOVA;1997;10;;sem_leitura;Toledo
2453033;VILA NOVA;1997;11;;sem_leitura;Toledo
2453033;VILA NOVA;1997;12;;sem_leitura;Toledo
2453035;ENGENHEIRO AZAURY;1986;1;241.9;bruto;Assis Chateaubriand
2453035;ENGENHEIRO AZAURY;1986;2;268.3;bruto;Assis Chateaubriand
2453035;ENGENHEIRO AZAURY;1986;3;145.1;bruto;Assis Chateaubriand
2453035;ENGENHEIRO AZAURY;1986;4;159.3;bruto;Assis Chateaubriand
2453035;ENGENHEIRO AZAURY;1986;5;305.3;bruto;Assis Chateaubriand
2453035;ENGENHEIRO AZAURY;1986;6;33.2;bruto;Assis Chateaubriand
2453035;ENGENHEIRO AZAURY;1986;7;82.6;bruto;Assis Chateaubriand
2453035;ENGENHEIRO AZAURY;1986;8;165.9;bruto;Assis Chateaubriand
2453035;ENGENHEIRO AZAURY;1986;9;111.6;bruto;Assis Chateaubriand
2453035;ENGENHEIRO AZAURY;1986;10;64.7;bruto;Assis Chateaubriand
2453035;ENGENHEIRO AZAURY;1986;11;62.4;bruto;Assis Chateaubriand
2453035;ENGENHEIRO AZAURY;1986;12;151.3;bruto;Assis Chateaubriand
2453035;ENGENHEIRO AZAURY;1987;1;300.3;bruto;Assis Chateaubriand
2453035;ENGENHEIRO AZAURY;1987;2;194.9;bruto;Assis Chateaubriand
2453035;ENGENHEIRO AZAURY;1987;3;48.6;bruto;Assis Chateaubriand
2453035;ENGENHEIRO AZAURY;1987;4;205.3;bruto;Assis Chateaubriand
2453035;ENGENHEIRO AZAURY;1987;5;297.9;bruto;Assis Chateaubriand
2453035;ENGENHEIRO AZAURY;1987;6;255.2;bruto;Assis Chateaubriand
2453035;ENGENHEIRO AZAURY;1987;7;44.2;bruto;Assis Chateaubriand
2453035;ENGENHEIRO AZAURY;1987;8;23.2;bruto;Assis Chateaubriand
2453035;ENGENHEIRO AZAURY;1987;9;12.3;bruto;Assis Chateaubriand
2453035;ENGENHEIRO AZAURY;1987;10;183.0;bruto;Assis Chateaubriand
2453035;ENGENHEIRO AZAURY;1987;11;211.2;bruto;Assis Chateaubriand
2453035;ENGENHEIRO AZAURY;1987;12;92.2;bruto;Assis Chateaubriand
2453035;ENGENHEIRO AZAURY;1988;1;110.4;bruto;Assis Chateaubriand
2453035;ENGENHEIRO AZAURY;1988;2;81.8;bruto;Assis Chateaubriand
2453035;ENGENHEIRO AZAURY;1988;3;15.0;bruto;Assis Chateaubriand
2453035;ENGENHEIRO AZAURY;1988;4;362.6;bruto;Assis Chateaubriand
2453035;ENGENHEIRO AZAURY;1988;5;188.0;bruto;Assis Chateaubriand
2453035;ENGENHEIRO AZAURY;1988;6;65.6;bruto;Assis Chateaubriand
2453035;ENGENHEIRO AZAURY;1988;7;0.0;bruto;Assis Chateaubriand
2453035;ENGENHEIRO AZAURY;1988;8;0.0;bruto;Assis Chateaubriand
2453035;ENGENHEIRO AZAURY;1988;9;14.2;bruto;Assis Chateaubriand
2453035;ENGENHEIRO AZAURY;1988;10;121.1;bruto;Assis Chateaubriand
2453035;ENGENHEIRO AZAURY;1988;11;7.8;bruto;Assis Chateaubriand
2453035;ENGENHEIRO AZAURY;1988;12;106.6;bruto;Assis Chateaubriand
2453035;ENGENHEIRO AZAURY;1989;1;261.6;bruto;Assis Chateaubriand
2453035;ENGENHEIRO AZAURY;1989;2;176.0;bruto;Assis Chateaubriand
2453035;ENGENHEIRO AZAURY;1989;3;171.9;bruto;Assis Chateaubriand
2453035;ENGENHEIRO AZAURY;1989;4;165.6;bruto;Assis Chateaubriand
2453035;ENGENHEIRO AZAURY;1989;5;160.8;bruto;Assis Chateaubriand
2453035;ENGENHEIRO AZAURY;1989;6;81.2;bruto;Assis Chateaubriand
2453035;ENGENHEIRO AZAURY;1989;7;195.1;bruto;Assis Chateaubriand
2453035;ENGENHEIRO AZAURY;1989;8;185.1;bruto;Assis Chateaubriand
2453035;ENGENHEIRO AZAURY;1989;9;224.4;bruto;Assis Chateaubriand
2453035;ENGENHEIRO AZAURY;1989;10;144.9;bruto;Assis Chateaubriand
2453035;ENGENHEIRO AZAURY;1989;11;101.2;bruto;Assis Chateaubriand
2453035;ENGENHEIRO AZAURY;1989;12;42.8;bruto;Assis Chateaubriand
2453035;ENGENHEIRO AZAURY;1990;1;229.1;bruto;Assis Chateaubriand
2453035;ENGENHEIRO AZAURY;1990;2;47.8;bruto;Assis Chateaubriand
2453035;ENGENHEIRO AZAURY;1990;3;149.3;bruto;Assis Chateaubriand
2453035;ENGENHEIRO AZAURY;1990;4;186.7;bruto;Assis Chateaubriand
2453035;ENGENHEIRO AZAURY;1990;5;120.0;bruto;Assis Chateaubriand
2453035;ENGENHEIRO AZAURY;1990;6;125.4;bruto;Assis Chateaubriand
2453035;ENGENHEIRO AZAURY;1990;7;175.1;bruto;Assis Chateaubriand
2453035;ENGENHEIRO AZAURY;1990;8;197.5;bruto;Assis Chateaubriand
2453035;ENGENHEIRO AZAURY;1990;9;244.0;bruto;Assis Chateaubriand
2453035;ENGENHEIRO AZAURY;1990;10;126.3;bruto;Assis Chateaubriand
2453035;ENGENHEIRO AZAURY;1990;11;144.6;bruto;Assis Chateaubriand
2453035;ENGENHEIRO AZAURY;1990;12;125.1;bruto;Assis Chateaubriand
2453035;ENGENHEIRO AZAURY;1991;1;165.8;bruto;Assis Chateaubriand
2453035;ENGENHEIRO AZAURY;1991;2;5.8;bruto;Assis Chateaubriand
2453035;ENGENHEIRO AZAURY;1991;3;100.6;bruto;Assis Chateaubriand
2453035;ENGENHEIRO AZAURY;1991;4;137.4;bruto;Assis Chateaubriand
2453035;ENGENHEIRO AZAURY;1991;5;112.0;bruto;Assis Chateaubriand
2453035;ENGENHEIRO AZAURY;1991;6;182.2;bruto;Assis Chateaubriand
2453035;ENGENHEIRO AZAURY;1991;7;182.2;bruto;Assis Chateaubriand
2453035;ENGENHEIRO AZAURY;1991;8;30.2;bruto;Assis Chateaubriand
2453035;ENGENHEIRO AZAURY;1991;9;146.0;bruto;Assis Chateaubriand
2453035;ENGENHEIRO AZAURY;1991;10;161.0;bruto;Assis Chateaubriand
2453035;ENGENHEIRO AZAURY;1991;11;69.7;bruto;Assis Chateaubriand
2453035;ENGENHEIRO AZAURY;1991;12;406.8;bruto;Assis Chateaubriand
2453035;ENGENHEIRO AZAURY;1992;1;49.6;bruto;Assis Chateaubriand
2453035;ENGENHEIRO AZAURY;1992;2;309.7;bruto;Assis Chateaubriand
2453035;ENGENHEIRO AZAURY;1992;3;198.4;bruto;Assis Chateaubriand
2453035;ENGENHEIRO AZAURY;1992;4;222.2;bruto;Assis Chateaubriand
2453035;ENGENHEIRO AZAURY;1992;5;428.9;bruto;Assis Chateaubriand
2453035;ENGENHEIRO AZAURY;1992;6;121.9;bruto;Assis Chateaubriand
2453035;ENGENHEIRO AZAURY;1992;7;203.9;bruto;Assis Chateaubriand
2453035;ENGENHEIRO AZAURY;1992;8;131.7;bruto;Assis Chateaubriand
2453035;ENGENHEIRO AZAURY;1992;9;276.3;bruto;Assis Chateaubriand
2453035;ENGENHEIRO AZAURY;1992;10;280.2;bruto;Assis Chateaubriand
2453035;ENGENHEIRO AZAURY;1992;11;192.2;bruto;Assis Chateaubriand
2453035;ENGENHEIRO AZAURY;1992;12;124.6;bruto;Assis Chateaubriand
2453035;ENGENHEIRO AZAURY;1993;1;236.3;bruto;Assis Chateaubriand
2453035;ENGENHEIRO AZAURY;1993;2;89.1;bruto;Assis Chateaubriand
2453035;ENGENHEIRO AZAURY;1993;3;228.4;bruto;Assis Chateaubriand
2453035;ENGENHEIRO AZAURY;1993;4;42.0;bruto;Assis Chateaubriand
2453035;ENGENHEIRO AZAURY;1993;5;147.9;bruto;Assis Chateaubriand
2453035;ENGENHEIRO AZAURY;1993;6;54.6;bruto;Assis Chateaubriand
2453035;ENGENHEIRO AZAURY;1993;7;178.6;bruto;Assis Chateaubriand
2453035;ENGENHEIRO AZAURY;1993;8;0.0;bruto;Assis Chateaubriand
2453035;ENGENHEIRO AZAURY;1993;9;351.8;bruto;Assis Chateaubriand
2453035;ENGENHEIRO AZAURY;1993;10;192.1;bruto;Assis Chateaubriand
2453035;ENGENHEIRO AZAURY;1993;11;120.8;bruto;Assis Chateaubriand
2453035;ENGENHEIRO AZAURY;1993;12;38.8;bruto;Assis Chateaubriand
2453035;ENGENHEIRO AZAURY;1994;1;211.8;bruto;Assis Chateaubriand
2453035;ENGENHEIRO AZAURY;1994;2;241.4;bruto;Assis Chateaubriand
2453035;ENGENHEIRO AZAURY;1994;3;132.2;bruto;Assis Chateaubriand
2453035;ENGENHEIRO AZAURY;1994;4;82.5;bruto;Assis Chateaubriand
2453035;ENGENHEIRO AZAURY;1994;5;112.5;bruto;Assis Chateaubriand
2453035;ENGENHEIRO AZAURY;1994;6;237.9;bruto;Assis Chateaubriand
2453035;ENGENHEIRO AZAURY;1994;7;83.8;bruto;Assis Chateaubriand
2453035;ENGENHEIRO AZAURY;1994;8;0.0;bruto;Assis Chateaubriand
2453035;ENGENHEIRO AZAURY;1994;9;72.3;bruto;Assis Chateaubriand
2453035;ENGENHEIRO AZAURY;1994;10;222.9;bruto;Assis Chateaubriand
2453035;ENGENHEIRO AZAURY;1994;11;144.2;bruto;Assis Chateaubriand
2453035;ENGENHEIRO AZAURY;1994;12;133.7;bruto;Assis Chateaubriand
2453035;ENGENHEIRO AZAURY;1995;1;501.4;bruto;Assis Chateaubriand
2453035;ENGENHEIRO AZAURY;1995;2;130.3;bruto;Assis Chateaubriand
2453035;ENGENHEIRO AZAURY;1995;3;145.2;bruto;Assis Chateaubriand
2453035;ENGENHEIRO AZAURY;1995;4;213.8;bruto;Assis Chateaubriand
2453035;ENGENHEIRO AZAURY;1995;5;21.8;bruto;Assis Chateaubriand
2453035;ENGENHEIRO AZAURY;1995;6;48.4;bruto;Assis Chateaubriand
2453035;ENGENHEIRO AZAURY;1995;7;146.2;bruto;Assis Chateaubriand
2453035;ENGENHEIRO AZAURY;1995;8;21.2;bruto;Assis Chateaubriand
2453035;ENGENHEIRO AZAURY;1995;9;167.9;bruto;Assis Chateaubriand
2453035;ENGENHEIRO AZAURY;1995;10;238.6;bruto;Assis Chateaubriand
2453035;ENGENHEIRO AZAURY;1995;11;119.2;bruto;Assis Chateaubriand
2453035;ENGENHEIRO AZAURY;1995;12;138.0;bruto;Assis Chateaubriand
2453035;ENGENHEIRO AZAURY;1996;1;249.2;bruto;Assis Chateaubriand
2453035;ENGENHEIRO AZAURY;1996;2;192.1;bruto;Assis Chateaubriand
2453035;ENGENHEIRO AZAURY;1996;3;289.7;bruto;Assis Chateaubriand
2453035;ENGENHEIRO AZAURY;1996;4;51.9;bruto;Assis Chateaubriand
2453035;ENGENHEIRO AZAURY;1996;5;49.5;bruto;Assis Chateaubriand
2453035;ENGENHEIRO AZAURY;1996;6;42.1;bruto;Assis Chateaubriand
2453035;ENGENHEIRO AZAURY;1996;7;20.0;bruto;Assis Chateaubriand
2453035;ENGENHEIRO AZAURY;1996;8;48.6;bruto;Assis Chateaubriand
2453035;ENGENHEIRO AZAURY;1996;9;118.0;bruto;Assis Chateaubriand
2453035;ENGENHEIRO AZAURY;1996;10;325.4;bruto;Assis Chateaubriand
2453035;ENGENHEIRO AZAURY;1996;11;153.4;bruto;Assis Chateaubriand
2453035;ENGENHEIRO AZAURY;1996;12;247.2;bruto;Assis Chateaubriand
2453035;ENGENHEIRO AZAURY;1997;1;175.9;bruto;Assis Chateaubriand
2453035;ENGENHEIRO AZAURY;1997;2;294.6;bruto;Assis Chateaubriand
2453035;ENGENHEIRO AZAURY;1997;3;83.9;bruto;Assis Chateaubriand
2453035;ENGENHEIRO AZAURY;1997;4;26.9;bruto;Assis Chateaubriand
2453035;ENGENHEIRO AZAURY;1997;5;140.9;bruto;Assis Chateaubriand
2453035;ENGENHEIRO AZAURY;1997;6;;sem_leitura;Assis Chateaubriand
2453035;ENGENHEIRO AZAURY;1997;7;;sem_leitura;Assis Chateaubriand
2453035;ENGENHEIRO AZAURY;1997;8;;sem_leitura;Assis Chateaubriand
2453035;ENGENHEIRO AZAURY;1997;9;;sem_leitura;Assis Chateaubriand
2453035;ENGENHEIRO AZAURY;1997;10;;sem_leitura;Assis Chateaubriand
2453035;ENGENHEIRO AZAURY;1997;11;;sem_leitura;Assis Chateaubriand
2453035;ENGENHEIRO AZAURY;1997;12;;sem_leitura;Assis Chateaubriand
2453038;COLONIA SÃO PEDRO;1986;1;205.4;bruto;Corbélia
2453038;COLONIA SÃO PEDRO;1986;2;291.8;bruto;Corbélia
2453038;COLONIA SÃO PEDRO;1986;3;122.0;bruto;Corbélia
2453038;COLONIA SÃO PEDRO;1986;4;175.8;bruto;Corbélia
2453038;COLONIA SÃO PEDRO;1986;5;325.0;bruto;Corbélia
2453038;COLONIA SÃO PEDRO;1986;6;18.6;bruto;Corbélia
2453038;COLONIA SÃO PEDRO;1986;7;57.4;bruto;Corbélia
2453038;COLONIA SÃO PEDRO;1986;8;144.2;bruto;Corbélia
2453038;COLONIA SÃO PEDRO;1986;9;199.4;bruto;Corbélia
2453038;COLONIA SÃO PEDRO;1986;10;113.8;bruto;Corbélia
2453038;COLONIA SÃO PEDRO;1986;11;196.8;bruto;Corbélia
2453038;COLONIA SÃO PEDRO;1986;12;277.0;bruto;Corbélia
2453038;COLONIA SÃO PEDRO;1987;1;92.8;bruto;Corbélia
2453038;COLONIA SÃO PEDRO;1987;2;269.3;bruto;Corbélia
2453038;COLONIA SÃO PEDRO;1987;3;100.4;bruto;Corbélia
2453038;COLONIA SÃO PEDRO;1987;4;328.8;bruto;Corbélia
2453038;COLONIA SÃO PEDRO;1987;5;490.0;bruto;Corbélia
2453038;COLONIA SÃO PEDRO;1987;6;126.2;bruto;Corbélia
2453038;COLONIA SÃO PEDRO;1987;7;89.6;bruto;Corbélia
2453038;COLONIA SÃO PEDRO;1987;8;48.4;bruto;Corbélia
2453038;COLONIA SÃO PEDRO;1987;9;16.0;bruto;Corbélia
2453038;COLONIA SÃO PEDRO;1987;10;172.8;bruto;Corbélia
2453038;COLONIA SÃO PEDRO;1987;11;213.2;bruto;Corbélia
2453038;COLONIA SÃO PEDRO;1987;12;162.1;bruto;Corbélia
2453038;COLONIA SÃO PEDRO;1988;1;225.2;bruto;Corbélia
2453038;COLONIA SÃO PEDRO;1988;2;189.0;bruto;Corbélia
2453038;COLONIA SÃO PEDRO;1988;3;30.4;bruto;Corbélia
2453038;COLONIA SÃO PEDRO;1988;4;196.8;bruto;Corbélia
2453038;COLONIA SÃO PEDRO;1988;5;287.2;bruto;Corbélia
2453038;COLONIA SÃO PEDRO;1988;6;152.2;bruto;Corbélia
2453038;COLONIA SÃO PEDRO;1988;7;11.8;bruto;Corbélia
2453038;COLONIA SÃO PEDRO;1988;8;10.4;bruto;Corbélia
2453038;COLONIA SÃO PEDRO;1988;9;15.0;bruto;Corbélia
2453038;COLONIA SÃO PEDRO;1988;10;157.9;bruto;Corbélia
2453038;COLONIA SÃO PEDRO;1988;11;58.5;bruto;Corbélia
2453038;COLONIA SÃO PEDRO;1988;12;114.7;bruto;Corbélia
2453038;COLONIA SÃO PEDRO;1989;1;345.5;bruto;Corbélia
2453038;COLONIA SÃO PEDRO;1989;2;162.6;bruto;Corbélia
2453038;COLONIA SÃO PEDRO;1989;3;201.6;bruto;Corbélia
2453038;COLONIA SÃO PEDRO;1989;4;82.0;bruto;Corbélia
2453038;COLONIA SÃO PEDRO;1989;5;83.7;bruto;Corbélia
2453038;COLONIA SÃO PEDRO;1989;6;109.4;bruto;Corbélia
2453038;COLONIA SÃO PEDRO;1989;7;136.8;bruto;Corbélia
2453038;COLONIA SÃO PEDRO;1989;8;230.0;bruto;Corbélia
2453038;COLONIA SÃO PEDRO;1989;9;204.4;bruto;Corbélia
2453038;COLONIA SÃO PEDRO;1989;10;172.0;bruto;Corbélia
2453038;COLONIA SÃO PEDRO;1989;11;113.2;bruto;Corbélia
2453038;COLONIA SÃO PEDRO;1989;12;201.4;bruto;Corbélia
2453038;COLONIA SÃO PEDRO;1990;1;391.6;bruto;Corbélia
2453038;COLONIA SÃO PEDRO;1990;2;51.4;bruto;Corbélia
2453038;COLONIA SÃO PEDRO;1990;3;130.4;bruto;Corbélia
2453038;COLONIA SÃO PEDRO;1990;4;203.9;bruto;Corbélia
2453038;COLONIA SÃO PEDRO;1990;5;178.4;bruto;Corbélia
2453038;COLONIA SÃO PEDRO;1990;6;153.0;bruto;Corbélia
2453038;COLONIA SÃO PEDRO;1990;7;161.0;bruto;Corbélia
2453038;COLONIA SÃO PEDRO;1990;8;242.4;bruto;Corbélia
2453038;COLONIA SÃO PEDRO;1990;9;346.6;bruto;Corbélia
2453038;COLONIA SÃO PEDRO;1990;10;165.8;bruto;Corbélia
2453038;COLONIA SÃO PEDRO;1990;11;211.4;bruto;Corbélia
2453038;COLONIA SÃO PEDRO;1990;12;117.0;bruto;Corbélia
2453038;COLONIA SÃO PEDRO;1991;1;177.8;bruto;Corbélia
2453038;COLONIA SÃO PEDRO;1991;2;54.0;bruto;Corbélia
2453038;COLONIA SÃO PEDRO;1991;3;64.0;bruto;Corbélia
2453038;COLONIA SÃO PEDRO;1991;4;231.0;bruto;Corbélia
2453038;COLONIA SÃO PEDRO;1991;5;37.2;bruto;Corbélia
2453038;COLONIA SÃO PEDRO;1991;6;278.5;bruto;Corbélia
2453038;COLONIA SÃO PEDRO;1991;7;45.2;bruto;Corbélia
2453038;COLONIA SÃO PEDRO;1991;8;24.2;bruto;Corbélia
2453038;COLONIA SÃO PEDRO;1991;9;123.8;bruto;Corbélia
2453038;COLONIA SÃO PEDRO;1991;10;210.4;bruto;Corbélia
2453038;COLONIA SÃO PEDRO;1991;11;173.0;bruto;Corbélia
2453038;COLONIA SÃO PEDRO;1991;12;385.4;bruto;Corbélia
2453038;COLONIA SÃO PEDRO;1992;1;31.0;bruto;Corbélia
2453038;COLONIA SÃO PEDRO;1992;2;203.9;bruto;Corbélia
2453038;COLONIA SÃO PEDRO;1992;3;192.1;bruto;Corbélia
2453038;COLONIA SÃO PEDRO;1992;4;190.2;bruto;Corbélia
2453038;COLONIA SÃO PEDRO;1992;5;412.3;bruto;Corbélia
2453038;COLONIA SÃO PEDRO;1992;6;138.9;bruto;Corbélia
2453038;COLONIA SÃO PEDRO;1992;7;144.1;bruto;Corbélia
2453038;COLONIA SÃO PEDRO;1992;8;166.3;bruto;Corbélia
2453038;COLONIA SÃO PEDRO;1992;9;134.3;bruto;Corbélia
2453038;COLONIA SÃO PEDRO;1992;10;174.5;bruto;Corbélia
2453038;COLONIA SÃO PEDRO;1992;11;145.9;bruto;Corbélia
2453038;COLONIA SÃO PEDRO;1992;12;200.7;bruto;Corbélia
2453038;COLONIA SÃO PEDRO;1993;1;178.3;bruto;Corbélia
2453038;COLONIA SÃO PEDRO;1993;2;56.0;bruto;Corbélia
2453038;COLONIA SÃO PEDRO;1993;3;226.5;bruto;Corbélia
2453038;COLONIA SÃO PEDRO;1993;4;43.4;bruto;Corbélia
2453038;COLONIA SÃO PEDRO;1993;5;330.3;bruto;Corbélia
2453038;COLONIA SÃO PEDRO;1993;6;96.9;bruto;Corbélia
2453038;COLONIA SÃO PEDRO;1993;7;212.8;bruto;Corbélia
2453038;COLONIA SÃO PEDRO;1993;8;2.4;bruto;Corbélia
2453038;COLONIA SÃO PEDRO;1993;9;208.6;bruto;Corbélia
2453038;COLONIA SÃO PEDRO;1993;10;237.5;bruto;Corbélia
2453038;COLONIA SÃO PEDRO;1993;11;150.2;bruto;Corbélia
2453038;COLONIA SÃO PEDRO;1993;12;130.6;bruto;Corbélia
2453038;COLONIA SÃO PEDRO;1994;1;155.9;bruto;Corbélia
2453038;COLONIA SÃO PEDRO;1994;2;167.3;bruto;Corbélia
2453038;COLONIA SÃO PEDRO;1994;3;153.1;bruto;Corbélia
2453038;COLONIA SÃO PEDRO;1994;4;167.6;bruto;Corbélia
2453038;COLONIA SÃO PEDRO;1994;5;170.8;bruto;Corbélia
2453038;COLONIA SÃO PEDRO;1994;6;298.6;bruto;Corbélia
2453038;COLONIA SÃO PEDRO;1994;7;182.4;bruto;Corbélia
2453038;COLONIA SÃO PEDRO;1994;8;11.8;bruto;Corbélia
2453038;COLONIA SÃO PEDRO;1994;9;53.8;bruto;Corbélia
2453038;COLONIA SÃO PEDRO;1994;10;256.0;bruto;Corbélia
2453038;COLONIA SÃO PEDRO;1994;11;141.4;bruto;Corbélia
2453038;COLONIA SÃO PEDRO;1994;12;256.5;bruto;Corbélia
2453038;COLONIA SÃO PEDRO;1995;1;370.7;bruto;Corbélia
2453038;COLONIA SÃO PEDRO;1995;2;83.7;bruto;Corbélia
2453038;COLONIA SÃO PEDRO;1995;3;166.6;bruto;Corbélia
2453038;COLONIA SÃO PEDRO;1995;4;83.5;bruto;Corbélia
2453038;COLONIA SÃO PEDRO;1995;5;12.6;bruto;Corbélia
2453038;COLONIA SÃO PEDRO;1995;6;145.8;bruto;Corbélia
2453038;COLONIA SÃO PEDRO;1995;7;170.6;bruto;Corbélia
2453038;COLONIA SÃO PEDRO;1995;8;25.9;bruto;Corbélia
2453038;COLONIA SÃO PEDRO;1995;9;142.4;bruto;Corbélia
2453038;COLONIA SÃO PEDRO;1995;10;260.0;bruto;Corbélia
2453038;COLONIA SÃO PEDRO;1995;11;109.0;bruto;Corbélia
2453038;COLONIA SÃO PEDRO;1995;12;95.3;bruto;Corbélia
2453038;COLONIA SÃO PEDRO;1996;1;221.0;bruto;Corbélia
2453038;COLONIA SÃO PEDRO;1996;2;155.5;bruto;Corbélia
2453038;COLONIA SÃO PEDRO;1996;3;284.4;bruto;Corbélia
2453038;COLONIA SÃO PEDRO;1996;4;104.9;bruto;Corbélia
2453038;COLONIA SÃO PEDRO;1996;5;45.4;bruto;Corbélia
2453038;COLONIA SÃO PEDRO;1996;6;57.9;bruto;Corbélia
2453038;COLONIA SÃO PEDRO;1996;7;35.0;bruto;Corbélia
2453038;COLONIA SÃO PEDRO;1996;8;61.6;bruto;Corbélia
2453038;COLONIA SÃO PEDRO;1996;9;174.3;bruto;Corbélia
2453038;COLONIA SÃO PEDRO;1996;10;283.5;bruto;Corbélia
2453038;COLONIA SÃO PEDRO;1996;11;213.9;bruto;Corbélia
2453038;COLONIA SÃO PEDRO;1996;12;335.1;bruto;Corbélia
2453038;COLONIA SÃO PEDRO;1997;1;172.2;bruto;Corbélia
2453038;COLONIA SÃO PEDRO;1997;2;139.0;bruto;Corbélia
2453038;COLONIA SÃO PEDRO;1997;3;52.0;bruto;Corbélia
2453038;COLONIA SÃO PEDRO;1997;4;34.7;bruto;Corbélia
2453038;COLONIA SÃO PEDRO;1997;5;204.3;bruto;Corbélia
2453038;COLONIA SÃO PEDRO;1997;6;315.5;bruto;Corbélia
2453038;COLONIA SÃO PEDRO;1997;7;88.4;bruto;Corbélia
2453038;COLONIA SÃO PEDRO;1997;8;134.1;bruto;Corbélia
2453038;COLONIA SÃO PEDRO;1997;9;219.6;bruto;Corbélia
2453038;COLONIA SÃO PEDRO;1997;10;298.6;bruto;Corbélia
2453038;COLONIA SÃO PEDRO;1997;11;287.6;bruto;Corbélia
2453038;COLONIA SÃO PEDRO;1997;12;143.3;bruto;Corbélia
2453038;COLONIA SÃO PEDRO;1998;1;181.0;bruto;Corbélia
2453038;COLONIA SÃO PEDRO;1998;2;;sem_leitura;Corbélia
2453038;COLONIA SÃO PEDRO;1998;3;;sem_leitura;Corbélia
2453038;COLONIA SÃO PEDRO;1998;4;;sem_leitura;Corbélia
2453038;COLONIA SÃO PEDRO;1998;5;;sem_leitura;Corbélia
2453038;COLONIA SÃO PEDRO;1998;6;;sem_leitura;Corbélia
2453038;COLONIA SÃO PEDRO;1998;7;;sem_leitura;Corbélia
2453038;COLONIA SÃO PEDRO;1998;8;;sem_leitura;Corbélia
2453038;COLONIA SÃO PEDRO;1998;9;;sem_leitura;Corbélia
2453038;COLONIA SÃO PEDRO;1998;10;;sem_leitura;Corbélia
2453038;COLONIA SÃO PEDRO;1998;11;;sem_leitura;Corbélia
2453038;COLONIA SÃO PEDRO;1998;12;;sem_leitura;Corbélia
2453042;ENCANTADO DO OESTE;1986;1;183.0;bruto;Assis Chateaubriand
2453042;ENCANTADO DO OESTE;1986;2;247.4;bruto;Assis Chateaubriand
2453042;ENCANTADO DO OESTE;1986;3;70.8;bruto;Assis Chateaubriand
2453042;ENCANTADO DO OESTE;1986;4;103.2;bruto;Assis Chateaubriand
2453042;ENCANTADO DO OESTE;1986;5;362.8;bruto;Assis Chateaubriand
2453042;ENCANTADO DO OESTE;1986;6;31.2;bruto;Assis Chateaubriand
2453042;ENCANTADO DO OESTE;1986;7;62.0;bruto;Assis Chateaubriand
2453042;ENCANTADO DO OESTE;1986;8;156.8;bruto;Assis Chateaubriand
2453042;ENCANTADO DO OESTE;1986;9;164.4;bruto;Assis Chateaubriand
2453042;ENCANTADO DO OESTE;1986;10;94.2;bruto;Assis Chateaubriand
2453042;ENCANTADO DO OESTE;1986;11;98.8;bruto;Assis Chateaubriand
2453042;ENCANTADO DO OESTE;1986;12;179.4;bruto;Assis Chateaubriand
2453042;ENCANTADO DO OESTE;1987;1;104.8;bruto;Assis Chateaubriand
2453042;ENCANTADO DO OESTE;1987;2;305.2;bruto;Assis Chateaubriand
2453042;ENCANTADO DO OESTE;1987;3;78.0;bruto;Assis Chateaubriand
2453042;ENCANTADO DO OESTE;1987;4;240.0;bruto;Assis Chateaubriand
2453042;ENCANTADO DO OESTE;1987;5;286.8;bruto;Assis Chateaubriand
2453042;ENCANTADO DO OESTE;1987;6;118.0;bruto;Assis Chateaubriand
2453042;ENCANTADO DO OESTE;1987;7;76.0;bruto;Assis Chateaubriand
2453042;ENCANTADO DO OESTE;1987;8;47.6;bruto;Assis Chateaubriand
2453042;ENCANTADO DO OESTE;1987;9;17.8;bruto;Assis Chateaubriand
2453042;ENCANTADO DO OESTE;1987;10;208.6;bruto;Assis Chateaubriand
2453042;ENCANTADO DO OESTE;1987;11;127.8;bruto;Assis Chateaubriand
2453042;ENCANTADO DO OESTE;1987;12;121.8;bruto;Assis Chateaubriand
2453042;ENCANTADO DO OESTE;1988;1;116.2;bruto;Assis Chateaubriand
2453042;ENCANTADO DO OESTE;1988;2;111.8;bruto;Assis Chateaubriand
2453042;ENCANTADO DO OESTE;1988;3;23.4;bruto;Assis Chateaubriand
2453042;ENCANTADO DO OESTE;1988;4;245.0;bruto;Assis Chateaubriand
2453042;ENCANTADO DO OESTE;1988;5;212.0;bruto;Assis Chateaubriand
2453042;ENCANTADO DO OESTE;1988;6;100.4;bruto;Assis Chateaubriand
2453042;ENCANTADO DO OESTE;1988;7;0.0;bruto;Assis Chateaubriand
2453042;ENCANTADO DO OESTE;1988;8;0.0;bruto;Assis Chateaubriand
2453042;ENCANTADO DO OESTE;1988;9;14.0;bruto;Assis Chateaubriand
2453042;ENCANTADO DO OESTE;1988;10;186.0;bruto;Assis Chateaubriand
2453042;ENCANTADO DO OESTE;1988;11;24.4;bruto;Assis Chateaubriand
2453042;ENCANTADO DO OESTE;1988;12;102.8;bruto;Assis Chateaubriand
2453042;ENCANTADO DO OESTE;1989;1;336.4;bruto;Assis Chateaubriand
2453042;ENCANTADO DO OESTE;1989;2;166.5;bruto;Assis Chateaubriand
2453042;ENCANTADO DO OESTE;1989;3;64.8;bruto;Assis Chateaubriand
2453042;ENCANTADO DO OESTE;1989;4;115.2;bruto;Assis Chateaubriand
2453042;ENCANTADO DO OESTE;1989;5;136.6;bruto;Assis Chateaubriand
2453042;ENCANTADO DO OESTE;1989;6;122.4;bruto;Assis Chateaubriand
2453042;ENCANTADO DO OESTE;1989;7;138.6;bruto;Assis Chateaubriand
2453042;ENCANTADO DO OESTE;1989;8;235.4;bruto;Assis Chateaubriand
2453042;ENCANTADO DO OESTE;1989;9;129.6;bruto;Assis Chateaubriand
2453042;ENCANTADO DO OESTE;1989;10;104.6;bruto;Assis Chateaubriand
2453042;ENCANTADO DO OESTE;1989;11;61.4;bruto;Assis Chateaubriand
2453042;ENCANTADO DO OESTE;1989;12;48.8;bruto;Assis Chateaubriand
2453042;ENCANTADO DO OESTE;1990;1;249.6;bruto;Assis Chateaubriand
2453042;ENCANTADO DO OESTE;1990;2;59.0;bruto;Assis Chateaubriand
2453042;ENCANTADO DO OESTE;1990;3;176.7;bruto;Assis Chateaubriand
2453042;ENCANTADO DO OESTE;1990;4;238.2;bruto;Assis Chateaubriand
2453042;ENCANTADO DO OESTE;1990;5;191.8;bruto;Assis Chateaubriand
2453042;ENCANTADO DO OESTE;1990;6;170.0;bruto;Assis Chateaubriand
2453042;ENCANTADO DO OESTE;1990;7;141.8;bruto;Assis Chateaubriand
2453042;ENCANTADO DO OESTE;1990;8;188.8;bruto;Assis Chateaubriand
2453042;ENCANTADO DO OESTE;1990;9;235.8;bruto;Assis Chateaubriand
2453042;ENCANTADO DO OESTE;1990;10;162.6;bruto;Assis Chateaubriand
2453042;ENCANTADO DO OESTE;1990;11;178.2;bruto;Assis Chateaubriand
2453042;ENCANTADO DO OESTE;1990;12;169.6;bruto;Assis Chateaubriand
2453042;ENCANTADO DO OESTE;1991;1;173.8;bruto;Assis Chateaubriand
2453042;ENCANTADO DO OESTE;1991;2;6.4;bruto;Assis Chateaubriand
2453042;ENCANTADO DO OESTE;1991;3;104.8;bruto;Assis Chateaubriand
2453042;ENCANTADO DO OESTE;1991;4;112.8;bruto;Assis Chateaubriand
2453042;ENCANTADO DO OESTE;1991;5;45.6;bruto;Assis Chateaubriand
2453042;ENCANTADO DO OESTE;1991;6;190.1;bruto;Assis Chateaubriand
2453042;ENCANTADO DO OESTE;1991;7;33.6;bruto;Assis Chateaubriand
2453042;ENCANTADO DO OESTE;1991;8;25.8;bruto;Assis Chateaubriand
2453042;ENCANTADO DO OESTE;1991;9;167.3;bruto;Assis Chateaubriand
2453042;ENCANTADO DO OESTE;1991;10;179.0;bruto;Assis Chateaubriand
2453042;ENCANTADO DO OESTE;1991;11;133.3;bruto;Assis Chateaubriand
2453042;ENCANTADO DO OESTE;1991;12;243.8;bruto;Assis Chateaubriand
2453042;ENCANTADO DO OESTE;1992;1;19.5;bruto;Assis Chateaubriand
2453042;ENCANTADO DO OESTE;1992;2;195.4;bruto;Assis Chateaubriand
2453042;ENCANTADO DO OESTE;1992;3;164.6;bruto;Assis Chateaubriand
2453042;ENCANTADO DO OESTE;1992;4;236.5;bruto;Assis Chateaubriand
2453042;ENCANTADO DO OESTE;1992;5;408.5;bruto;Assis Chateaubriand
2453042;ENCANTADO DO OESTE;1992;6;114.5;bruto;Assis Chateaubriand
2453042;ENCANTADO DO OESTE;1992;7;133.5;bruto;Assis Chateaubriand
2453042;ENCANTADO DO OESTE;1992;8;117.6;bruto;Assis Chateaubriand
2453042;ENCANTADO DO OESTE;1992;9;149.3;bruto;Assis Chateaubriand
2453042;ENCANTADO DO OESTE;1992;10;319.9;bruto;Assis Chateaubriand
2453042;ENCANTADO DO OESTE;1992;11;164.6;bruto;Assis Chateaubriand
2453042;ENCANTADO DO OESTE;1992;12;84.2;bruto;Assis Chateaubriand
2453042;ENCANTADO DO OESTE;1993;1;216.4;bruto;Assis Chateaubriand
2453042;ENCANTADO DO OESTE;1993;2;64.2;bruto;Assis Chateaubriand
2453042;ENCANTADO DO OESTE;1993;3;174.1;bruto;Assis Chateaubriand
2453042;ENCANTADO DO OESTE;1993;4;65.8;bruto;Assis Chateaubriand
2453042;ENCANTADO DO OESTE;1993;5;198.7;bruto;Assis Chateaubriand
2453042;ENCANTADO DO OESTE;1993;6;137.6;bruto;Assis Chateaubriand
2453042;ENCANTADO DO OESTE;1993;7;133.2;bruto;Assis Chateaubriand
2453042;ENCANTADO DO OESTE;1993;8;0.0;bruto;Assis Chateaubriand
2453042;ENCANTADO DO OESTE;1993;9;239.1;bruto;Assis Chateaubriand
2453042;ENCANTADO DO OESTE;1993;10;118.7;bruto;Assis Chateaubriand
2453042;ENCANTADO DO OESTE;1993;11;170.2;bruto;Assis Chateaubriand
2453042;ENCANTADO DO OESTE;1993;12;128.5;bruto;Assis Chateaubriand
2453042;ENCANTADO DO OESTE;1994;1;208.4;bruto;Assis Chateaubriand
2453042;ENCANTADO DO OESTE;1994;2;171.3;bruto;Assis Chateaubriand
2453042;ENCANTADO DO OESTE;1994;3;76.9;bruto;Assis Chateaubriand
2453042;ENCANTADO DO OESTE;1994;4;73.6;bruto;Assis Chateaubriand
2453042;ENCANTADO DO OESTE;1994;5;91.9;bruto;Assis Chateaubriand
2453042;ENCANTADO DO OESTE;1994;6;170.9;bruto;Assis Chateaubriand
2453042;ENCANTADO DO OESTE;1994;7;103.3;bruto;Assis Chateaubriand
2453042;ENCANTADO DO OESTE;1994;8;3.6;bruto;Assis Chateaubriand
2453042;ENCANTADO DO OESTE;1994;9;64.1;bruto;Assis Chateaubriand
2453042;ENCANTADO DO OESTE;1994;10;195.9;bruto;Assis Chateaubriand
2453042;ENCANTADO DO OESTE;1994;11;165.0;bruto;Assis Chateaubriand
2453042;ENCANTADO DO OESTE;1994;12;126.4;bruto;Assis Chateaubriand
2453042;ENCANTADO DO OESTE;1995;1;382.5;bruto;Assis Chateaubriand
2453042;ENCANTADO DO OESTE;1995;2;56.6;bruto;Assis Chateaubriand
2453042;ENCANTADO DO OESTE;1995;3;125.1;bruto;Assis Chateaubriand
2453042;ENCANTADO DO OESTE;1995;4;148.8;bruto;Assis Chateaubriand
2453042;ENCANTADO DO OESTE;1995;5;38.7;bruto;Assis Chateaubriand
2453042;ENCANTADO DO OESTE;1995;6;89.9;bruto;Assis Chateaubriand
2453042;ENCANTADO DO OESTE;1995;7;111.0;bruto;Assis Chateaubriand
2453042;ENCANTADO DO OESTE;1995;8;13.3;bruto;Assis Chateaubriand
2453042;ENCANTADO DO OESTE;1995;9;188.1;bruto;Assis Chateaubriand
2453042;ENCANTADO DO OESTE;1995;10;197.0;bruto;Assis Chateaubriand
2453042;ENCANTADO DO OESTE;1995;11;135.5;bruto;Assis Chateaubriand
2453042;ENCANTADO DO OESTE;1995;12;134.0;bruto;Assis Chateaubriand
2453042;ENCANTADO DO OESTE;1996;1;230.5;bruto;Assis Chateaubriand
2453042;ENCANTADO DO OESTE;1996;2;209.8;bruto;Assis Chateaubriand
2453042;ENCANTADO DO OESTE;1996;3;245.8;bruto;Assis Chateaubriand
2453042;ENCANTADO DO OESTE;1996;4;69.7;bruto;Assis Chateaubriand
2453042;ENCANTADO DO OESTE;1996;5;42.7;bruto;Assis Chateaubriand
2453042;ENCANTADO DO OESTE;1996;6;36.5;bruto;Assis Chateaubriand
2453042;ENCANTADO DO OESTE;1996;7;15.2;bruto;Assis Chateaubriand
2453042;ENCANTADO DO OESTE;1996;8;73.9;bruto;Assis Chateaubriand
2453042;ENCANTADO DO OESTE;1996;9;123.2;bruto;Assis Chateaubriand
2453042;ENCANTADO DO OESTE;1996;10;240.8;bruto;Assis Chateaubriand
2453042;ENCANTADO DO OESTE;1996;11;157.3;bruto;Assis Chateaubriand
2453042;ENCANTADO DO OESTE;1996;12;264.9;bruto;Assis Chateaubriand
2453042;ENCANTADO DO OESTE;1997;1;209.0;bruto;Assis Chateaubriand
2453042;ENCANTADO DO OESTE;1997;2;194.7;bruto;Assis Chateaubriand
2453042;ENCANTADO DO OESTE;1997;3;45.2;bruto;Assis Chateaubriand
2453042;ENCANTADO DO OESTE;1997;4;24.9;bruto;Assis Chateaubriand
2453042;ENCANTADO DO OESTE;1997;5;168.8;bruto;Assis Chateaubriand
2453042;ENCANTADO DO OESTE;1997;6;;sem_leitura;Assis Chateaubriand
2453042;ENCANTADO DO OESTE;1997;7;;sem_leitura;Assis Chateaubriand
2453042;ENCANTADO DO OESTE;1997;8;;sem_leitura;Assis Chateaubriand
2453042;ENCANTADO DO OESTE;1997;9;;sem_leitura;Assis Chateaubriand
2453042;ENCANTADO DO OESTE;1997;10;;sem_leitura;Assis Chateaubriand
2453042;ENCANTADO DO OESTE;1997;11;;sem_leitura;Assis Chateaubriand
2453042;ENCANTADO DO OESTE;1997;12;;sem_leitura;Assis Chateaubriand
2453049;SÃO CAMILO;1986;1;142.7;bruto;Palotina
2453049;SÃO CAMILO;1986;2;295.4;bruto;Palotina
2453049;SÃO CAMILO;1986;3;93.9;bruto;Palotina
2453049;SÃO CAMILO;1986;4;66.5;bruto;Palotina
2453049;SÃO CAMILO;1986;5;329.8;bruto;Palotina
2453049;SÃO CAMILO;1986;6;22.1;bruto;Palotina
2453049;SÃO CAMILO;1986;7;48.5;bruto;Palotina
2453049;SÃO CAMILO;1986;8;131.2;bruto;Palotina
2453049;SÃO CAMILO;1986;9;139.2;bruto;Palotina
2453049;SÃO CAMILO;1986;10;121.1;bruto;Palotina
2453049;SÃO CAMILO;1986;11;77.1;bruto;Palotina
2453049;SÃO CAMILO;1986;12;155.8;bruto;Palotina
2453049;SÃO CAMILO;1987;1;91.8;bruto;Palotina
2453049;SÃO CAMILO;1987;2;292.7;bruto;Palotina
2453049;SÃO CAMILO;1987;3;68.5;bruto;Palotina
2453049;SÃO CAMILO;1987;4;140.6;bruto;Palotina
2453049;SÃO CAMILO;1987;5;327.5;bruto;Palotina
2453049;SÃO CAMILO;1987;6;120.2;bruto;Palotina
2453049;SÃO CAMILO;1987;7;97.4;bruto;Palotina
2453049;SÃO CAMILO;1987;8;54.5;bruto;Palotina
2453049;SÃO CAMILO;1987;9;17.4;bruto;Palotina
2453049;SÃO CAMILO;1987;10;164.5;bruto;Palotina
2453049;SÃO CAMILO;1987;11;150.6;bruto;Palotina
2453049;SÃO CAMILO;1987;12;139.7;bruto;Palotina
2453049;SÃO CAMILO;1988;1;23.9;bruto;Palotina
2453049;SÃO CAMILO;1988;2;167.2;bruto;Palotina
2453049;SÃO CAMILO;1988;3;45.6;bruto;Palotina
2453049;SÃO CAMILO;1988;4;197.3;bruto;Palotina
2453049;SÃO CAMILO;1988;5;207.0;bruto;Palotina
2453049;SÃO CAMILO;1988;6;88.1;bruto;Palotina
2453049;SÃO CAMILO;1988;7;0.0;bruto;Palotina
2453049;SÃO CAMILO;1988;8;9.0;bruto;Palotina
2453049;SÃO CAMILO;1988;9;11.0;bruto;Palotina
2453049;SÃO CAMILO;1988;10;142.8;bruto;Palotina
2453049;SÃO CAMILO;1988;11;67.9;bruto;Palotina
2453049;SÃO CAMILO;1988;12;133.2;bruto;Palotina
2453049;SÃO CAMILO;1989;1;288.4;bruto;Palotina
2453049;SÃO CAMILO;1989;2;172.7;bruto;Palotina
2453049;SÃO CAMILO;1989;3;125.7;bruto;Palotina
2453049;SÃO CAMILO;1989;4;153.4;bruto;Palotina
2453049;SÃO CAMILO;1989;5;27.8;bruto;Palotina
2453049;SÃO CAMILO;1989;6;124.5;bruto;Palotina
2453049;SÃO CAMILO;1989;7;108.8;bruto;Palotina
2453049;SÃO CAMILO;1989;8;214.9;bruto;Palotina
2453049;SÃO CAMILO;1989;9;242.9;bruto;Palotina
2453049;SÃO CAMILO;1989;10;194.7;bruto;Palotina
2453049;SÃO CAMILO;1989;11;75.3;bruto;Palotina
2453049;SÃO CAMILO;1989;12;76.5;bruto;Palotina
2453049;SÃO CAMILO;1990;1;207.5;bruto;Palotina
2453049;SÃO CAMILO;1990;2;75.4;bruto;Palotina
2453049;SÃO CAMILO;1990;3;76.6;bruto;Palotina
2453049;SÃO CAMILO;1990;4;139.1;bruto;Palotina
2453049;SÃO CAMILO;1990;5;154.4;bruto;Palotina
2453049;SÃO CAMILO;1990;6;170.7;bruto;Palotina
2453049;SÃO CAMILO;1990;7;101.3;bruto;Palotina
2453049;SÃO CAMILO;1990;8;149.9;bruto;Palotina
2453049;SÃO CAMILO;1990;9;228.1;bruto;Palotina
2453049;SÃO CAMILO;1990;10;102.7;bruto;Palotina
2453049;SÃO CAMILO;1990;11;205.8;bruto;Palotina
2453049;SÃO CAMILO;1990;12;101.2;bruto;Palotina
2453049;SÃO CAMILO;1991;1;198.5;bruto;Palotina
2453049;SÃO CAMILO;1991;2;28.9;bruto;Palotina
2453049;SÃO CAMILO;1991;3;102.9;bruto;Palotina
2453049;SÃO CAMILO;1991;4;98.4;bruto;Palotina
2453049;SÃO CAMILO;1991;5;52.7;bruto;Palotina
2453049;SÃO CAMILO;1991;6;164.9;bruto;Palotina
2453049;SÃO CAMILO;1991;7;16.3;bruto;Palotina
2453049;SÃO CAMILO;1991;8;32.4;bruto;Palotina
2453049;SÃO CAMILO;1991;9;244.9;bruto;Palotina
2453049;SÃO CAMILO;1991;10;166.3;bruto;Palotina
2453049;SÃO CAMILO;1991;11;100.2;bruto;Palotina
2453049;SÃO CAMILO;1991;12;221.8;bruto;Palotina
2453049;SÃO CAMILO;1992;1;6.8;bruto;Palotina
2453049;SÃO CAMILO;1992;2;289.7;bruto;Palotina
2453049;SÃO CAMILO;1992;3;196.5;bruto;Palotina
2453049;SÃO CAMILO;1992;4;306.4;bruto;Palotina
2453049;SÃO CAMILO;1992;5;507.6;bruto;Palotina
2453049;SÃO CAMILO;1992;6;99.0;bruto;Palotina
2453049;SÃO CAMILO;1992;7;94.0;bruto;Palotina
2453049;SÃO CAMILO;1992;8;101.0;bruto;Palotina
2453049;SÃO CAMILO;1992;9;164.3;bruto;Palotina
2453049;SÃO CAMILO;1992;10;265.4;bruto;Palotina
2453049;SÃO CAMILO;1992;11;136.9;bruto;Palotina
2453049;SÃO CAMILO;1992;12;84.7;bruto;Palotina
2453049;SÃO CAMILO;1993;1;117.1;bruto;Palotina
2453049;SÃO CAMILO;1993;2;68.1;bruto;Palotina
2453049;SÃO CAMILO;1993;3;93.8;bruto;Palotina
2453049;SÃO CAMILO;1993;4;133.7;bruto;Palotina
2453049;SÃO CAMILO;1993;5;181.4;bruto;Palotina
2453049;SÃO CAMILO;1993;6;81.7;bruto;Palotina
2453049;SÃO CAMILO;1993;7;126.3;bruto;Palotina
2453049;SÃO CAMILO;1993;8;5.1;bruto;Palotina
2453049;SÃO CAMILO;1993;9;253.4;bruto;Palotina
2453049;SÃO CAMILO;1993;10;218.6;bruto;Palotina
2453049;SÃO CAMILO;1993;11;149.0;bruto;Palotina
2453049;SÃO CAMILO;1993;12;77.0;bruto;Palotina
2453049;SÃO CAMILO;1994;1;80.6;bruto;Palotina
2453049;SÃO CAMILO;1994;2;292.2;bruto;Palotina
2453049;SÃO CAMILO;1994;3;63.2;bruto;Palotina
2453049;SÃO CAMILO;1994;4;90.5;bruto;Palotina
2453049;SÃO CAMILO;1994;5;124.6;bruto;Palotina
2453049;SÃO CAMILO;1994;6;164.1;bruto;Palotina
2453049;SÃO CAMILO;1994;7;85.5;bruto;Palotina
2453049;SÃO CAMILO;1994;8;19.2;bruto;Palotina
2453049;SÃO CAMILO;1994;9;67.7;bruto;Palotina
2453049;SÃO CAMILO;1994;10;232.2;bruto;Palotina
2453049;SÃO CAMILO;1994;11;174.5;bruto;Palotina
2453049;SÃO CAMILO;1994;12;124.1;bruto;Palotina
2453049;SÃO CAMILO;1995;1;321.2;bruto;Palotina
2453049;SÃO CAMILO;1995;2;112.5;bruto;Palotina
2453049;SÃO CAMILO;1995;3;107.2;bruto;Palotina
2453049;SÃO CAMILO;1995;4;206.6;bruto;Palotina
2453049;SÃO CAMILO;1995;5;25.3;bruto;Palotina
2453049;SÃO CAMILO;1995;6;21.2;bruto;Palotina
2453049;SÃO CAMILO;1995;7;73.9;bruto;Palotina
2453049;SÃO CAMILO;1995;8;18.2;bruto;Palotina
2453049;SÃO CAMILO;1995;9;94.4;bruto;Palotina
2453049;SÃO CAMILO;1995;10;190.5;bruto;Palotina
2453049;SÃO CAMILO;1995;11;168.5;bruto;Palotina
2453049;SÃO CAMILO;1995;12;144.8;bruto;Palotina
2453049;SÃO CAMILO;1996;1;148.5;bruto;Palotina
2453049;SÃO CAMILO;1996;2;154.5;bruto;Palotina
2453049;SÃO CAMILO;1996;3;233.8;bruto;Palotina
2453049;SÃO CAMILO;1996;4;50.0;bruto;Palotina
2453049;SÃO CAMILO;1996;5;62.7;bruto;Palotina
2453049;SÃO CAMILO;1996;6;30.7;bruto;Palotina
2453049;SÃO CAMILO;1996;7;20.5;bruto;Palotina
2453049;SÃO CAMILO;1996;8;44.6;bruto;Palotina
2453049;SÃO CAMILO;1996;9;105.5;bruto;Palotina
2453049;SÃO CAMILO;1996;10;250.7;bruto;Palotina
2453049;SÃO CAMILO;1996;11;104.5;bruto;Palotina
2453049;SÃO CAMILO;1996;12;204.8;bruto;Palotina
2453049;SÃO CAMILO;1997;1;219.9;bruto;Palotina
2453049;SÃO CAMILO;1997;2;362.6;bruto;Palotina
2453049;SÃO CAMILO;1997;3;55.2;bruto;Palotina
2453049;SÃO CAMILO;1997;4;6.7;bruto;Palotina
2453049;SÃO CAMILO;1997;5;170.9;bruto;Palotina
2453049;SÃO CAMILO;1997;6;;sem_leitura;Palotina
2453049;SÃO CAMILO;1997;7;;sem_leitura;Palotina
2453049;SÃO CAMILO;1997;8;;sem_leitura;Palotina
2453049;SÃO CAMILO;1997;9;;sem_leitura;Palotina
2453049;SÃO CAMILO;1997;10;;sem_leitura;Palotina
2453049;SÃO CAMILO;1997;11;;sem_leitura;Palotina
2453049;SÃO CAMILO;1997;12;;sem_leitura;Palotina
2453055;CASCAVEL;1996;1;161.8;bruto;Cascavel
2453055;CASCAVEL;1996;2;259.3;bruto;Cascavel
2453055;CASCAVEL;1996;3;364.2;bruto;Cascavel
2453055;CASCAVEL;1996;4;91.1;bruto;Cascavel
2453055;CASCAVEL;1996;5;59.7;bruto;Cascavel
2453055;CASCAVEL;1996;6;46.6;bruto;Cascavel
2453055;CASCAVEL;1996;7;30.8;bruto;Cascavel
2453055;CASCAVEL;1996;8;36.0;bruto;Cascavel
2453055;CASCAVEL;1996;9;84.6;bruto;Cascavel
2453055;CASCAVEL;1996;10;457.9;bruto;Cascavel
2453055;CASCAVEL;1996;11;103.2;bruto;Cascavel
2453055;CASCAVEL;1996;12;285.0;bruto;Cascavel
2453055;CASCAVEL;1997;1;250.6;bruto;Cascavel
2453055;CASCAVEL;1997;2;;sem_leitura;Cascavel
2453055;CASCAVEL;1997;3;;sem_leitura;Cascavel
2453055;CASCAVEL;1997;4;;sem_leitura;Cascavel
2453055;CASCAVEL;1997;5;;sem_leitura;Cascavel
2453055;CASCAVEL;1997;6;;sem_leitura;Cascavel
2453055;CASCAVEL;1997;7;;sem_leitura;Cascavel
2453055;CASCAVEL;1997;8;;sem_leitura;Cascavel
2453055;CASCAVEL;1997;9;;sem_leitura;Cascavel
2453055;CASCAVEL;1997;10;;sem_leitura;Cascavel
2453055;CASCAVEL;1997;11;;sem_leitura;Cascavel
2453055;CASCAVEL;1997;12;;sem_leitura;Cascavel
2453056;SAO JOÃO DO OESTE;1986;1;129.4;bruto;Cascavel
2453056;SAO JOÃO DO OESTE;1986;2;255.9;bruto;Cascavel
2453056;SAO JOÃO DO OESTE;1986;3;123.2;bruto;Cascavel
2453056;SAO JOÃO DO OESTE;1986;4;150.2;bruto;Cascavel
2453056;SAO JOÃO DO OESTE;1986;5;303.7;bruto;Cascavel
2453056;SAO JOÃO DO OESTE;1986;6;6.2;bruto;Cascavel
2453056;SAO JOÃO DO OESTE;1986;7;98.0;bruto;Cascavel
2453056;SAO JOÃO DO OESTE;1986;8;123.8;bruto;Cascavel
2453056;SAO JOÃO DO OESTE;1986;9;232.2;bruto;Cascavel
2453056;SAO JOÃO DO OESTE;1986;10;116.6;bruto;Cascavel
2453056;SAO JOÃO DO OESTE;1986;11;199.4;bruto;Cascavel
2453056;SAO JOÃO DO OESTE;1986;12;243.8;bruto;Cascavel
2453056;SAO JOÃO DO OESTE;1987;1;99.4;bruto;Cascavel
2453056;SAO JOÃO DO OESTE;1987;2;293.8;bruto;Cascavel
2453056;SAO JOÃO DO OESTE;1987;3;111.6;bruto;Cascavel
2453056;SAO JOÃO DO OESTE;1987;4;238.6;bruto;Cascavel
2453056;SAO JOÃO DO OESTE;1987;5;487.7;bruto;Cascavel
2453056;SAO JOÃO DO OESTE;1987;6;153.0;bruto;Cascavel
2453056;SAO JOÃO DO OESTE;1987;7;35.0;bruto;Cascavel
2453056;SAO JOÃO DO OESTE;1987;8;30.6;bruto;Cascavel
2453056;SAO JOÃO DO OESTE;1987;9;11.4;bruto;Cascavel
2453056;SAO JOÃO DO OESTE;1987;10;188.2;bruto;Cascavel
2453056;SAO JOÃO DO OESTE;1987;11;216.4;bruto;Cascavel
2453056;SAO JOÃO DO OESTE;1987;12;130.6;bruto;Cascavel
2453056;SAO JOÃO DO OESTE;1988;1;143.8;bruto;Cascavel
2453056;SAO JOÃO DO OESTE;1988;2;152.2;bruto;Cascavel
2453056;SAO JOÃO DO OESTE;1988;3;62.6;bruto;Cascavel
2453056;SAO JOÃO DO OESTE;1988;4;187.2;bruto;Cascavel
2453056;SAO JOÃO DO OESTE;1988;5;221.7;bruto;Cascavel
2453056;SAO JOÃO DO OESTE;1988;6;161.6;bruto;Cascavel
2453056;SAO JOÃO DO OESTE;1988;7;12.2;bruto;Cascavel
2453056;SAO JOÃO DO OESTE;1988;8;14.4;bruto;Cascavel
2453056;SAO JOÃO DO OESTE;1988;9;12.0;bruto;Cascavel
2453056;SAO JOÃO DO OESTE;1988;10;136.2;bruto;Cascavel
2453056;SAO JOÃO DO OESTE;1988;11;64.8;bruto;Cascavel
2453056;SAO JOÃO DO OESTE;1988;12;200.8;bruto;Cascavel
2453056;SAO JOÃO DO OESTE;1989;1;242.3;bruto;Cascavel
2453056;SAO JOÃO DO OESTE;1989;2;290.6;bruto;Cascavel
2453056;SAO JOÃO DO OESTE;1989;3;181.2;bruto;Cascavel
2453056;SAO JOÃO DO OESTE;1989;4;150.6;bruto;Cascavel
2453056;SAO JOÃO DO OESTE;1989;5;87.2;bruto;Cascavel
2453056;SAO JOÃO DO OESTE;1989;6;136.8;bruto;Cascavel
2453056;SAO JOÃO DO OESTE;1989;7;182.6;bruto;Cascavel
2453056;SAO JOÃO DO OESTE;1989;8;225.4;bruto;Cascavel
2453056;SAO JOÃO DO OESTE;1989;9;260.1;bruto;Cascavel
2453056;SAO JOÃO DO OESTE;1989;10;149.4;bruto;Cascavel
2453056;SAO JOÃO DO OESTE;1989;11;94.2;bruto;Cascavel
2453056;SAO JOÃO DO OESTE;1989;12;87.7;bruto;Cascavel
2453056;SAO JOÃO DO OESTE;1990;1;296.4;bruto;Cascavel
2453056;SAO JOÃO DO OESTE;1990;2;29.6;bruto;Cascavel
2453056;SAO JOÃO DO OESTE;1990;3;113.6;bruto;Cascavel
2453056;SAO JOÃO DO OESTE;1990;4;131.0;bruto;Cascavel
2453056;SAO JOÃO DO OESTE;1990;5;195.8;bruto;Cascavel
2453056;SAO JOÃO DO OESTE;1990;6;143.4;bruto;Cascavel
2453056;SAO JOÃO DO OESTE;1990;7;148.0;bruto;Cascavel
2453056;SAO JOÃO DO OESTE;1990;8;278.4;bruto;Cascavel
2453056;SAO JOÃO DO OESTE;1990;9;245.8;bruto;Cascavel
2453056;SAO JOÃO DO OESTE;1990;10;147.3;bruto;Cascavel
2453056;SAO JOÃO DO OESTE;1990;11;192.6;bruto;Cascavel
2453056;SAO JOÃO DO OESTE;1990;12;128.8;bruto;Cascavel
2453056;SAO JOÃO DO OESTE;1991;1;177.2;bruto;Cascavel
2453056;SAO JOÃO DO OESTE;1991;2;12.4;bruto;Cascavel
2453056;SAO JOÃO DO OESTE;1991;3;109.5;bruto;Cascavel
2453056;SAO JOÃO DO OESTE;1991;4;197.3;bruto;Cascavel
2453056;SAO JOÃO DO OESTE;1991;5;43.4;bruto;Cascavel
2453056;SAO JOÃO DO OESTE;1991;6;234.2;bruto;Cascavel
2453056;SAO JOÃO DO OESTE;1991;7;65.2;bruto;Cascavel
2453056;SAO JOÃO DO OESTE;1991;8;35.3;consistido;Cascavel
2453056;SAO JOÃO DO OESTE;1991;9;106.2;bruto;Cascavel
2453056;SAO JOÃO DO OESTE;1991;10;286.7;bruto;Cascavel
2453056;SAO JOÃO DO OESTE;1991;11;533.6;bruto;Cascavel
2453056;SAO JOÃO DO OESTE;1991;12;352.3;bruto;Cascavel
2453056;SAO JOÃO DO OESTE;1992;1;61.5;bruto;Cascavel
2453056;SAO JOÃO DO OESTE;1992;2;187.4;bruto;Cascavel
2453056;SAO JOÃO DO OESTE;1992;3;200.7;bruto;Cascavel
2453056;SAO JOÃO DO OESTE;1992;4;246.5;bruto;Cascavel
2453056;SAO JOÃO DO OESTE;1992;5;479.0;bruto;Cascavel
2453056;SAO JOÃO DO OESTE;1992;6;184.0;bruto;Cascavel
2453056;SAO JOÃO DO OESTE;1992;7;205.1;bruto;Cascavel
2453056;SAO JOÃO DO OESTE;1992;8;250.1;bruto;Cascavel
2453056;SAO JOÃO DO OESTE;1992;9;197.3;bruto;Cascavel
2453056;SAO JOÃO DO OESTE;1992;10;191.0;bruto;Cascavel
2453056;SAO JOÃO DO OESTE;1992;11;133.2;bruto;Cascavel
2453056;SAO JOÃO DO OESTE;1992;12;206.9;bruto;Cascavel
2453056;SAO JOÃO DO OESTE;1993;1;170.2;bruto;Cascavel
2453056;SAO JOÃO DO OESTE;1993;2;68.3;bruto;Cascavel
2453056;SAO JOÃO DO OESTE;1993;3;142.8;bruto;Cascavel
2453056;SAO JOÃO DO OESTE;1993;4;79.2;bruto;Cascavel
2453056;SAO JOÃO DO OESTE;1993;5;370.4;bruto;Cascavel
2453056;SAO JOÃO DO OESTE;1993;6;96.2;bruto;Cascavel
2453056;SAO JOÃO DO OESTE;1993;7;178.0;bruto;Cascavel
2453056;SAO JOÃO DO OESTE;1993;8;0.0;bruto;Cascavel
2453056;SAO JOÃO DO OESTE;1993;9;248.5;bruto;Cascavel
2453056;SAO JOÃO DO OESTE;1993;10;251.2;bruto;Cascavel
2453056;SAO JOÃO DO OESTE;1993;11;171.4;bruto;Cascavel
2453056;SAO JOÃO DO OESTE;1993;12;232.7;bruto;Cascavel
2453056;SAO JOÃO DO OESTE;1994;1;141.9;bruto;Cascavel
2453056;SAO JOÃO DO OESTE;1994;2;116.4;bruto;Cascavel
2453056;SAO JOÃO DO OESTE;1994;3;123.4;bruto;Cascavel
2453056;SAO JOÃO DO OESTE;1994;4;124.6;bruto;Cascavel
2453056;SAO JOÃO DO OESTE;1994;5;158.1;bruto;Cascavel
2453056;SAO JOÃO DO OESTE;1994;6;308.0;bruto;Cascavel
2453056;SAO JOÃO DO OESTE;1994;7;111.0;bruto;Cascavel
2453056;SAO JOÃO DO OESTE;1994;8;19.1;bruto;Cascavel
2453056;SAO JOÃO DO OESTE;1994;9;52.4;bruto;Cascavel
2453056;SAO JOÃO DO OESTE;1994;10;366.7;bruto;Cascavel
2453056;SAO JOÃO DO OESTE;1994;11;123.1;bruto;Cascavel
2453056;SAO JOÃO DO OESTE;1994;12;381.4;bruto;Cascavel
2453056;SAO JOÃO DO OESTE;1995;1;352.6;bruto;Cascavel
2453056;SAO JOÃO DO OESTE;1995;2;114.0;bruto;Cascavel
2453056;SAO JOÃO DO OESTE;1995;3;199.3;bruto;Cascavel
2453056;SAO JOÃO DO OESTE;1995;4;162.2;bruto;Cascavel
2453056;SAO JOÃO DO OESTE;1995;5;23.9;bruto;Cascavel
2453056;SAO JOÃO DO OESTE;1995;6;152.2;bruto;Cascavel
2453056;SAO JOÃO DO OESTE;1995;7;143.9;bruto;Cascavel
2453056;SAO JOÃO DO OESTE;1995;8;17.8;bruto;Cascavel
2453056;SAO JOÃO DO OESTE;1995;9;156.6;bruto;Cascavel
2453056;SAO JOÃO DO OESTE;1995;10;269.3;bruto;Cascavel
2453056;SAO JOÃO DO OESTE;1995;11;161.8;bruto;Cascavel
2453056;SAO JOÃO DO OESTE;1995;12;149.7;bruto;Cascavel
2453056;SAO JOÃO DO OESTE;1996;1;373.0;bruto;Cascavel
2453056;SAO JOÃO DO OESTE;1996;2;143.7;bruto;Cascavel
2453056;SAO JOÃO DO OESTE;1996;3;331.5;bruto;Cascavel
2453056;SAO JOÃO DO OESTE;1996;4;107.4;bruto;Cascavel
2453056;SAO JOÃO DO OESTE;1996;5;50.1;bruto;Cascavel
2453056;SAO JOÃO DO OESTE;1996;6;63.2;bruto;Cascavel
2453056;SAO JOÃO DO OESTE;1996;7;29.6;bruto;Cascavel
2453056;SAO JOÃO DO OESTE;1996;8;41.3;bruto;Cascavel
2453056;SAO JOÃO DO OESTE;1996;9;163.2;bruto;Cascavel
2453056;SAO JOÃO DO OESTE;1996;10;463.7;bruto;Cascavel
2453056;SAO JOÃO DO OESTE;1996;11;291.4;bruto;Cascavel
2453056;SAO JOÃO DO OESTE;1996;12;281.8;bruto;Cascavel
2453056;SAO JOÃO DO OESTE;1997;1;269.4;bruto;Cascavel
2453056;SAO JOÃO DO OESTE;1997;2;211.3;bruto;Cascavel
2453056;SAO JOÃO DO OESTE;1997;3;15.8;bruto;Cascavel
2453056;SAO JOÃO DO OESTE;1997;4;26.4;bruto;Cascavel
2453056;SAO JOÃO DO OESTE;1997;5;243.8;bruto;Cascavel
2453056;SAO JOÃO DO OESTE;1997;6;320.2;bruto;Cascavel
2453056;SAO JOÃO DO OESTE;1997;7;91.6;bruto;Cascavel
2453056;SAO JOÃO DO OESTE;1997;8;179.5;bruto;Cascavel
2453056;SAO JOÃO DO OESTE;1997;9;188.3;bruto;Cascavel
2453056;SAO JOÃO DO OESTE;1997;10;308.9;bruto;Cascavel
2453056;SAO JOÃO DO OESTE;1997;11;348.8;bruto;Cascavel
2453056;SAO JOÃO DO OESTE;1997;12;119.0;bruto;Cascavel
2453056;SAO JOÃO DO OESTE;1998;1;108.5;bruto;Cascavel
2453056;SAO JOÃO DO OESTE;1998;2;409.3;bruto;Cascavel
2453056;SAO JOÃO DO OESTE;1998;3;361.5;bruto;Cascavel
2453056;SAO JOÃO DO OESTE;1998;4;499.9;bruto;Cascavel
2453056;SAO JOÃO DO OESTE;1998;5;174.1;bruto;Cascavel
2453056;SAO JOÃO DO OESTE;1998;6;69.2;bruto;Cascavel
2453056;SAO JOÃO DO OESTE;1998;7;18.8;bruto;Cascavel
2453056;SAO JOÃO DO OESTE;1998;8;235.3;bruto;Cascavel
2453056;SAO JOÃO DO OESTE;1998;9;368.9;bruto;Cascavel
2453056;SAO JOÃO DO OESTE;1998;10;346.7;bruto;Cascavel
2453056;SAO JOÃO DO OESTE;1998;11;47.6;bruto;Cascavel
2453056;SAO JOÃO DO OESTE;1998;12;188.4;bruto;Cascavel
2453056;SAO JOÃO DO OESTE;1999;1;254.4;bruto;Cascavel
2453056;SAO JOÃO DO OESTE;1999;2;231.2;bruto;Cascavel
2453056;SAO JOÃO DO OESTE;1999;3;100.5;bruto;Cascavel
2453056;SAO JOÃO DO OESTE;1999;4;245.8;bruto;Cascavel
2453056;SAO JOÃO DO OESTE;1999;5;163.3;bruto;Cascavel
2453056;SAO JOÃO DO OESTE;1999;6;172.2;bruto;Cascavel
2453056;SAO JOÃO DO OESTE;1999;7;58.2;bruto;Cascavel
2453056;SAO JOÃO DO OESTE;1999;8;6.6;bruto;Cascavel
2453056;SAO JOÃO DO OESTE;1999;9;201.6;bruto;Cascavel
2453056;SAO JOÃO DO OESTE;1999;10;46.9;bruto;Cascavel
2453056;SAO JOÃO DO OESTE;1999;11;54.1;bruto;Cascavel
2453056;SAO JOÃO DO OESTE;1999;12;262.1;bruto;Cascavel
2453056;SAO JOÃO DO OESTE;2000;1;200.1;bruto;Cascavel
2453056;SAO JOÃO DO OESTE;2000;2;349.8;bruto;Cascavel
2453056;SAO JOÃO DO OESTE;2000;3;172.3;bruto;Cascavel
2453056;SAO JOÃO DO OESTE;2000;4;70.5;bruto;Cascavel
2453056;SAO JOÃO DO OESTE;2000;5;88.4;bruto;Cascavel
2453056;SAO JOÃO DO OESTE;2000;6;171.3;bruto;Cascavel
2453056;SAO JOÃO DO OESTE;2000;7;119.4;bruto;Cascavel
2453056;SAO JOÃO DO OESTE;2000;8;100.4;bruto;Cascavel
2453056;SAO JOÃO DO OESTE;2000;9;235.9;bruto;Cascavel
2453056;SAO JOÃO DO OESTE;2000;10;264.0;bruto;Cascavel
2453056;SAO JOÃO DO OESTE;2000;11;169.5;bruto;Cascavel
2453056;SAO JOÃO DO OESTE;2000;12;242.0;bruto;Cascavel
2453056;SAO JOÃO DO OESTE;2001;1;257.2;bruto;Cascavel
2453056;SAO JOÃO DO OESTE;2001;2;398.1;bruto;Cascavel
2453056;SAO JOÃO DO OESTE;2001;3;189.9;bruto;Cascavel
2453056;SAO JOÃO DO OESTE;2001;4;95.2;bruto;Cascavel
2453056;SAO JOÃO DO OESTE;2001;5;176.2;bruto;Cascavel
2453056;SAO JOÃO DO OESTE;2001;6;108.2;bruto;Cascavel
2453056;SAO JOÃO DO OESTE;2001;7;133.5;bruto;Cascavel
2453056;SAO JOÃO DO OESTE;2001;8;110.2;bruto;Cascavel
2453056;SAO JOÃO DO OESTE;2001;9;177.2;bruto;Cascavel
2453056;SAO JOÃO DO OESTE;2001;10;129.3;bruto;Cascavel
2453056;SAO JOÃO DO OESTE;2001;11;171.1;bruto;Cascavel
2453056;SAO JOÃO DO OESTE;2001;12;123.8;bruto;Cascavel
2453056;SAO JOÃO DO OESTE;2002;1;206.4;bruto;Cascavel
2453056;SAO JOÃO DO OESTE;2002;2;62.1;bruto;Cascavel
2453056;SAO JOÃO DO OESTE;2002;3;110.1;bruto;Cascavel
2453056;SAO JOÃO DO OESTE;2002;4;36.8;bruto;Cascavel
2453056;SAO JOÃO DO OESTE;2002;5;550.4;bruto;Cascavel
2453056;SAO JOÃO DO OESTE;2002;6;12.0;bruto;Cascavel
2453056;SAO JOÃO DO OESTE;2002;7;93.3;bruto;Cascavel
2453056;SAO JOÃO DO OESTE;2002;8;102.3;bruto;Cascavel
2453056;SAO JOÃO DO OESTE;2002;9;127.2;bruto;Cascavel
2453056;SAO JOÃO DO OESTE;2002;10;238.5;bruto;Cascavel
2453056;SAO JOÃO DO OESTE;2002;11;288.7;bruto;Cascavel
2453056;SAO JOÃO DO OESTE;2002;12;172.8;bruto;Cascavel
2453056;SAO JOÃO DO OESTE;2003;1;212.6;bruto;Cascavel
2453056;SAO JOÃO DO OESTE;2003;2;294.9;bruto;Cascavel
2453056;SAO JOÃO DO OESTE;2003;3;182.2;bruto;Cascavel
2453056;SAO JOÃO DO OESTE;2003;4;165.9;bruto;Cascavel
2453056;SAO JOÃO DO OESTE;2003;5;72.2;consistido;Cascavel
2453056;SAO JOÃO DO OESTE;2003;6;119.2;consistido;Cascavel
2453056;SAO JOÃO DO OESTE;2003;7;176.7;bruto;Cascavel
2453056;SAO JOÃO DO OESTE;2003;8;75.9;bruto;Cascavel
2453056;SAO JOÃO DO OESTE;2003;9;132.8;bruto;Cascavel
2453056;SAO JOÃO DO OESTE;2003;10;252.6;bruto;Cascavel
2453056;SAO JOÃO DO OESTE;2003;11;183.0;bruto;Cascavel
2453056;SAO JOÃO DO OESTE;2003;12;291.2;bruto;Cascavel
2453056;SAO JOÃO DO OESTE;2004;1;56.4;bruto;Cascavel
2453056;SAO JOÃO DO OESTE;2004;2;90.8;bruto;Cascavel
2453056;SAO JOÃO DO OESTE;2004;3;62.5;bruto;Cascavel
2453056;SAO JOÃO DO OESTE;2004;4;89.3;bruto;Cascavel
2453056;SAO JOÃO DO OESTE;2004;5;353.3;bruto;Cascavel
2453056;SAO JOÃO DO OESTE;2004;6;170.9;bruto;Cascavel
2453056;SAO JOÃO DO OESTE;2004;7;142.1;bruto;Cascavel
2453056;SAO JOÃO DO OESTE;2004;8;23.0;bruto;Cascavel
2453056;SAO JOÃO DO OESTE;2004;9;76.1;bruto;Cascavel
2453056;SAO JOÃO DO OESTE;2004;10;384.1;bruto;Cascavel
2453056;SAO JOÃO DO OESTE;2004;11;215.3;bruto;Cascavel
2453056;SAO JOÃO DO OESTE;2004;12;94.6;bruto;Cascavel
2453056;SAO JOÃO DO OESTE;2005;1;214.1;bruto;Cascavel
2453056;SAO JOÃO DO OESTE;2005;2;47.2;bruto;Cascavel
2453056;SAO JOÃO DO OESTE;2005;3;46.8;bruto;Cascavel
2453056;SAO JOÃO DO OESTE;2005;4;113.0;bruto;Cascavel
2453056;SAO JOÃO DO OESTE;2005;5;281.0;bruto;Cascavel
2453056;SAO JOÃO DO OESTE;2005;6;238.2;bruto;Cascavel
2453056;SAO JOÃO DO OESTE;2005;7;51.6;bruto;Cascavel
2453056;SAO JOÃO DO OESTE;2005;8;120.3;bruto;Cascavel
2453056;SAO JOÃO DO OESTE;2005;9;210.9;bruto;Cascavel
2453056;SAO JOÃO DO OESTE;2005;10;428.6;bruto;Cascavel
2453056;SAO JOÃO DO OESTE;2005;11;43.9;bruto;Cascavel
2453056;SAO JOÃO DO OESTE;2005;12;73.1;bruto;Cascavel
2453056;SAO JOÃO DO OESTE;2006;1;313.6;bruto;Cascavel
2453056;SAO JOÃO DO OESTE;2006;2;101.2;bruto;Cascavel
2453056;SAO JOÃO DO OESTE;2006;3;241.8;bruto;Cascavel
2453056;SAO JOÃO DO OESTE;2006;4;112.5;bruto;Cascavel
2453056;SAO JOÃO DO OESTE;2006;5;6.7;bruto;Cascavel
2453056;SAO JOÃO DO OESTE;2006;6;105.5;bruto;Cascavel
2453056;SAO JOÃO DO OESTE;2006;7;66.5;bruto;Cascavel
2453056;SAO JOÃO DO OESTE;2006;8;86.5;bruto;Cascavel
2453056;SAO JOÃO DO OESTE;2006;9;177.2;bruto;Cascavel
2453056;SAO JOÃO DO OESTE;2006;10;150.2;bruto;Cascavel
2453056;SAO JOÃO DO OESTE;2006;11;256.8;bruto;Cascavel
2453056;SAO JOÃO DO OESTE;2006;12;165.4;bruto;Cascavel
2453056;SAO JOÃO DO OESTE;2007;1;218.2;bruto;Cascavel
2453056;SAO JOÃO DO OESTE;2007;2;119.5;bruto;Cascavel
2453056;SAO JOÃO DO OESTE;2007;3;143.7;bruto;Cascavel
2453056;SAO JOÃO DO OESTE;2007;4;364.4;bruto;Cascavel
2453056;SAO JOÃO DO OESTE;2007;5;195.5;bruto;Cascavel
2453056;SAO JOÃO DO OESTE;2007;6;5.1;bruto;Cascavel
2453056;SAO JOÃO DO OESTE;2007;7;76.9;bruto;Cascavel
2453056;SAO JOÃO DO OESTE;2007;8;15.1;bruto;Cascavel
2453056;SAO JOÃO DO OESTE;2007;9;62.2;bruto;Cascavel
2453056;SAO JOÃO DO OESTE;2007;10;91.1;bruto;Cascavel
2453056;SAO JOÃO DO OESTE;2007;11;201.5;bruto;Cascavel
2453056;SAO JOÃO DO OESTE;2007;12;196.4;bruto;Cascavel
2453056;SAO JOÃO DO OESTE;2008;1;214.2;bruto;Cascavel
2453056;SAO JOÃO DO OESTE;2008;2;149.4;bruto;Cascavel
2453056;SAO JOÃO DO OESTE;2008;3;69.1;bruto;Cascavel
2453056;SAO JOÃO DO OESTE;2008;4;187.5;bruto;Cascavel
2453056;SAO JOÃO DO OESTE;2008;5;61.4;bruto;Cascavel
2453056;SAO JOÃO DO OESTE;2008;6;157.7;bruto;Cascavel
2453056;SAO JOÃO DO OESTE;2008;7;105.4;bruto;Cascavel
2453056;SAO JOÃO DO OESTE;2008;8;139.2;bruto;Cascavel
2453056;SAO JOÃO DO OESTE;2008;9;70.6;bruto;Cascavel
2453056;SAO JOÃO DO OESTE;2008;10;310.7;bruto;Cascavel
2453056;SAO JOÃO DO OESTE;2008;11;167.8;bruto;Cascavel
2453056;SAO JOÃO DO OESTE;2008;12;24.0;bruto;Cascavel
2453056;SAO JOÃO DO OESTE;2009;1;204.3;bruto;Cascavel
2453056;SAO JOÃO DO OESTE;2009;2;156.8;bruto;Cascavel
2453056;SAO JOÃO DO OESTE;2009;3;117.0;bruto;Cascavel
2453056;SAO JOÃO DO OESTE;2009;4;44.9;bruto;Cascavel
2453056;SAO JOÃO DO OESTE;2009;5;205.2;bruto;Cascavel
2453056;SAO JOÃO DO OESTE;2009;6;119.0;bruto;Cascavel
2453056;SAO JOÃO DO OESTE;2009;7;148.1;bruto;Cascavel
2453056;SAO JOÃO DO OESTE;2009;8;75.1;bruto;Cascavel
2453056;SAO JOÃO DO OESTE;2009;9;203.4;bruto;Cascavel
2453056;SAO JOÃO DO OESTE;2009;10;322.0;bruto;Cascavel
2453056;SAO JOÃO DO OESTE;2009;11;219.4;bruto;Cascavel
2453056;SAO JOÃO DO OESTE;2009;12;241.8;bruto;Cascavel
2453056;SAO JOÃO DO OESTE;2010;1;205.6;bruto;Cascavel
2453056;SAO JOÃO DO OESTE;2010;2;185.7;bruto;Cascavel
2453056;SAO JOÃO DO OESTE;2010;3;176.6;bruto;Cascavel
2453056;SAO JOÃO DO OESTE;2010;4;257.6;bruto;Cascavel
2453056;SAO JOÃO DO OESTE;2010;5;88.6;bruto;Cascavel
2453056;SAO JOÃO DO OESTE;2010;6;30.4;bruto;Cascavel
2453056;SAO JOÃO DO OESTE;2010;7;111.5;bruto;Cascavel
2453056;SAO JOÃO DO OESTE;2010;8;31.9;bruto;Cascavel
2453056;SAO JOÃO DO OESTE;2010;9;69.8;bruto;Cascavel
2453056;SAO JOÃO DO OESTE;2010;10;194.7;bruto;Cascavel
2453056;SAO JOÃO DO OESTE;2010;11;94.5;bruto;Cascavel
2453056;SAO JOÃO DO OESTE;2010;12;291.3;bruto;Cascavel
2453056;SAO JOÃO DO OESTE;2011;1;219.1;bruto;Cascavel
2453056;SAO JOÃO DO OESTE;2011;2;310.8;bruto;Cascavel
2453056;SAO JOÃO DO OESTE;2011;3;96.8;bruto;Cascavel
2453056;SAO JOÃO DO OESTE;2011;4;124.0;bruto;Cascavel
2453056;SAO JOÃO DO OESTE;2011;5;4.8;bruto;Cascavel
2453056;SAO JOÃO DO OESTE;2011;6;83.2;bruto;Cascavel
2453056;SAO JOÃO DO OESTE;2011;7;276.3;bruto;Cascavel
2453056;SAO JOÃO DO OESTE;2011;8;362.0;bruto;Cascavel
2453056;SAO JOÃO DO OESTE;2011;9;64.3;bruto;Cascavel
2453056;SAO JOÃO DO OESTE;2011;10;332.2;bruto;Cascavel
2453056;SAO JOÃO DO OESTE;2011;11;173.2;bruto;Cascavel
2453056;SAO JOÃO DO OESTE;2011;12;101.8;bruto;Cascavel
2453056;SAO JOÃO DO OESTE;2012;1;221.1;bruto;Cascavel
2453056;SAO JOÃO DO OESTE;2012;2;135.6;bruto;Cascavel
2453056;SAO JOÃO DO OESTE;2012;3;71.2;bruto;Cascavel
2453056;SAO JOÃO DO OESTE;2012;4;291.0;bruto;Cascavel
2453056;SAO JOÃO DO OESTE;2012;5;53.0;bruto;Cascavel
2453056;SAO JOÃO DO OESTE;2012;6;282.6;bruto;Cascavel
2453056;SAO JOÃO DO OESTE;2012;7;57.2;bruto;Cascavel
2453056;SAO JOÃO DO OESTE;2012;8;1.7;bruto;Cascavel
2453056;SAO JOÃO DO OESTE;2012;9;46.0;bruto;Cascavel
2453056;SAO JOÃO DO OESTE;2012;10;234.6;bruto;Cascavel
2453056;SAO JOÃO DO OESTE;2012;11;144.5;bruto;Cascavel
2453056;SAO JOÃO DO OESTE;2012;12;195.6;bruto;Cascavel
2453056;SAO JOÃO DO OESTE;2013;1;157.3;bruto;Cascavel
2453056;SAO JOÃO DO OESTE;2013;2;178.1;bruto;Cascavel
2453056;SAO JOÃO DO OESTE;2013;3;417.5;bruto;Cascavel
2453056;SAO JOÃO DO OESTE;2013;4;92.2;bruto;Cascavel
2453056;SAO JOÃO DO OESTE;2013;5;235.9;bruto;Cascavel
2453056;SAO JOÃO DO OESTE;2013;6;403.8;bruto;Cascavel
2453056;SAO JOÃO DO OESTE;2013;7;22.7;bruto;Cascavel
2453056;SAO JOÃO DO OESTE;2013;8;22.8;bruto;Cascavel
2453056;SAO JOÃO DO OESTE;2013;9;143.0;bruto;Cascavel
2453056;SAO JOÃO DO OESTE;2013;10;145.2;bruto;Cascavel
2453056;SAO JOÃO DO OESTE;2013;11;154.4;bruto;Cascavel
2453056;SAO JOÃO DO OESTE;2013;12;173.8;bruto;Cascavel
2453056;SAO JOÃO DO OESTE;2014;1;152.4;bruto;Cascavel
2453056;SAO JOÃO DO OESTE;2014;2;130.7;bruto;Cascavel
2453056;SAO JOÃO DO OESTE;2014;3;188.2;bruto;Cascavel
2453056;SAO JOÃO DO OESTE;2014;4;176.9;bruto;Cascavel
2453056;SAO JOÃO DO OESTE;2014;5;273.3;bruto;Cascavel
2453056;SAO JOÃO DO OESTE;2014;6;478.6;bruto;Cascavel
2453056;SAO JOÃO DO OESTE;2014;7;102.2;bruto;Cascavel
2453056;SAO JOÃO DO OESTE;2014;8;65.3;bruto;Cascavel
2453056;SAO JOÃO DO OESTE;2014;9;302.5;bruto;Cascavel
2453056;SAO JOÃO DO OESTE;2014;10;92.8;bruto;Cascavel
2453056;SAO JOÃO DO OESTE;2014;11;242.2;bruto;Cascavel
2453056;SAO JOÃO DO OESTE;2014;12;128.7;bruto;Cascavel
2453056;SAO JOÃO DO OESTE;2015;1;120.3;bruto;Cascavel
2453056;SAO JOÃO DO OESTE;2015;2;310.4;bruto;Cascavel
2453056;SAO JOÃO DO OESTE;2015;3;165.2;bruto;Cascavel
2453056;SAO JOÃO DO OESTE;2015;4;66.0;bruto;Cascavel
2453056;SAO JOÃO DO OESTE;2015;5;211.1;bruto;Cascavel
2453056;SAO JOÃO DO OESTE;2015;6;82.5;bruto;Cascavel
2453056;SAO JOÃO DO OESTE;2015;7;449.2;bruto;Cascavel
2453056;SAO JOÃO DO OESTE;2015;8;65.4;bruto;Cascavel
2453056;SAO JOÃO DO OESTE;2015;9;165.0;bruto;Cascavel
2453056;SAO JOÃO DO OESTE;2015;10;180.1;bruto;Cascavel
2453056;SAO JOÃO DO OESTE;2015;11;303.3;bruto;Cascavel
2453056;SAO JOÃO DO OESTE;2015;12;236.4;bruto;Cascavel
2453056;SAO JOÃO DO OESTE;2016;1;202.6;bruto;Cascavel
2453056;SAO JOÃO DO OESTE;2016;2;389.2;bruto;Cascavel
2453056;SAO JOÃO DO OESTE;2016;3;128.1;bruto;Cascavel
2453056;SAO JOÃO DO OESTE;2016;4;65.6;bruto;Cascavel
2453056;SAO JOÃO DO OESTE;2016;5;242.7;bruto;Cascavel
2453056;SAO JOÃO DO OESTE;2016;6;68.7;bruto;Cascavel
2453056;SAO JOÃO DO OESTE;2016;7;20.7;bruto;Cascavel
2453056;SAO JOÃO DO OESTE;2016;8;306.4;bruto;Cascavel
2453056;SAO JOÃO DO OESTE;2016;9;65.4;bruto;Cascavel
2453056;SAO JOÃO DO OESTE;2016;10;231.4;bruto;Cascavel
2453056;SAO JOÃO DO OESTE;2016;11;103.0;bruto;Cascavel
2453056;SAO JOÃO DO OESTE;2016;12;225.5;bruto;Cascavel
2453056;SAO JOÃO DO OESTE;2017;1;228.1;bruto;Cascavel
2453056;SAO JOÃO DO OESTE;2017;2;186.4;bruto;Cascavel
2453056;SAO JOÃO DO OESTE;2017;3;135.6;bruto;Cascavel
2453056;SAO JOÃO DO OESTE;2017;4;157.9;bruto;Cascavel
2453056;SAO JOÃO DO OESTE;2017;5;184.4;bruto;Cascavel
2453056;SAO JOÃO DO OESTE;2017;6;126.5;bruto;Cascavel
2453056;SAO JOÃO DO OESTE;2017;7;0.0;bruto;Cascavel
2453056;SAO JOÃO DO OESTE;2017;8;130.5;bruto;Cascavel
2453056;SAO JOÃO DO OESTE;2017;9;31.1;bruto;Cascavel
2453056;SAO JOÃO DO OESTE;2017;10;486.3;bruto;Cascavel
2453056;SAO JOÃO DO OESTE;2017;11;225.8;bruto;Cascavel
2453056;SAO JOÃO DO OESTE;2017;12;240.8;bruto;Cascavel
2453056;SAO JOÃO DO OESTE;2018;1;260.8;bruto;Cascavel
2453056;SAO JOÃO DO OESTE;2018;2;179.3;bruto;Cascavel
2453056;SAO JOÃO DO OESTE;2018;3;245.2;bruto;Cascavel
2453056;SAO JOÃO DO OESTE;2018;4;0.0;bruto;Cascavel
2453056;SAO JOÃO DO OESTE;2018;5;69.6;bruto;Cascavel
2453056;SAO JOÃO DO OESTE;2018;6;71.7;consistido;Cascavel
2453056;SAO JOÃO DO OESTE;2018;7;5.3;bruto;Cascavel
2453056;SAO JOÃO DO OESTE;2018;8;110.9;bruto;Cascavel
2453056;SAO JOÃO DO OESTE;2018;9;180.8;bruto;Cascavel
2453056;SAO JOÃO DO OESTE;2018;10;216.1;bruto;Cascavel
2453056;SAO JOÃO DO OESTE;2018;11;186.6;bruto;Cascavel
2453056;SAO JOÃO DO OESTE;2018;12;110.3;bruto;Cascavel
2453056;SAO JOÃO DO OESTE;2019;1;119.6;bruto;Cascavel
2453056;SAO JOÃO DO OESTE;2019;2;154.3;bruto;Cascavel
2453056;SAO JOÃO DO OESTE;2019;3;138.4;bruto;Cascavel
2453056;SAO JOÃO DO OESTE;2019;4;145.3;bruto;Cascavel
2453056;SAO JOÃO DO OESTE;2019;5;255.0;bruto;Cascavel
2453056;SAO JOÃO DO OESTE;2019;6;28.6;bruto;Cascavel
2453056;SAO JOÃO DO OESTE;2019;7;50.7;bruto;Cascavel
2453056;SAO JOÃO DO OESTE;2019;8;7.4;bruto;Cascavel
2453056;SAO JOÃO DO OESTE;2019;9;34.9;bruto;Cascavel
2453056;SAO JOÃO DO OESTE;2019;10;96.7;bruto;Cascavel
2453056;SAO JOÃO DO OESTE;2019;11;74.3;bruto;Cascavel
2453056;SAO JOÃO DO OESTE;2019;12;442.4;bruto;Cascavel
2453056;SAO JOÃO DO OESTE;2020;1;75.5;bruto;Cascavel
2453056;SAO JOÃO DO OESTE;2020;2;86.4;bruto;Cascavel
2453056;SAO JOÃO DO OESTE;2020;3;92.7;bruto;Cascavel
2453056;SAO JOÃO DO OESTE;2020;4;28.5;bruto;Cascavel
2453056;SAO JOÃO DO OESTE;2020;5;167.6;bruto;Cascavel
2453056;SAO JOÃO DO OESTE;2020;6;69.4;bruto;Cascavel
2453056;SAO JOÃO DO OESTE;2020;7;87.2;bruto;Cascavel
2453056;SAO JOÃO DO OESTE;2020;8;122.4;bruto;Cascavel
2453056;SAO JOÃO DO OESTE;2020;9;26.9;bruto;Cascavel
2453056;SAO JOÃO DO OESTE;2020;10;39.4;bruto;Cascavel
2453056;SAO JOÃO DO OESTE;2020;11;81.2;bruto;Cascavel
2453056;SAO JOÃO DO OESTE;2020;12;234.5;bruto;Cascavel
2453056;SAO JOÃO DO OESTE;2021;1;374.2;bruto;Cascavel
2453056;SAO JOÃO DO OESTE;2021;2;81.0;bruto;Cascavel
2453056;SAO JOÃO DO OESTE;2021;3;131.8;bruto;Cascavel
2453056;SAO JOÃO DO OESTE;2021;4;61.0;bruto;Cascavel
2453056;SAO JOÃO DO OESTE;2021;5;27.7;bruto;Cascavel
2453056;SAO JOÃO DO OESTE;2021;6;90.8;bruto;Cascavel
2453056;SAO JOÃO DO OESTE;2021;7;22.4;bruto;Cascavel
2453056;SAO JOÃO DO OESTE;2021;8;50.5;bruto;Cascavel
2453056;SAO JOÃO DO OESTE;2021;9;35.4;bruto;Cascavel
2453056;SAO JOÃO DO OESTE;2021;10;446.9;bruto;Cascavel
2453056;SAO JOÃO DO OESTE;2021;11;68.8;bruto;Cascavel
2453056;SAO JOÃO DO OESTE;2021;12;37.2;bruto;Cascavel
2453056;SAO JOÃO DO OESTE;2022;1;159.5;bruto;Cascavel
2453056;SAO JOÃO DO OESTE;2022;2;65.9;bruto;Cascavel
2453056;SAO JOÃO DO OESTE;2022;3;322.6;bruto;Cascavel
2453056;SAO JOÃO DO OESTE;2022;4;258.5;bruto;Cascavel
2453056;SAO JOÃO DO OESTE;2022;5;135.0;bruto;Cascavel
2453056;SAO JOÃO DO OESTE;2022;6;126.5;bruto;Cascavel
2453056;SAO JOÃO DO OESTE;2022;7;32.3;bruto;Cascavel
2453056;SAO JOÃO DO OESTE;2022;8;212.8;bruto;Cascavel
2453056;SAO JOÃO DO OESTE;2022;9;220.1;bruto;Cascavel
2453056;SAO JOÃO DO OESTE;2022;10;507.6;bruto;Cascavel
2453056;SAO JOÃO DO OESTE;2022;11;79.0;bruto;Cascavel
2453056;SAO JOÃO DO OESTE;2022;12;106.7;bruto;Cascavel
2453056;SAO JOÃO DO OESTE;2023;1;218.9;bruto;Cascavel
2453056;SAO JOÃO DO OESTE;2023;2;368.3;bruto;Cascavel
2453056;SAO JOÃO DO OESTE;2023;3;206.8;bruto;Cascavel
2453056;SAO JOÃO DO OESTE;2023;4;143.1;bruto;Cascavel
2453056;SAO JOÃO DO OESTE;2023;5;80.3;bruto;Cascavel
2453056;SAO JOÃO DO OESTE;2023;6;88.7;bruto;Cascavel
2453056;SAO JOÃO DO OESTE;2023;7;101.5;bruto;Cascavel
2453056;SAO JOÃO DO OESTE;2023;8;128.8;bruto;Cascavel
2453056;SAO JOÃO DO OESTE;2023;9;178.4;bruto;Cascavel
2453056;SAO JOÃO DO OESTE;2023;10;309.7;bruto;Cascavel
2453056;SAO JOÃO DO OESTE;2023;11;210.4;bruto;Cascavel
2453056;SAO JOÃO DO OESTE;2023;12;247.9;bruto;Cascavel
2453056;SAO JOÃO DO OESTE;2024;1;67.3;bruto;Cascavel
2453056;SAO JOÃO DO OESTE;2024;2;204.7;bruto;Cascavel
2453056;SAO JOÃO DO OESTE;2024;3;27.0;bruto;Cascavel
2453056;SAO JOÃO DO OESTE;2024;4;205.5;bruto;Cascavel
2453056;SAO JOÃO DO OESTE;2024;5;111.5;bruto;Cascavel
2453056;SAO JOÃO DO OESTE;2024;6;17.0;bruto;Cascavel
2453056;SAO JOÃO DO OESTE;2024;7;155.6;bruto;Cascavel
2453056;SAO JOÃO DO OESTE;2024;8;45.1;bruto;Cascavel
2453056;SAO JOÃO DO OESTE;2024;9;121.8;bruto;Cascavel
2453056;SAO JOÃO DO OESTE;2024;10;118.2;bruto;Cascavel
2453056;SAO JOÃO DO OESTE;2024;11;157.2;bruto;Cascavel
2453056;SAO JOÃO DO OESTE;2024;12;188.9;bruto;Cascavel
2453056;SAO JOÃO DO OESTE;2025;1;51.2;bruto;Cascavel
2453056;SAO JOÃO DO OESTE;2025;2;56.0;bruto;Cascavel
2453056;SAO JOÃO DO OESTE;2025;3;31.1;bruto;Cascavel
2453056;SAO JOÃO DO OESTE;2025;4;96.0;bruto;Cascavel
2453056;SAO JOÃO DO OESTE;2025;5;126.1;bruto;Cascavel
2453056;SAO JOÃO DO OESTE;2025;6;167.8;bruto;Cascavel
2453056;SAO JOÃO DO OESTE;2025;7;53.0;bruto;Cascavel
2453056;SAO JOÃO DO OESTE;2025;8;0.0;bruto;Cascavel
2453056;SAO JOÃO DO OESTE;2025;9;142.8;bruto;Cascavel
2453056;SAO JOÃO DO OESTE;2025;10;299.4;bruto;Cascavel
2453056;SAO JOÃO DO OESTE;2025;11;188.5;bruto;Cascavel
2453056;SAO JOÃO DO OESTE;2025;12;156.2;bruto;Cascavel
2453058;TOLEDO;1986;1;96.7;bruto;Toledo
2453058;TOLEDO;1986;2;289.3;bruto;Toledo
2453058;TOLEDO;1986;3;83.6;bruto;Toledo
2453058;TOLEDO;1986;4;179.1;bruto;Toledo
2453058;TOLEDO;1986;5;365.3;bruto;Toledo
2453058;TOLEDO;1986;6;31.8;bruto;Toledo
2453058;TOLEDO;1986;7;73.1;bruto;Toledo
2453058;TOLEDO;1986;8;146.3;bruto;Toledo
2453058;TOLEDO;1986;9;156.8;bruto;Toledo
2453058;TOLEDO;1986;10;165.1;bruto;Toledo
2453058;TOLEDO;1986;11;107.0;bruto;Toledo
2453058;TOLEDO;1986;12;252.8;bruto;Toledo
2453058;TOLEDO;1987;1;144.0;bruto;Toledo
2453058;TOLEDO;1987;2;312.0;bruto;Toledo
2453058;TOLEDO;1987;3;95.9;consistido;Toledo
2453058;TOLEDO;1987;4;335.5;bruto;Toledo
2453058;TOLEDO;1987;5;346.8;bruto;Toledo
2453058;TOLEDO;1987;6;108.2;bruto;Toledo
2453058;TOLEDO;1987;7;62.7;bruto;Toledo
2453058;TOLEDO;1987;8;61.7;bruto;Toledo
2453058;TOLEDO;1987;9;24.9;consistido;Toledo
2453058;TOLEDO;1987;10;142.2;consistido;Toledo
2453058;TOLEDO;1987;11;61.9;bruto;Toledo
2453058;TOLEDO;1987;12;291.7;bruto;Toledo
2453058;TOLEDO;1990;1;;sem_leitura;Toledo
2453058;TOLEDO;1990;2;;sem_leitura;Toledo
2453058;TOLEDO;1990;3;;sem_leitura;Toledo
2453058;TOLEDO;1990;4;;sem_leitura;Toledo
2453058;TOLEDO;1990;5;;sem_leitura;Toledo
2453058;TOLEDO;1990;6;;sem_leitura;Toledo
2453058;TOLEDO;1990;7;;sem_leitura;Toledo
2453058;TOLEDO;1990;8;94.7;bruto;Toledo
2453058;TOLEDO;1990;9;271.9;bruto;Toledo
2453058;TOLEDO;1990;10;156.5;bruto;Toledo
2453058;TOLEDO;1990;11;208.3;bruto;Toledo
2453058;TOLEDO;1990;12;118.7;bruto;Toledo
2453058;TOLEDO;1991;1;276.6;bruto;Toledo
2453058;TOLEDO;1991;2;31.3;bruto;Toledo
2453058;TOLEDO;1991;3;169.8;bruto;Toledo
2453058;TOLEDO;1991;4;134.0;bruto;Toledo
2453058;TOLEDO;1991;5;39.0;bruto;Toledo
2453058;TOLEDO;1991;6;236.0;bruto;Toledo
2453058;TOLEDO;1991;7;45.3;bruto;Toledo
2453058;TOLEDO;1991;8;26.1;bruto;Toledo
2453058;TOLEDO;1991;9;180.5;bruto;Toledo
2453058;TOLEDO;1991;10;225.1;bruto;Toledo
2453058;TOLEDO;1991;11;154.2;bruto;Toledo
2453058;TOLEDO;1991;12;426.5;bruto;Toledo
2453059;TOLEDO;1986;1;139.2;bruto;Toledo
2453059;TOLEDO;1986;2;263.0;bruto;Toledo
2453059;TOLEDO;1986;3;94.6;bruto;Toledo
2453059;TOLEDO;1986;4;140.0;bruto;Toledo
2453059;TOLEDO;1986;5;312.6;bruto;Toledo
2453059;TOLEDO;1986;6;25.2;bruto;Toledo
2453059;TOLEDO;1986;7;43.2;bruto;Toledo
2453059;TOLEDO;1986;8;124.8;bruto;Toledo
2453059;TOLEDO;1986;9;153.3;bruto;Toledo
2453059;TOLEDO;1986;10;139.4;bruto;Toledo
2453059;TOLEDO;1986;11;110.2;bruto;Toledo
2453059;TOLEDO;1986;12;233.6;bruto;Toledo
2453059;TOLEDO;1987;1;125.6;bruto;Toledo
2453059;TOLEDO;1987;2;316.4;bruto;Toledo
2453059;TOLEDO;1987;3;132.2;bruto;Toledo
2453059;TOLEDO;1987;4;344.4;bruto;Toledo
2453059;TOLEDO;1987;5;333.6;bruto;Toledo
2453059;TOLEDO;1987;6;94.2;bruto;Toledo
2453059;TOLEDO;1987;7;61.0;bruto;Toledo
2453059;TOLEDO;1987;8;39.8;bruto;Toledo
2453059;TOLEDO;1987;9;25.6;bruto;Toledo
2453059;TOLEDO;1987;10;170.2;bruto;Toledo
2453059;TOLEDO;1987;11;220.8;bruto;Toledo
2453059;TOLEDO;1987;12;196.6;bruto;Toledo
2453059;TOLEDO;1988;1;86.8;bruto;Toledo
2453059;TOLEDO;1988;2;170.8;bruto;Toledo
2453059;TOLEDO;1988;3;35.8;bruto;Toledo
2453059;TOLEDO;1988;4;188.6;bruto;Toledo
2453059;TOLEDO;1988;5;219.2;bruto;Toledo
2453059;TOLEDO;1988;6;97.0;bruto;Toledo
2453059;TOLEDO;1988;7;13.4;bruto;Toledo
2453059;TOLEDO;1988;8;10.4;bruto;Toledo
2453059;TOLEDO;1988;9;9.2;bruto;Toledo
2453059;TOLEDO;1988;10;139.2;bruto;Toledo
2453059;TOLEDO;1988;11;76.2;bruto;Toledo
2453059;TOLEDO;1988;12;169.0;bruto;Toledo
2453059;TOLEDO;1989;1;223.4;bruto;Toledo
2453059;TOLEDO;1989;2;116.8;bruto;Toledo
2453059;TOLEDO;1989;3;175.4;bruto;Toledo
2453059;TOLEDO;1989;4;143.2;bruto;Toledo
2453059;TOLEDO;1989;5;133.2;bruto;Toledo
2453059;TOLEDO;1989;6;159.8;bruto;Toledo
2453059;TOLEDO;1989;7;143.4;bruto;Toledo
2453059;TOLEDO;1989;8;213.6;bruto;Toledo
2453059;TOLEDO;1989;9;210.6;bruto;Toledo
2453059;TOLEDO;1989;10;208.8;bruto;Toledo
2453059;TOLEDO;1989;11;92.0;bruto;Toledo
2453059;TOLEDO;1989;12;109.3;bruto;Toledo
2453059;TOLEDO;1990;1;158.5;bruto;Toledo
2453059;TOLEDO;1990;2;52.4;bruto;Toledo
2453059;TOLEDO;1990;3;134.2;bruto;Toledo
2453059;TOLEDO;1990;4;180.6;bruto;Toledo
2453059;TOLEDO;1990;5;281.9;bruto;Toledo
2453059;TOLEDO;1990;6;160.0;bruto;Toledo
2453059;TOLEDO;1990;7;153.4;bruto;Toledo
2453059;TOLEDO;1990;8;182.0;bruto;Toledo
2453059;TOLEDO;1990;9;309.3;bruto;Toledo
2453059;TOLEDO;1990;10;156.2;bruto;Toledo
2453059;TOLEDO;1990;11;198.0;bruto;Toledo
2453059;TOLEDO;1990;12;122.2;bruto;Toledo
2453059;TOLEDO;1991;1;205.6;bruto;Toledo
2453059;TOLEDO;1991;2;29.5;bruto;Toledo
2453059;TOLEDO;1991;3;263.9;bruto;Toledo
2453059;TOLEDO;1991;4;129.1;bruto;Toledo
2453059;TOLEDO;1991;5;55.1;bruto;Toledo
2453059;TOLEDO;1991;6;207.1;bruto;Toledo
2453059;TOLEDO;1991;7;32.9;bruto;Toledo
2453059;TOLEDO;1991;8;21.9;bruto;Toledo
2453059;TOLEDO;1991;9;174.5;bruto;Toledo
2453059;TOLEDO;1991;10;184.0;bruto;Toledo
2453059;TOLEDO;1991;11;185.4;bruto;Toledo
2453059;TOLEDO;1991;12;439.7;bruto;Toledo
2453059;TOLEDO;1992;1;32.8;consistido;Toledo
2453059;TOLEDO;1992;2;146.8;consistido;Toledo
2453059;TOLEDO;1992;3;203.9;consistido;Toledo
2453059;TOLEDO;1992;4;235.8;consistido;Toledo
2453059;TOLEDO;1992;5;588.4;consistido;Toledo
2453059;TOLEDO;1992;6;128.1;consistido;Toledo
2453059;TOLEDO;1992;7;181.2;consistido;Toledo
2453059;TOLEDO;1992;8;166.1;bruto;Toledo
2453059;TOLEDO;1992;9;130.6;bruto;Toledo
2453059;TOLEDO;1992;10;195.4;bruto;Toledo
2453059;TOLEDO;1992;11;157.3;bruto;Toledo
2453059;TOLEDO;1992;12;124.6;bruto;Toledo
2453059;TOLEDO;1993;1;197.4;bruto;Toledo
2453059;TOLEDO;1993;2;70.0;bruto;Toledo
2453059;TOLEDO;1993;3;111.6;bruto;Toledo
2453059;TOLEDO;1993;4;113.1;bruto;Toledo
2453059;TOLEDO;1993;5;279.9;bruto;Toledo
2453059;TOLEDO;1993;6;67.3;bruto;Toledo
2453059;TOLEDO;1993;7;153.2;bruto;Toledo
2453059;TOLEDO;1993;8;1.8;bruto;Toledo
2453059;TOLEDO;1993;9;206.6;bruto;Toledo
2453059;TOLEDO;1993;10;198.9;bruto;Toledo
2453059;TOLEDO;1993;11;132.1;bruto;Toledo
2453059;TOLEDO;1993;12;115.6;bruto;Toledo
2453059;TOLEDO;1994;1;118.2;bruto;Toledo
2453059;TOLEDO;1994;2;187.6;bruto;Toledo
2453059;TOLEDO;1994;3;69.7;bruto;Toledo
2453059;TOLEDO;1994;4;95.0;bruto;Toledo
2453059;TOLEDO;1994;5;164.6;bruto;Toledo
2453059;TOLEDO;1994;6;213.2;bruto;Toledo
2453059;TOLEDO;1994;7;94.5;bruto;Toledo
2453059;TOLEDO;1994;8;26.5;bruto;Toledo
2453059;TOLEDO;1994;9;57.7;bruto;Toledo
2453059;TOLEDO;1994;10;187.0;bruto;Toledo
2453059;TOLEDO;1994;11;208.6;bruto;Toledo
2453059;TOLEDO;1994;12;182.4;bruto;Toledo
2453059;TOLEDO;1995;1;334.5;bruto;Toledo
2453059;TOLEDO;1995;2;106.5;bruto;Toledo
2453059;TOLEDO;1995;3;162.3;bruto;Toledo
2453059;TOLEDO;1995;4;214.9;bruto;Toledo
2453059;TOLEDO;1995;5;21.3;bruto;Toledo
2453059;TOLEDO;1995;6;89.6;bruto;Toledo
2453059;TOLEDO;1995;7;175.4;bruto;Toledo
2453059;TOLEDO;1995;8;24.5;bruto;Toledo
2453059;TOLEDO;1995;9;150.1;bruto;Toledo
2453059;TOLEDO;1995;10;253.0;bruto;Toledo
2453059;TOLEDO;1995;11;66.8;bruto;Toledo
2453059;TOLEDO;1995;12;127.2;bruto;Toledo
2453059;TOLEDO;1996;1;288.2;bruto;Toledo
2453059;TOLEDO;1996;2;199.7;bruto;Toledo
2453059;TOLEDO;1996;3;250.1;bruto;Toledo
2453059;TOLEDO;1996;4;95.1;bruto;Toledo
2453059;TOLEDO;1996;5;53.1;bruto;Toledo
2453059;TOLEDO;1996;6;68.6;bruto;Toledo
2453059;TOLEDO;1996;7;15.7;bruto;Toledo
2453059;TOLEDO;1996;8;47.8;bruto;Toledo
2453059;TOLEDO;1996;9;148.0;bruto;Toledo
2453059;TOLEDO;1996;10;322.2;bruto;Toledo
2453059;TOLEDO;1996;11;135.9;bruto;Toledo
2453059;TOLEDO;1996;12;314.7;bruto;Toledo
2453059;TOLEDO;1997;1;158.7;bruto;Toledo
2453059;TOLEDO;1997;2;155.9;bruto;Toledo
2453059;TOLEDO;1997;3;71.8;bruto;Toledo
2453059;TOLEDO;1997;4;13.3;bruto;Toledo
2453059;TOLEDO;1997;5;208.2;bruto;Toledo
2453059;TOLEDO;1997;6;307.2;bruto;Toledo
2453059;TOLEDO;1997;7;89.2;bruto;Toledo
2453059;TOLEDO;1997;8;115.8;bruto;Toledo
2453059;TOLEDO;1997;9;255.8;bruto;Toledo
2453059;TOLEDO;1997;10;327.2;bruto;Toledo
2453059;TOLEDO;1997;11;250.5;bruto;Toledo
2453059;TOLEDO;1997;12;58.6;bruto;Toledo
2453059;TOLEDO;1998;1;200.3;bruto;Toledo
2453059;TOLEDO;1998;2;352.2;bruto;Toledo
2453059;TOLEDO;1998;3;177.9;bruto;Toledo
2453059;TOLEDO;1998;4;384.8;bruto;Toledo
2453059;TOLEDO;1998;5;141.2;bruto;Toledo
2453059;TOLEDO;1998;6;70.4;bruto;Toledo
2453059;TOLEDO;1998;7;33.1;bruto;Toledo
2453059;TOLEDO;1998;8;281.8;bruto;Toledo
2453059;TOLEDO;1998;9;341.7;bruto;Toledo
2453059;TOLEDO;1998;10;279.3;bruto;Toledo
2453059;TOLEDO;1998;11;81.2;bruto;Toledo
2453059;TOLEDO;1998;12;214.0;bruto;Toledo
2453059;TOLEDO;1999;1;168.2;bruto;Toledo
2453059;TOLEDO;1999;2;145.1;bruto;Toledo
2453059;TOLEDO;1999;3;75.5;bruto;Toledo
2453059;TOLEDO;1999;4;155.6;bruto;Toledo
2453059;TOLEDO;1999;5;142.3;bruto;Toledo
2453059;TOLEDO;1999;6;175.3;bruto;Toledo
2453059;TOLEDO;1999;7;52.0;bruto;Toledo
2453059;TOLEDO;1999;8;0.0;bruto;Toledo
2453059;TOLEDO;1999;9;159.0;bruto;Toledo
2453059;TOLEDO;1999;10;42.1;bruto;Toledo
2453059;TOLEDO;1999;11;45.1;bruto;Toledo
2453059;TOLEDO;1999;12;190.9;bruto;Toledo
2453059;TOLEDO;2000;1;109.6;bruto;Toledo
2453059;TOLEDO;2000;2;331.7;bruto;Toledo
2453059;TOLEDO;2000;3;131.0;bruto;Toledo
2453059;TOLEDO;2000;4;78.2;bruto;Toledo
2453059;TOLEDO;2000;5;81.9;bruto;Toledo
2453059;TOLEDO;2000;6;190.3;bruto;Toledo
2453059;TOLEDO;2000;7;111.6;bruto;Toledo
2453059;TOLEDO;2000;8;103.9;bruto;Toledo
2453059;TOLEDO;2000;9;226.1;bruto;Toledo
2453059;TOLEDO;2000;10;234.0;bruto;Toledo
2453059;TOLEDO;2000;11;256.2;bruto;Toledo
2453059;TOLEDO;2000;12;280.8;bruto;Toledo
2453059;TOLEDO;2001;1;289.2;bruto;Toledo
2453059;TOLEDO;2001;2;176.0;bruto;Toledo
2453059;TOLEDO;2001;3;72.4;bruto;Toledo
2453059;TOLEDO;2001;4;190.8;bruto;Toledo
2453059;TOLEDO;2001;5;83.2;bruto;Toledo
2453059;TOLEDO;2001;6;119.3;bruto;Toledo
2453059;TOLEDO;2001;7;54.0;bruto;Toledo
2453059;TOLEDO;2001;8;42.2;bruto;Toledo
2453059;TOLEDO;2001;9;184.8;bruto;Toledo
2453059;TOLEDO;2001;10;89.7;bruto;Toledo
2453059;TOLEDO;2001;11;252.7;bruto;Toledo
2453059;TOLEDO;2001;12;85.7;bruto;Toledo
2453059;TOLEDO;2002;1;214.6;bruto;Toledo
2453059;TOLEDO;2002;2;126.4;bruto;Toledo
2453059;TOLEDO;2002;3;54.2;bruto;Toledo
2453059;TOLEDO;2002;4;89.5;bruto;Toledo
2453059;TOLEDO;2002;5;403.9;bruto;Toledo
2453059;TOLEDO;2002;6;24.2;bruto;Toledo
2453059;TOLEDO;2002;7;61.2;bruto;Toledo
2453059;TOLEDO;2002;8;88.2;bruto;Toledo
2453059;TOLEDO;2002;9;168.3;bruto;Toledo
2453059;TOLEDO;2002;10;203.0;bruto;Toledo
2453059;TOLEDO;2002;11;287.6;bruto;Toledo
2453059;TOLEDO;2002;12;121.8;bruto;Toledo
2453059;TOLEDO;2003;1;241.9;bruto;Toledo
2453059;TOLEDO;2003;2;235.3;bruto;Toledo
2453059;TOLEDO;2003;3;237.4;bruto;Toledo
2453059;TOLEDO;2003;4;117.6;bruto;Toledo
2453059;TOLEDO;2003;5;78.6;bruto;Toledo
2453059;TOLEDO;2003;6;97.5;bruto;Toledo
2453059;TOLEDO;2003;7;122.3;bruto;Toledo
2453059;TOLEDO;2003;8;50.2;bruto;Toledo
2453059;TOLEDO;2003;9;145.4;bruto;Toledo
2453059;TOLEDO;2003;10;205.7;bruto;Toledo
2453059;TOLEDO;2003;11;159.8;bruto;Toledo
2453059;TOLEDO;2003;12;265.7;bruto;Toledo
2453059;TOLEDO;2004;1;80.6;bruto;Toledo
2453059;TOLEDO;2004;2;45.1;bruto;Toledo
2453059;TOLEDO;2004;3;93.0;bruto;Toledo
2453059;TOLEDO;2004;4;181.3;bruto;Toledo
2453059;TOLEDO;2004;5;311.2;bruto;Toledo
2453059;TOLEDO;2004;6;104.4;bruto;Toledo
2453059;TOLEDO;2004;7;128.0;bruto;Toledo
2453059;TOLEDO;2004;8;19.3;bruto;Toledo
2453059;TOLEDO;2004;9;61.0;bruto;Toledo
2453059;TOLEDO;2004;10;341.5;bruto;Toledo
2453059;TOLEDO;2004;11;293.4;bruto;Toledo
2453059;TOLEDO;2004;12;50.9;bruto;Toledo
2453059;TOLEDO;2005;1;170.3;bruto;Toledo
2453059;TOLEDO;2005;2;29.5;bruto;Toledo
2453059;TOLEDO;2005;3;12.9;bruto;Toledo
2453059;TOLEDO;2005;4;145.6;bruto;Toledo
2453059;TOLEDO;2005;5;164.9;bruto;Toledo
2453059;TOLEDO;2005;6;256.9;bruto;Toledo
2453059;TOLEDO;2005;7;43.2;bruto;Toledo
2453059;TOLEDO;2005;8;126.3;bruto;Toledo
2453059;TOLEDO;2005;9;94.8;bruto;Toledo
2453059;TOLEDO;2005;10;365.5;bruto;Toledo
2453059;TOLEDO;2005;11;64.3;bruto;Toledo
2453059;TOLEDO;2005;12;71.4;bruto;Toledo
2453059;TOLEDO;2006;1;209.3;bruto;Toledo
2453059;TOLEDO;2006;2;117.2;bruto;Toledo
2453059;TOLEDO;2006;3;137.8;bruto;Toledo
2453059;TOLEDO;2006;4;164.0;bruto;Toledo
2453059;TOLEDO;2006;5;5.9;bruto;Toledo
2453059;TOLEDO;2006;6;86.0;bruto;Toledo
2453059;TOLEDO;2006;7;44.8;bruto;Toledo
2453059;TOLEDO;2006;8;109.9;bruto;Toledo
2453059;TOLEDO;2006;9;156.4;bruto;Toledo
2453059;TOLEDO;2006;10;217.4;bruto;Toledo
2453059;TOLEDO;2006;11;164.9;bruto;Toledo
2453059;TOLEDO;2006;12;200.1;bruto;Toledo
2453059;TOLEDO;2007;1;172.9;bruto;Toledo
2453059;TOLEDO;2007;2;139.5;bruto;Toledo
2453059;TOLEDO;2007;3;102.7;bruto;Toledo
2453059;TOLEDO;2007;4;258.1;bruto;Toledo
2453059;TOLEDO;2007;5;189.7;bruto;Toledo
2453059;TOLEDO;2007;6;2.3;bruto;Toledo
2453059;TOLEDO;2007;7;84.9;bruto;Toledo
2453059;TOLEDO;2007;8;10.9;bruto;Toledo
2453059;TOLEDO;2007;9;48.9;bruto;Toledo
2453059;TOLEDO;2007;10;61.6;bruto;Toledo
2453059;TOLEDO;2007;11;180.1;bruto;Toledo
2453059;TOLEDO;2007;12;260.2;bruto;Toledo
2453059;TOLEDO;2008;1;214.2;bruto;Toledo
2453059;TOLEDO;2008;2;251.1;bruto;Toledo
2453059;TOLEDO;2008;3;109.5;bruto;Toledo
2453059;TOLEDO;2008;4;102.3;bruto;Toledo
2453059;TOLEDO;2008;5;96.5;bruto;Toledo
2453059;TOLEDO;2008;6;104.7;bruto;Toledo
2453059;TOLEDO;2008;7;67.4;bruto;Toledo
2453059;TOLEDO;2008;8;204.9;bruto;Toledo
2453059;TOLEDO;2008;9;73.9;bruto;Toledo
2453059;TOLEDO;2008;10;319.8;bruto;Toledo
2453059;TOLEDO;2008;11;156.4;bruto;Toledo
2453059;TOLEDO;2008;12;91.2;bruto;Toledo
2453059;TOLEDO;2009;1;212.2;bruto;Toledo
2453059;TOLEDO;2009;2;232.6;bruto;Toledo
2453059;TOLEDO;2009;3;39.4;bruto;Toledo
2453059;TOLEDO;2009;4;24.4;bruto;Toledo
2453059;TOLEDO;2009;5;304.8;bruto;Toledo
2453059;TOLEDO;2009;6;118.5;bruto;Toledo
2453059;TOLEDO;2009;7;170.6;bruto;Toledo
2453059;TOLEDO;2009;8;102.8;bruto;Toledo
2453059;TOLEDO;2009;9;226.5;bruto;Toledo
2453059;TOLEDO;2009;10;364.9;bruto;Toledo
2453059;TOLEDO;2009;11;160.0;bruto;Toledo
2453059;TOLEDO;2009;12;177.7;bruto;Toledo
2453059;TOLEDO;2010;1;120.9;bruto;Toledo
2453059;TOLEDO;2010;2;162.9;bruto;Toledo
2453059;TOLEDO;2010;3;129.8;bruto;Toledo
2453059;TOLEDO;2010;4;197.1;bruto;Toledo
2453059;TOLEDO;2010;5;88.0;bruto;Toledo
2453059;TOLEDO;2010;6;6.0;bruto;Toledo
2453059;TOLEDO;2010;7;82.4;bruto;Toledo
2453059;TOLEDO;2010;8;15.9;bruto;Toledo
2453059;TOLEDO;2010;9;105.2;bruto;Toledo
2453059;TOLEDO;2010;10;252.1;bruto;Toledo
2453059;TOLEDO;2010;11;107.8;bruto;Toledo
2453059;TOLEDO;2010;12;395.7;bruto;Toledo
2453059;TOLEDO;2011;1;118.4;bruto;Toledo
2453059;TOLEDO;2011;2;299.9;bruto;Toledo
2453059;TOLEDO;2011;3;80.5;bruto;Toledo
2453059;TOLEDO;2011;4;60.0;bruto;Toledo
2453059;TOLEDO;2011;5;8.4;bruto;Toledo
2453059;TOLEDO;2011;6;55.4;bruto;Toledo
2453059;TOLEDO;2011;7;204.3;bruto;Toledo
2453059;TOLEDO;2011;8;379.4;bruto;Toledo
2453059;TOLEDO;2011;9;48.3;bruto;Toledo
2453059;TOLEDO;2011;10;334.7;bruto;Toledo
2453059;TOLEDO;2011;11;157.2;bruto;Toledo
2453059;TOLEDO;2011;12;89.3;bruto;Toledo
2453059;TOLEDO;2012;1;209.3;bruto;Toledo
2453059;TOLEDO;2012;2;129.6;bruto;Toledo
2453059;TOLEDO;2012;3;106.8;bruto;Toledo
2453059;TOLEDO;2012;4;314.4;bruto;Toledo
2453059;TOLEDO;2012;5;75.5;bruto;Toledo
2453059;TOLEDO;2012;6;382.8;bruto;Toledo
2453059;TOLEDO;2012;7;54.4;bruto;Toledo
2453059;TOLEDO;2012;8;9.0;bruto;Toledo
2453059;TOLEDO;2012;9;32.7;bruto;Toledo
2453059;TOLEDO;2012;10;288.7;bruto;Toledo
2453059;TOLEDO;2012;11;123.8;bruto;Toledo
2453059;TOLEDO;2012;12;150.6;bruto;Toledo
2453059;TOLEDO;2013;1;164.9;bruto;Toledo
2453059;TOLEDO;2013;2;351.0;bruto;Toledo
2453059;TOLEDO;2013;3;218.0;bruto;Toledo
2453059;TOLEDO;2013;4;89.9;bruto;Toledo
2453059;TOLEDO;2013;5;236.2;bruto;Toledo
2453059;TOLEDO;2013;6;329.4;bruto;Toledo
2453059;TOLEDO;2013;7;13.7;bruto;Toledo
2453059;TOLEDO;2013;8;21.9;bruto;Toledo
2453059;TOLEDO;2013;9;119.2;bruto;Toledo
2453059;TOLEDO;2013;10;153.5;bruto;Toledo
2453059;TOLEDO;2013;11;140.8;bruto;Toledo
2453059;TOLEDO;2013;12;136.6;bruto;Toledo
2453059;TOLEDO;2014;1;208.4;bruto;Toledo
2453059;TOLEDO;2014;2;102.1;bruto;Toledo
2453059;TOLEDO;2014;3;152.4;bruto;Toledo
2453059;TOLEDO;2014;4;190.8;bruto;Toledo
2453059;TOLEDO;2014;5;192.4;bruto;Toledo
2453059;TOLEDO;2014;6;382.8;bruto;Toledo
2453059;TOLEDO;2014;7;97.2;bruto;Toledo
2453059;TOLEDO;2014;8;21.0;bruto;Toledo
2453059;TOLEDO;2014;9;314.8;bruto;Toledo
2453059;TOLEDO;2014;10;19.7;bruto;Toledo
2453059;TOLEDO;2014;11;167.2;bruto;Toledo
2453059;TOLEDO;2014;12;192.8;bruto;Toledo
2453059;TOLEDO;2015;1;101.9;bruto;Toledo
2453059;TOLEDO;2015;2;232.3;bruto;Toledo
2453059;TOLEDO;2015;3;215.7;bruto;Toledo
2453059;TOLEDO;2015;4;129.0;bruto;Toledo
2453059;TOLEDO;2015;5;318.9;bruto;Toledo
2453059;TOLEDO;2015;6;58.2;bruto;Toledo
2453059;TOLEDO;2015;7;485.3;bruto;Toledo
2453059;TOLEDO;2015;8;60.4;bruto;Toledo
2453059;TOLEDO;2015;9;140.4;bruto;Toledo
2453059;TOLEDO;2015;10;126.9;bruto;Toledo
2453059;TOLEDO;2015;11;373.5;bruto;Toledo
2453059;TOLEDO;2015;12;399.7;bruto;Toledo
2453059;TOLEDO;2016;1;383.0;bruto;Toledo
2453059;TOLEDO;2016;2;297.9;bruto;Toledo
2453059;TOLEDO;2016;3;102.9;bruto;Toledo
2453059;TOLEDO;2016;4;55.1;bruto;Toledo
2453059;TOLEDO;2016;5;244.6;bruto;Toledo
2453059;TOLEDO;2016;6;84.3;bruto;Toledo
2453059;TOLEDO;2016;7;57.9;bruto;Toledo
2453059;TOLEDO;2016;8;238.1;bruto;Toledo
2453059;TOLEDO;2016;9;48.3;bruto;Toledo
2453059;TOLEDO;2016;10;255.2;bruto;Toledo
2453059;TOLEDO;2016;11;259.1;bruto;Toledo
2453059;TOLEDO;2016;12;184.0;bruto;Toledo
2453059;TOLEDO;2017;1;112.5;bruto;Toledo
2453059;TOLEDO;2017;2;208.0;bruto;Toledo
2453059;TOLEDO;2017;3;147.1;bruto;Toledo
2453059;TOLEDO;2017;4;271.2;bruto;Toledo
2453059;TOLEDO;2017;5;150.0;bruto;Toledo
2453059;TOLEDO;2017;6;47.3;bruto;Toledo
2453059;TOLEDO;2017;7;0.0;bruto;Toledo
2453059;TOLEDO;2017;8;130.2;bruto;Toledo
2453059;TOLEDO;2017;9;82.5;bruto;Toledo
2453059;TOLEDO;2017;10;459.3;bruto;Toledo
2453059;TOLEDO;2017;11;173.4;bruto;Toledo
2453059;TOLEDO;2017;12;273.3;bruto;Toledo
2453059;TOLEDO;2018;1;270.9;bruto;Toledo
2453059;TOLEDO;2018;2;230.2;bruto;Toledo
2453059;TOLEDO;2018;3;245.6;bruto;Toledo
2453059;TOLEDO;2018;4;33.0;bruto;Toledo
2453059;TOLEDO;2018;5;41.9;bruto;Toledo
2453059;TOLEDO;2018;6;83.3;bruto;Toledo
2453059;TOLEDO;2018;7;0.0;bruto;Toledo
2453059;TOLEDO;2018;8;113.0;bruto;Toledo
2453059;TOLEDO;2018;9;185.7;bruto;Toledo
2453059;TOLEDO;2018;10;183.4;bruto;Toledo
2453059;TOLEDO;2018;11;108.1;bruto;Toledo
2453059;TOLEDO;2018;12;113.2;bruto;Toledo
2453059;TOLEDO;2019;1;138.8;bruto;Toledo
2453059;TOLEDO;2019;2;122.8;bruto;Toledo
2453059;TOLEDO;2019;3;100.2;bruto;Toledo
2453059;TOLEDO;2019;4;85.4;bruto;Toledo
2453059;TOLEDO;2019;5;250.0;bruto;Toledo
2453059;TOLEDO;2019;6;23.3;bruto;Toledo
2453059;TOLEDO;2019;7;30.0;bruto;Toledo
2453059;TOLEDO;2019;8;1.7;bruto;Toledo
2453059;TOLEDO;2019;9;42.2;bruto;Toledo
2453059;TOLEDO;2019;10;48.0;bruto;Toledo
2453059;TOLEDO;2019;11;246.7;bruto;Toledo
2453059;TOLEDO;2019;12;342.3;bruto;Toledo
2453059;TOLEDO;2020;1;118.2;bruto;Toledo
2453059;TOLEDO;2020;2;83.8;bruto;Toledo
2453059;TOLEDO;2020;3;37.3;bruto;Toledo
2453059;TOLEDO;2020;4;33.9;bruto;Toledo
2453059;TOLEDO;2020;5;246.8;bruto;Toledo
2453059;TOLEDO;2020;6;61.4;bruto;Toledo
2453059;TOLEDO;2020;7;27.5;bruto;Toledo
2453059;TOLEDO;2020;8;150.1;bruto;Toledo
2453059;TOLEDO;2020;9;10.5;bruto;Toledo
2453059;TOLEDO;2020;10;28.5;bruto;Toledo
2453059;TOLEDO;2020;11;68.7;bruto;Toledo
2453059;TOLEDO;2020;12;198.2;bruto;Toledo
2453059;TOLEDO;2021;1;394.3;bruto;Toledo
2453059;TOLEDO;2021;2;75.0;bruto;Toledo
2453059;TOLEDO;2021;3;116.0;bruto;Toledo
2453059;TOLEDO;2021;4;11.1;bruto;Toledo
2453059;TOLEDO;2021;5;62.1;bruto;Toledo
2453059;TOLEDO;2021;6;76.4;bruto;Toledo
2453059;TOLEDO;2021;7;16.5;bruto;Toledo
2453059;TOLEDO;2021;8;9.4;bruto;Toledo
2453059;TOLEDO;2021;9;43.6;bruto;Toledo
2453059;TOLEDO;2021;10;432.6;bruto;Toledo
2453059;TOLEDO;2021;11;30.6;bruto;Toledo
2453059;TOLEDO;2021;12;13.0;bruto;Toledo
2453059;TOLEDO;2022;1;73.0;bruto;Toledo
2453059;TOLEDO;2022;2;122.3;bruto;Toledo
2453059;TOLEDO;2022;3;109.6;bruto;Toledo
2453059;TOLEDO;2022;4;290.5;bruto;Toledo
2453059;TOLEDO;2022;5;132.6;bruto;Toledo
2453059;TOLEDO;2022;6;176.4;bruto;Toledo
2453059;TOLEDO;2022;7;13.8;bruto;Toledo
2453059;TOLEDO;2022;8;115.5;bruto;Toledo
2453059;TOLEDO;2022;9;262.9;bruto;Toledo
2453059;TOLEDO;2022;10;376.0;bruto;Toledo
2453059;TOLEDO;2022;11;72.6;bruto;Toledo
2453059;TOLEDO;2022;12;14.0;bruto;Toledo
2453059;TOLEDO;2023;1;84.8;bruto;Toledo
2453059;TOLEDO;2023;2;481.3;bruto;Toledo
2453059;TOLEDO;2023;3;145.8;bruto;Toledo
2453059;TOLEDO;2023;4;172.8;bruto;Toledo
2453059;TOLEDO;2023;5;15.0;bruto;Toledo
2453059;TOLEDO;2023;6;67.0;bruto;Toledo
2453059;TOLEDO;2023;7;70.5;bruto;Toledo
2453059;TOLEDO;2023;8;88.6;bruto;Toledo
2453059;TOLEDO;2023;9;104.2;bruto;Toledo
2453059;TOLEDO;2023;10;246.6;bruto;Toledo
2453059;TOLEDO;2023;11;283.3;bruto;Toledo
2453059;TOLEDO;2023;12;158.5;bruto;Toledo
2453059;TOLEDO;2024;1;85.6;bruto;Toledo
2453059;TOLEDO;2024;2;126.5;bruto;Toledo
2453059;TOLEDO;2024;3;78.1;bruto;Toledo
2453059;TOLEDO;2024;4;136.5;bruto;Toledo
2453059;TOLEDO;2024;5;121.7;bruto;Toledo
2453059;TOLEDO;2024;6;14.5;bruto;Toledo
2453059;TOLEDO;2024;7;32.9;bruto;Toledo
2453059;TOLEDO;2024;8;34.5;bruto;Toledo
2453059;TOLEDO;2024;9;32.0;bruto;Toledo
2453059;TOLEDO;2024;10;136.5;bruto;Toledo
2453059;TOLEDO;2024;11;224.1;bruto;Toledo
2453059;TOLEDO;2024;12;433.9;bruto;Toledo
2453059;TOLEDO;2025;1;74.7;bruto;Toledo
2453059;TOLEDO;2025;2;72.9;bruto;Toledo
2453059;TOLEDO;2025;3;74.4;bruto;Toledo
2453059;TOLEDO;2025;4;54.0;bruto;Toledo
2453059;TOLEDO;2025;5;18.0;bruto;Toledo
2453059;TOLEDO;2025;6;129.1;bruto;Toledo
2453059;TOLEDO;2025;7;78.3;bruto;Toledo
2453059;TOLEDO;2025;8;87.6;bruto;Toledo
2453059;TOLEDO;2025;9;117.6;bruto;Toledo
2453059;TOLEDO;2025;10;189.3;bruto;Toledo
2453059;TOLEDO;2025;11;208.1;bruto;Toledo
2453059;TOLEDO;2025;12;273.0;bruto;Toledo
2453062;CASCAVEL - SE COPEL;1987;1;;sem_leitura;Cascavel
2453062;CASCAVEL - SE COPEL;1987;2;;sem_leitura;Cascavel
2453062;CASCAVEL - SE COPEL;1987;3;118.0;bruto;Cascavel
2453062;CASCAVEL - SE COPEL;1987;4;209.5;bruto;Cascavel
2453062;CASCAVEL - SE COPEL;1987;5;425.8;bruto;Cascavel
2453062;CASCAVEL - SE COPEL;1987;6;90.5;bruto;Cascavel
2453062;CASCAVEL - SE COPEL;1987;7;100.9;bruto;Cascavel
2453062;CASCAVEL - SE COPEL;1987;8;35.3;bruto;Cascavel
2453062;CASCAVEL - SE COPEL;1987;9;38.4;bruto;Cascavel
2453062;CASCAVEL - SE COPEL;1987;10;167.4;bruto;Cascavel
2453062;CASCAVEL - SE COPEL;1987;11;254.7;bruto;Cascavel
2453062;CASCAVEL - SE COPEL;1987;12;164.6;bruto;Cascavel
2453062;CASCAVEL - SE COPEL;1988;1;56.5;bruto;Cascavel
2453062;CASCAVEL - SE COPEL;1988;2;113.8;bruto;Cascavel
2453062;CASCAVEL - SE COPEL;1988;3;46.2;bruto;Cascavel
2453062;CASCAVEL - SE COPEL;1988;4;184.1;bruto;Cascavel
2453062;CASCAVEL - SE COPEL;1988;5;212.8;bruto;Cascavel
2453062;CASCAVEL - SE COPEL;1988;6;137.9;bruto;Cascavel
2453062;CASCAVEL - SE COPEL;1988;7;10.4;bruto;Cascavel
2453062;CASCAVEL - SE COPEL;1988;8;14.3;bruto;Cascavel
2453062;CASCAVEL - SE COPEL;1988;9;12.9;bruto;Cascavel
2453062;CASCAVEL - SE COPEL;1988;10;130.5;bruto;Cascavel
2453062;CASCAVEL - SE COPEL;1988;11;55.5;bruto;Cascavel
2453062;CASCAVEL - SE COPEL;1988;12;137.4;bruto;Cascavel
2453062;CASCAVEL - SE COPEL;1989;1;142.1;bruto;Cascavel
2453062;CASCAVEL - SE COPEL;1989;2;217.7;bruto;Cascavel
2453062;CASCAVEL - SE COPEL;1989;3;116.6;bruto;Cascavel
2453062;CASCAVEL - SE COPEL;1989;4;114.5;bruto;Cascavel
2453062;CASCAVEL - SE COPEL;1989;5;110.0;bruto;Cascavel
2453062;CASCAVEL - SE COPEL;1989;6;151.9;bruto;Cascavel
2453062;CASCAVEL - SE COPEL;1989;7;157.1;bruto;Cascavel
2453062;CASCAVEL - SE COPEL;1989;8;208.2;bruto;Cascavel
2453062;CASCAVEL - SE COPEL;1989;9;221.8;bruto;Cascavel
2453062;CASCAVEL - SE COPEL;1989;10;174.8;bruto;Cascavel
2453062;CASCAVEL - SE COPEL;1989;11;71.4;bruto;Cascavel
2453062;CASCAVEL - SE COPEL;1989;12;159.4;bruto;Cascavel
2453062;CASCAVEL - SE COPEL;1990;1;287.1;bruto;Cascavel
2453062;CASCAVEL - SE COPEL;1990;2;89.0;bruto;Cascavel
2453062;CASCAVEL - SE COPEL;1990;3;129.8;bruto;Cascavel
2453062;CASCAVEL - SE COPEL;1990;4;255.4;bruto;Cascavel
2453062;CASCAVEL - SE COPEL;1990;5;163.2;bruto;Cascavel
2453062;CASCAVEL - SE COPEL;1990;6;338.9;bruto;Cascavel
2453062;CASCAVEL - SE COPEL;1990;7;182.4;bruto;Cascavel
2453062;CASCAVEL - SE COPEL;1990;8;259.4;bruto;Cascavel
2453062;CASCAVEL - SE COPEL;1990;9;341.6;bruto;Cascavel
2453062;CASCAVEL - SE COPEL;1990;10;168.9;bruto;Cascavel
2453062;CASCAVEL - SE COPEL;1990;11;154.7;bruto;Cascavel
2453062;CASCAVEL - SE COPEL;1990;12;176.1;bruto;Cascavel
2453062;CASCAVEL - SE COPEL;1991;1;225.3;bruto;Cascavel
2453062;CASCAVEL - SE COPEL;1991;2;40.1;bruto;Cascavel
2453062;CASCAVEL - SE COPEL;1991;3;110.2;bruto;Cascavel
2453062;CASCAVEL - SE COPEL;1991;4;189.8;bruto;Cascavel
2453062;CASCAVEL - SE COPEL;1991;5;57.1;bruto;Cascavel
2453062;CASCAVEL - SE COPEL;1991;6;256.0;bruto;Cascavel
2453062;CASCAVEL - SE COPEL;1991;7;44.8;bruto;Cascavel
2453062;CASCAVEL - SE COPEL;1991;8;24.6;bruto;Cascavel
2453062;CASCAVEL - SE COPEL;1991;9;113.9;bruto;Cascavel
2453062;CASCAVEL - SE COPEL;1991;10;230.4;bruto;Cascavel
2453062;CASCAVEL - SE COPEL;1991;11;234.0;bruto;Cascavel
2453062;CASCAVEL - SE COPEL;1991;12;304.4;bruto;Cascavel
2453062;CASCAVEL - SE COPEL;1992;1;26.2;bruto;Cascavel
2453062;CASCAVEL - SE COPEL;1992;2;178.3;bruto;Cascavel
2453062;CASCAVEL - SE COPEL;1992;3;242.7;bruto;Cascavel
2453062;CASCAVEL - SE COPEL;1992;4;202.2;bruto;Cascavel
2453062;CASCAVEL - SE COPEL;1992;5;455.1;bruto;Cascavel
2453062;CASCAVEL - SE COPEL;1992;6;133.8;bruto;Cascavel
2453062;CASCAVEL - SE COPEL;1992;7;192.3;bruto;Cascavel
2453062;CASCAVEL - SE COPEL;1992;8;185.9;bruto;Cascavel
2453062;CASCAVEL - SE COPEL;1992;9;105.4;bruto;Cascavel
2453062;CASCAVEL - SE COPEL;1992;10;190.6;bruto;Cascavel
2453062;CASCAVEL - SE COPEL;1992;11;168.1;bruto;Cascavel
2453062;CASCAVEL - SE COPEL;1992;12;209.2;bruto;Cascavel
2453062;CASCAVEL - SE COPEL;1993;1;199.8;bruto;Cascavel
2453062;CASCAVEL - SE COPEL;1993;2;44.4;bruto;Cascavel
2453062;CASCAVEL - SE COPEL;1993;3;128.3;bruto;Cascavel
2453062;CASCAVEL - SE COPEL;1993;4;92.4;bruto;Cascavel
2453062;CASCAVEL - SE COPEL;1993;5;369.2;bruto;Cascavel
2453062;CASCAVEL - SE COPEL;1993;6;99.0;bruto;Cascavel
2453062;CASCAVEL - SE COPEL;1993;7;172.6;bruto;Cascavel
2453062;CASCAVEL - SE COPEL;1993;8;5.2;bruto;Cascavel
2453062;CASCAVEL - SE COPEL;1993;9;223.1;bruto;Cascavel
2453062;CASCAVEL - SE COPEL;1993;10;274.5;bruto;Cascavel
2453062;CASCAVEL - SE COPEL;1993;11;176.5;bruto;Cascavel
2453062;CASCAVEL - SE COPEL;1993;12;161.2;bruto;Cascavel
2453062;CASCAVEL - SE COPEL;1994;1;163.6;bruto;Cascavel
2453062;CASCAVEL - SE COPEL;1994;2;187.9;bruto;Cascavel
2453062;CASCAVEL - SE COPEL;1994;3;85.5;bruto;Cascavel
2453062;CASCAVEL - SE COPEL;1994;4;141.1;bruto;Cascavel
2453062;CASCAVEL - SE COPEL;1994;5;263.3;bruto;Cascavel
2453062;CASCAVEL - SE COPEL;1994;6;332.1;bruto;Cascavel
2453062;CASCAVEL - SE COPEL;1994;7;164.5;bruto;Cascavel
2453062;CASCAVEL - SE COPEL;1994;8;25.1;bruto;Cascavel
2453062;CASCAVEL - SE COPEL;1994;9;70.8;bruto;Cascavel
2453062;CASCAVEL - SE COPEL;1994;10;296.6;bruto;Cascavel
2453062;CASCAVEL - SE COPEL;1994;11;162.9;bruto;Cascavel
2453062;CASCAVEL - SE COPEL;1994;12;281.8;bruto;Cascavel
2453062;CASCAVEL - SE COPEL;1995;1;376.0;bruto;Cascavel
2453062;CASCAVEL - SE COPEL;1995;2;101.4;bruto;Cascavel
2453062;CASCAVEL - SE COPEL;1995;3;164.1;bruto;Cascavel
2453062;CASCAVEL - SE COPEL;1995;4;199.9;bruto;Cascavel
2453062;CASCAVEL - SE COPEL;1995;5;27.9;bruto;Cascavel
2453062;CASCAVEL - SE COPEL;1995;6;139.0;bruto;Cascavel
2453062;CASCAVEL - SE COPEL;1995;7;182.0;bruto;Cascavel
2453062;CASCAVEL - SE COPEL;1995;8;24.0;bruto;Cascavel
2453062;CASCAVEL - SE COPEL;1995;9;216.6;bruto;Cascavel
2453062;CASCAVEL - SE COPEL;1995;10;323.2;bruto;Cascavel
2453062;CASCAVEL - SE COPEL;1995;11;126.9;bruto;Cascavel
2453062;CASCAVEL - SE COPEL;1995;12;231.5;bruto;Cascavel
2453062;CASCAVEL - SE COPEL;1996;1;301.6;bruto;Cascavel
2453062;CASCAVEL - SE COPEL;1996;2;244.6;bruto;Cascavel
2453062;CASCAVEL - SE COPEL;1996;3;363.5;bruto;Cascavel
2453062;CASCAVEL - SE COPEL;1996;4;91.1;bruto;Cascavel
2453062;CASCAVEL - SE COPEL;1996;5;59.7;bruto;Cascavel
2453062;CASCAVEL - SE COPEL;1996;6;34.5;bruto;Cascavel
2453062;CASCAVEL - SE COPEL;1996;7;32.0;bruto;Cascavel
2453062;CASCAVEL - SE COPEL;1996;8;22.8;bruto;Cascavel
2453062;CASCAVEL - SE COPEL;1996;9;122.1;bruto;Cascavel
2453062;CASCAVEL - SE COPEL;1996;10;416.9;bruto;Cascavel
2453062;CASCAVEL - SE COPEL;1996;11;109.3;bruto;Cascavel
2453062;CASCAVEL - SE COPEL;1996;12;364.6;bruto;Cascavel
2453062;CASCAVEL - SE COPEL;1997;1;250.5;bruto;Cascavel
2453062;CASCAVEL - SE COPEL;1997;2;178.6;bruto;Cascavel
2453062;CASCAVEL - SE COPEL;1997;3;69.0;bruto;Cascavel
2453062;CASCAVEL - SE COPEL;1997;4;58.7;bruto;Cascavel
2453062;CASCAVEL - SE COPEL;1997;5;259.2;bruto;Cascavel
2453062;CASCAVEL - SE COPEL;1997;6;225.0;bruto;Cascavel
2453062;CASCAVEL - SE COPEL;1997;7;76.6;bruto;Cascavel
2453062;CASCAVEL - SE COPEL;1997;8;222.2;bruto;Cascavel
2453062;CASCAVEL - SE COPEL;1997;9;237.0;bruto;Cascavel
2453062;CASCAVEL - SE COPEL;1997;10;309.7;bruto;Cascavel
2453062;CASCAVEL - SE COPEL;1997;11;266.0;bruto;Cascavel
2453062;CASCAVEL - SE COPEL;1997;12;126.5;bruto;Cascavel
2453062;CASCAVEL - SE COPEL;1998;1;167.6;bruto;Cascavel
2453062;CASCAVEL - SE COPEL;1998;2;300.1;bruto;Cascavel
2453062;CASCAVEL - SE COPEL;1998;3;272.1;bruto;Cascavel
2453062;CASCAVEL - SE COPEL;1998;4;374.7;bruto;Cascavel
2453062;CASCAVEL - SE COPEL;1998;5;190.2;bruto;Cascavel
2453062;CASCAVEL - SE COPEL;1998;6;70.0;bruto;Cascavel
2453062;CASCAVEL - SE COPEL;1998;7;33.4;bruto;Cascavel
2453062;CASCAVEL - SE COPEL;1998;8;262.6;bruto;Cascavel
2453062;CASCAVEL - SE COPEL;1998;9;311.9;bruto;Cascavel
2453062;CASCAVEL - SE COPEL;1998;10;335.0;bruto;Cascavel
2453062;CASCAVEL - SE COPEL;1998;11;66.4;bruto;Cascavel
2453062;CASCAVEL - SE COPEL;1998;12;240.8;bruto;Cascavel
2453062;CASCAVEL - SE COPEL;1999;1;150.9;bruto;Cascavel
2453062;CASCAVEL - SE COPEL;1999;2;174.1;bruto;Cascavel
2453062;CASCAVEL - SE COPEL;1999;3;83.7;bruto;Cascavel
2453062;CASCAVEL - SE COPEL;1999;4;276.9;bruto;Cascavel
2453062;CASCAVEL - SE COPEL;1999;5;131.5;bruto;Cascavel
2453062;CASCAVEL - SE COPEL;1999;6;182.7;bruto;Cascavel
2453062;CASCAVEL - SE COPEL;1999;7;64.1;bruto;Cascavel
2453062;CASCAVEL - SE COPEL;1999;8;1.6;bruto;Cascavel
2453062;CASCAVEL - SE COPEL;1999;9;194.2;bruto;Cascavel
2453062;CASCAVEL - SE COPEL;1999;10;37.1;bruto;Cascavel
2453062;CASCAVEL - SE COPEL;1999;11;47.3;bruto;Cascavel
2453062;CASCAVEL - SE COPEL;1999;12;230.6;bruto;Cascavel
2453062;CASCAVEL - SE COPEL;2000;1;126.2;bruto;Cascavel
2453062;CASCAVEL - SE COPEL;2000;2;369.3;bruto;Cascavel
2453062;CASCAVEL - SE COPEL;2000;3;166.4;bruto;Cascavel
2453062;CASCAVEL - SE COPEL;2000;4;68.0;bruto;Cascavel
2453062;CASCAVEL - SE COPEL;2000;5;84.6;bruto;Cascavel
2453062;CASCAVEL - SE COPEL;2000;6;152.9;bruto;Cascavel
2453062;CASCAVEL - SE COPEL;2000;7;;sem_leitura;Cascavel
2453062;CASCAVEL - SE COPEL;2000;8;;sem_leitura;Cascavel
2453062;CASCAVEL - SE COPEL;2000;9;;sem_leitura;Cascavel
2453062;CASCAVEL - SE COPEL;2000;10;;sem_leitura;Cascavel
2453062;CASCAVEL - SE COPEL;2000;11;;sem_leitura;Cascavel
2453062;CASCAVEL - SE COPEL;2000;12;;sem_leitura;Cascavel
2453069;PEDREIRA;2004;1;;sem_leitura;Toledo
2453069;PEDREIRA;2004;2;;sem_leitura;Toledo
2453069;PEDREIRA;2004;3;;sem_leitura;Toledo
2453069;PEDREIRA;2004;4;158.8;bruto;Toledo
2453069;PEDREIRA;2004;5;327.6;bruto;Toledo
2453069;PEDREIRA;2004;6;101.2;bruto;Toledo
2453069;PEDREIRA;2004;7;125.6;bruto;Toledo
2453069;PEDREIRA;2004;8;14.3;bruto;Toledo
2453069;PEDREIRA;2004;9;63.4;bruto;Toledo
2453069;PEDREIRA;2004;10;320.1;bruto;Toledo
2453069;PEDREIRA;2004;11;218.6;bruto;Toledo
2453069;PEDREIRA;2004;12;75.6;bruto;Toledo
2453069;PEDREIRA;2005;1;190.5;bruto;Toledo
2453069;PEDREIRA;2005;2;18.2;bruto;Toledo
2453069;PEDREIRA;2005;3;11.0;bruto;Toledo
2453069;PEDREIRA;2005;4;118.8;bruto;Toledo
2453069;PEDREIRA;2005;5;195.6;bruto;Toledo
2453069;PEDREIRA;2005;6;250.1;bruto;Toledo
2453069;PEDREIRA;2005;7;44.2;bruto;Toledo
2453069;PEDREIRA;2005;8;122.6;bruto;Toledo
2453069;PEDREIRA;2005;9;110.2;bruto;Toledo
2453069;PEDREIRA;2005;10;407.7;consistido;Toledo
2453069;PEDREIRA;2005;11;103.8;consistido;Toledo
2453069;PEDREIRA;2005;12;55.9;consistido;Toledo
2453069;PEDREIRA;2006;1;116.0;bruto;Toledo
2453069;PEDREIRA;2006;2;95.3;consistido;Toledo
2453069;PEDREIRA;2006;3;145.6;bruto;Toledo
2453069;PEDREIRA;2006;4;142.6;bruto;Toledo
2453069;PEDREIRA;2006;5;8.9;bruto;Toledo
2453069;PEDREIRA;2006;6;43.5;bruto;Toledo
2453069;PEDREIRA;2006;7;39.8;consistido;Toledo
2453069;PEDREIRA;2006;8;107.5;bruto;Toledo
2453069;PEDREIRA;2006;9;172.3;bruto;Toledo
2453069;PEDREIRA;2006;10;200.7;bruto;Toledo
2453069;PEDREIRA;2006;11;242.3;consistido;Toledo
2453069;PEDREIRA;2006;12;193.2;consistido;Toledo
2453069;PEDREIRA;2007;1;;sem_leitura;Toledo
2453069;PEDREIRA;2007;2;;sem_leitura;Toledo
2453069;PEDREIRA;2007;3;;sem_leitura;Toledo
2453069;PEDREIRA;2007;4;;sem_leitura;Toledo
2453069;PEDREIRA;2007;5;;sem_leitura;Toledo
2453069;PEDREIRA;2007;6;;sem_leitura;Toledo
2453069;PEDREIRA;2007;7;;sem_leitura;Toledo
2453069;PEDREIRA;2007;8;9.0;bruto;Toledo
2453069;PEDREIRA;2007;9;;sem_leitura;Toledo
2453069;PEDREIRA;2007;10;;sem_leitura;Toledo
2453069;PEDREIRA;2007;11;;sem_leitura;Toledo
2453069;PEDREIRA;2007;12;;sem_leitura;Toledo
2453069;PEDREIRA;2008;1;;sem_leitura;Toledo
2453069;PEDREIRA;2008;2;108.0;bruto;Toledo
2453069;PEDREIRA;2008;3;51.1;bruto;Toledo
2453069;PEDREIRA;2008;4;71.3;bruto;Toledo
2453069;PEDREIRA;2008;5;;sem_leitura;Toledo
2453069;PEDREIRA;2008;6;;sem_leitura;Toledo
2453069;PEDREIRA;2008;7;2.6;bruto;Toledo
2453069;PEDREIRA;2008;8;;sem_leitura;Toledo
2453069;PEDREIRA;2008;9;;sem_leitura;Toledo
2453069;PEDREIRA;2008;10;;sem_leitura;Toledo
2453069;PEDREIRA;2008;11;;sem_leitura;Toledo
2453069;PEDREIRA;2008;12;;sem_leitura;Toledo
2453070;CAPTAÇÃO SANEPAR ;2004;1;;sem_leitura;Toledo
2453070;CAPTAÇÃO SANEPAR ;2004;2;;sem_leitura;Toledo
2453070;CAPTAÇÃO SANEPAR ;2004;3;;sem_leitura;Toledo
2453070;CAPTAÇÃO SANEPAR ;2004;4;;sem_leitura;Toledo
2453070;CAPTAÇÃO SANEPAR ;2004;5;;sem_leitura;Toledo
2453070;CAPTAÇÃO SANEPAR ;2004;6;;sem_leitura;Toledo
2453070;CAPTAÇÃO SANEPAR ;2004;7;;sem_leitura;Toledo
2453070;CAPTAÇÃO SANEPAR ;2004;8;0.6;bruto;Toledo
2453070;CAPTAÇÃO SANEPAR ;2004;9;62.8;bruto;Toledo
2453070;CAPTAÇÃO SANEPAR ;2004;10;;sem_leitura;Toledo
2453070;CAPTAÇÃO SANEPAR ;2004;11;;sem_leitura;Toledo
2453070;CAPTAÇÃO SANEPAR ;2004;12;;sem_leitura;Toledo
2453070;CAPTAÇÃO SANEPAR ;2005;1;249.6;bruto;Toledo
2453070;CAPTAÇÃO SANEPAR ;2005;2;27.8;bruto;Toledo
2453070;CAPTAÇÃO SANEPAR ;2005;3;24.6;bruto;Toledo
2453070;CAPTAÇÃO SANEPAR ;2005;4;108.6;bruto;Toledo
2453070;CAPTAÇÃO SANEPAR ;2005;5;;sem_leitura;Toledo
2453070;CAPTAÇÃO SANEPAR ;2005;6;;sem_leitura;Toledo
2453070;CAPTAÇÃO SANEPAR ;2005;7;;sem_leitura;Toledo
2453070;CAPTAÇÃO SANEPAR ;2005;8;;sem_leitura;Toledo
2453070;CAPTAÇÃO SANEPAR ;2005;9;;sem_leitura;Toledo
2453070;CAPTAÇÃO SANEPAR ;2005;10;;sem_leitura;Toledo
2453070;CAPTAÇÃO SANEPAR ;2005;11;;sem_leitura;Toledo
2453070;CAPTAÇÃO SANEPAR ;2005;12;;sem_leitura;Toledo
2453070;CAPTAÇÃO SANEPAR ;2006;1;;sem_leitura;Toledo
2453070;CAPTAÇÃO SANEPAR ;2006;2;;sem_leitura;Toledo
2453070;CAPTAÇÃO SANEPAR ;2006;3;;sem_leitura;Toledo
2453070;CAPTAÇÃO SANEPAR ;2006;4;;sem_leitura;Toledo
2453070;CAPTAÇÃO SANEPAR ;2006;5;;sem_leitura;Toledo
2453070;CAPTAÇÃO SANEPAR ;2006;6;;sem_leitura;Toledo
2453070;CAPTAÇÃO SANEPAR ;2006;7;;sem_leitura;Toledo
2453070;CAPTAÇÃO SANEPAR ;2006;8;;sem_leitura;Toledo
2453070;CAPTAÇÃO SANEPAR ;2006;9;;sem_leitura;Toledo
2453070;CAPTAÇÃO SANEPAR ;2006;10;231.8;bruto;Toledo
2453070;CAPTAÇÃO SANEPAR ;2006;11;212.0;bruto;Toledo
2453070;CAPTAÇÃO SANEPAR ;2006;12;;sem_leitura;Toledo
2453070;CAPTAÇÃO SANEPAR ;2007;1;;sem_leitura;Toledo
2453070;CAPTAÇÃO SANEPAR ;2007;2;;sem_leitura;Toledo
2453070;CAPTAÇÃO SANEPAR ;2007;3;;sem_leitura;Toledo
2453070;CAPTAÇÃO SANEPAR ;2007;4;;sem_leitura;Toledo
2453070;CAPTAÇÃO SANEPAR ;2007;5;;sem_leitura;Toledo
2453070;CAPTAÇÃO SANEPAR ;2007;6;2.8;bruto;Toledo
2453070;CAPTAÇÃO SANEPAR ;2007;7;58.4;bruto;Toledo
2453070;CAPTAÇÃO SANEPAR ;2007;8;17.6;bruto;Toledo
2453070;CAPTAÇÃO SANEPAR ;2007;9;74.2;bruto;Toledo
2453070;CAPTAÇÃO SANEPAR ;2007;10;;sem_leitura;Toledo
2453070;CAPTAÇÃO SANEPAR ;2007;11;;sem_leitura;Toledo
2453070;CAPTAÇÃO SANEPAR ;2007;12;;sem_leitura;Toledo
2453070;CAPTAÇÃO SANEPAR ;2008;1;238.4;bruto;Toledo
2453070;CAPTAÇÃO SANEPAR ;2008;2;259.2;bruto;Toledo
2453070;CAPTAÇÃO SANEPAR ;2008;3;69.2;bruto;Toledo
2453070;CAPTAÇÃO SANEPAR ;2008;4;97.4;bruto;Toledo
2453070;CAPTAÇÃO SANEPAR ;2008;5;18.6;bruto;Toledo
2453070;CAPTAÇÃO SANEPAR ;2008;6;;sem_leitura;Toledo
2453070;CAPTAÇÃO SANEPAR ;2008;7;;sem_leitura;Toledo
2453070;CAPTAÇÃO SANEPAR ;2008;8;;sem_leitura;Toledo
2453070;CAPTAÇÃO SANEPAR ;2008;9;;sem_leitura;Toledo
2453070;CAPTAÇÃO SANEPAR ;2008;10;;sem_leitura;Toledo
2453070;CAPTAÇÃO SANEPAR ;2008;11;;sem_leitura;Toledo
2453070;CAPTAÇÃO SANEPAR ;2008;12;;sem_leitura;Toledo
2453090;RIO SÃO CAMILO;2025;1;;sem_leitura;Palotina
2453090;RIO SÃO CAMILO;2025;2;;sem_leitura;Palotina
2453090;RIO SÃO CAMILO;2025;3;;sem_leitura;Palotina
2453090;RIO SÃO CAMILO;2025;4;;sem_leitura;Palotina
2453090;RIO SÃO CAMILO;2025;5;;sem_leitura;Palotina
2453090;RIO SÃO CAMILO;2025;6;;sem_leitura;Palotina
2453090;RIO SÃO CAMILO;2025;7;;sem_leitura;Palotina
2453090;RIO SÃO CAMILO;2025;8;;sem_leitura;Palotina
2453090;RIO SÃO CAMILO;2025;9;102.8;bruto;Palotina
2453090;RIO SÃO CAMILO;2025;10;318.7;bruto;Palotina
2453090;RIO SÃO CAMILO;2025;11;200.3;bruto;Palotina
2453090;RIO SÃO CAMILO;2025;12;329.9;bruto;Palotina
2453098;BOSQUE SÃO CAMILO;2024;1;;sem_leitura;Palotina
2453098;BOSQUE SÃO CAMILO;2024;2;;sem_leitura;Palotina
2453098;BOSQUE SÃO CAMILO;2024;3;;sem_leitura;Palotina
2453098;BOSQUE SÃO CAMILO;2024;4;;sem_leitura;Palotina
2453098;BOSQUE SÃO CAMILO;2024;5;;sem_leitura;Palotina
2453098;BOSQUE SÃO CAMILO;2024;6;;sem_leitura;Palotina
2453098;BOSQUE SÃO CAMILO;2024;7;;sem_leitura;Palotina
2453098;BOSQUE SÃO CAMILO;2024;8;;sem_leitura;Palotina
2453098;BOSQUE SÃO CAMILO;2024;9;;sem_leitura;Palotina
2453098;BOSQUE SÃO CAMILO;2024;10;;sem_leitura;Palotina
2453098;BOSQUE SÃO CAMILO;2024;11;47.0;bruto;Palotina
2453098;BOSQUE SÃO CAMILO;2024;12;268.5;bruto;Palotina
2453098;BOSQUE SÃO CAMILO;2025;1;61.5;bruto;Palotina
2453098;BOSQUE SÃO CAMILO;2025;2;137.1;bruto;Palotina
2453098;BOSQUE SÃO CAMILO;2025;3;102.2;bruto;Palotina
2453098;BOSQUE SÃO CAMILO;2025;4;81.1;bruto;Palotina
2453098;BOSQUE SÃO CAMILO;2025;5;46.0;bruto;Palotina
2453098;BOSQUE SÃO CAMILO;2025;6;105.5;bruto;Palotina
2453098;BOSQUE SÃO CAMILO;2025;7;47.3;bruto;Palotina
2453098;BOSQUE SÃO CAMILO;2025;8;105.1;bruto;Palotina
2453098;BOSQUE SÃO CAMILO;2025;9;102.8;bruto;Palotina
2453098;BOSQUE SÃO CAMILO;2025;10;318.7;bruto;Palotina
2453098;BOSQUE SÃO CAMILO;2025;11;200.3;bruto;Palotina
2453098;BOSQUE SÃO CAMILO;2025;12;328.7;bruto;Palotina
2454001;GUAIRA;1986;1;140.9;bruto;Guaira
2454001;GUAIRA;1986;2;226.5;bruto;Guaira
2454001;GUAIRA;1986;3;99.0;bruto;Guaira
2454001;GUAIRA;1986;4;158.7;bruto;Guaira
2454001;GUAIRA;1986;5;292.3;bruto;Guaira
2454001;GUAIRA;1986;6;34.8;bruto;Guaira
2454001;GUAIRA;1986;7;33.9;bruto;Guaira
2454001;GUAIRA;1986;8;164.0;bruto;Guaira
2454001;GUAIRA;1986;9;119.4;bruto;Guaira
2454001;GUAIRA;1986;10;115.0;bruto;Guaira
2454001;GUAIRA;1986;11;116.6;bruto;Guaira
2454001;GUAIRA;1986;12;171.6;bruto;Guaira
2454001;GUAIRA;1987;1;123.5;bruto;Guaira
2454001;GUAIRA;1987;2;241.1;bruto;Guaira
2454001;GUAIRA;1987;3;86.7;bruto;Guaira
2454001;GUAIRA;1987;4;226.8;bruto;Guaira
2454001;GUAIRA;1987;5;351.1;bruto;Guaira
2454001;GUAIRA;1987;6;123.6;bruto;Guaira
2454001;GUAIRA;1987;7;106.5;bruto;Guaira
2454001;GUAIRA;1987;8;52.6;bruto;Guaira
2454001;GUAIRA;1987;9;38.8;bruto;Guaira
2454001;GUAIRA;1987;10;153.0;bruto;Guaira
2454001;GUAIRA;1987;11;195.1;bruto;Guaira
2454001;GUAIRA;1987;12;141.1;bruto;Guaira
2454001;GUAIRA;1988;1;86.3;bruto;Guaira
2454001;GUAIRA;1988;2;104.5;bruto;Guaira
2454001;GUAIRA;1988;3;11.6;bruto;Guaira
2454001;GUAIRA;1988;4;224.8;bruto;Guaira
2454001;GUAIRA;1988;5;152.5;bruto;Guaira
2454001;GUAIRA;1988;6;65.8;bruto;Guaira
2454001;GUAIRA;1988;7;1.5;bruto;Guaira
2454001;GUAIRA;1988;8;16.7;bruto;Guaira
2454001;GUAIRA;1988;9;13.6;bruto;Guaira
2454001;GUAIRA;1988;10;242.1;bruto;Guaira
2454001;GUAIRA;1988;11;65.7;bruto;Guaira
2454001;GUAIRA;1988;12;161.2;bruto;Guaira
2454001;GUAIRA;1989;1;374.7;bruto;Guaira
2454001;GUAIRA;1989;2;188.7;bruto;Guaira
2454001;GUAIRA;1989;3;140.5;bruto;Guaira
2454001;GUAIRA;1989;4;80.6;bruto;Guaira
2454001;GUAIRA;1989;5;68.9;bruto;Guaira
2454001;GUAIRA;1989;6;131.5;bruto;Guaira
2454001;GUAIRA;1989;7;85.9;bruto;Guaira
2454001;GUAIRA;1989;8;287.9;bruto;Guaira
2454001;GUAIRA;1989;9;163.8;bruto;Guaira
2454001;GUAIRA;1989;10;141.2;bruto;Guaira
2454001;GUAIRA;1989;11;120.0;bruto;Guaira
2454001;GUAIRA;1989;12;130.2;bruto;Guaira
2454001;GUAIRA;1990;1;225.9;bruto;Guaira
2454001;GUAIRA;1990;2;47.3;bruto;Guaira
2454001;GUAIRA;1990;3;75.1;bruto;Guaira
2454001;GUAIRA;1990;4;208.8;bruto;Guaira
2454001;GUAIRA;1990;5;159.3;bruto;Guaira
2454001;GUAIRA;1990;6;113.7;bruto;Guaira
2454001;GUAIRA;1990;7;101.8;bruto;Guaira
2454001;GUAIRA;1990;8;156.2;bruto;Guaira
2454001;GUAIRA;1990;9;208.0;bruto;Guaira
2454001;GUAIRA;1990;10;130.1;bruto;Guaira
2454001;GUAIRA;1990;11;170.5;bruto;Guaira
2454001;GUAIRA;1990;12;116.8;bruto;Guaira
2454001;GUAIRA;1991;1;123.0;bruto;Guaira
2454001;GUAIRA;1991;2;58.7;bruto;Guaira
2454001;GUAIRA;1991;3;84.5;bruto;Guaira
2454001;GUAIRA;1991;4;89.2;bruto;Guaira
2454001;GUAIRA;1991;5;47.8;bruto;Guaira
2454001;GUAIRA;1991;6;170.3;bruto;Guaira
2454001;GUAIRA;1991;7;15.4;bruto;Guaira
2454001;GUAIRA;1991;8;20.3;bruto;Guaira
2454001;GUAIRA;1991;9;211.0;bruto;Guaira
2454001;GUAIRA;1991;10;96.4;bruto;Guaira
2454001;GUAIRA;1991;11;123.1;bruto;Guaira
2454001;GUAIRA;1991;12;179.8;bruto;Guaira
2454001;GUAIRA;1992;1;30.3;bruto;Guaira
2454001;GUAIRA;1992;2;200.6;bruto;Guaira
2454001;GUAIRA;1992;3;184.1;bruto;Guaira
2454001;GUAIRA;1992;4;344.3;bruto;Guaira
2454001;GUAIRA;1992;5;299.5;bruto;Guaira
2454001;GUAIRA;1992;6;73.4;bruto;Guaira
2454001;GUAIRA;1992;7;115.0;bruto;Guaira
2454001;GUAIRA;1992;8;82.8;bruto;Guaira
2454001;GUAIRA;1992;9;132.7;bruto;Guaira
2454001;GUAIRA;1992;10;288.0;bruto;Guaira
2454001;GUAIRA;1992;11;121.8;bruto;Guaira
2454001;GUAIRA;1992;12;63.0;bruto;Guaira
2454001;GUAIRA;1993;1;242.6;bruto;Guaira
2454001;GUAIRA;1993;2;77.8;bruto;Guaira
2454001;GUAIRA;1993;3;98.5;bruto;Guaira
2454001;GUAIRA;1993;4;105.0;bruto;Guaira
2454001;GUAIRA;1993;5;154.4;bruto;Guaira
2454001;GUAIRA;1993;6;51.2;bruto;Guaira
2454001;GUAIRA;1993;7;117.2;bruto;Guaira
2454001;GUAIRA;1993;8;2.0;bruto;Guaira
2454001;GUAIRA;1993;9;181.4;bruto;Guaira
2454001;GUAIRA;1993;10;142.0;bruto;Guaira
2454001;GUAIRA;1993;11;159.2;bruto;Guaira
2454001;GUAIRA;1993;12;161.1;bruto;Guaira
2454001;GUAIRA;1994;1;41.6;bruto;Guaira
2454001;GUAIRA;1994;2;131.2;bruto;Guaira
2454001;GUAIRA;1994;3;76.8;bruto;Guaira
2454001;GUAIRA;1994;4;61.2;bruto;Guaira
2454001;GUAIRA;1994;5;148.8;bruto;Guaira
2454001;GUAIRA;1994;6;147.9;bruto;Guaira
2454001;GUAIRA;1994;7;98.6;bruto;Guaira
2454001;GUAIRA;1994;8;25.0;bruto;Guaira
2454001;GUAIRA;1994;9;85.6;bruto;Guaira
2454001;GUAIRA;1994;10;125.6;bruto;Guaira
2454001;GUAIRA;1994;11;187.0;bruto;Guaira
2454001;GUAIRA;1994;12;86.9;bruto;Guaira
2454001;GUAIRA;1995;1;312.2;bruto;Guaira
2454001;GUAIRA;1995;2;120.8;bruto;Guaira
2454001;GUAIRA;1995;3;93.0;bruto;Guaira
2454001;GUAIRA;1995;4;111.0;bruto;Guaira
2454001;GUAIRA;1995;5;11.6;bruto;Guaira
2454001;GUAIRA;1995;6;35.6;bruto;Guaira
2454001;GUAIRA;1995;7;51.8;bruto;Guaira
2454001;GUAIRA;1995;8;12.4;bruto;Guaira
2454001;GUAIRA;1995;9;69.2;bruto;Guaira
2454001;GUAIRA;1995;10;164.8;bruto;Guaira
2454001;GUAIRA;1995;11;69.6;bruto;Guaira
2454001;GUAIRA;1995;12;166.8;bruto;Guaira
2454001;GUAIRA;1996;1;103.4;bruto;Guaira
2454001;GUAIRA;1996;2;125.4;bruto;Guaira
2454001;GUAIRA;1996;3;147.3;bruto;Guaira
2454001;GUAIRA;1996;4;97.0;bruto;Guaira
2454001;GUAIRA;1996;5;43.1;bruto;Guaira
2454001;GUAIRA;1996;6;22.4;bruto;Guaira
2454001;GUAIRA;1996;7;4.4;bruto;Guaira
2454001;GUAIRA;1996;8;23.6;consistido;Guaira
2454001;GUAIRA;1996;9;132.7;bruto;Guaira
2454001;GUAIRA;1996;10;278.1;bruto;Guaira
2454001;GUAIRA;1996;11;114.4;bruto;Guaira
2454001;GUAIRA;1996;12;201.5;bruto;Guaira
2454001;GUAIRA;1997;1;258.4;bruto;Guaira
2454001;GUAIRA;1997;2;172.8;bruto;Guaira
2454001;GUAIRA;1997;3;36.0;bruto;Guaira
2454001;GUAIRA;1997;4;13.1;bruto;Guaira
2454001;GUAIRA;1997;5;132.6;bruto;Guaira
2454001;GUAIRA;1997;6;220.6;bruto;Guaira
2454001;GUAIRA;1997;7;110.4;bruto;Guaira
2454001;GUAIRA;1997;8;43.3;bruto;Guaira
2454001;GUAIRA;1997;9;219.9;bruto;Guaira
2454001;GUAIRA;1997;10;279.5;bruto;Guaira
2454001;GUAIRA;1997;11;294.0;bruto;Guaira
2454001;GUAIRA;1997;12;132.7;bruto;Guaira
2454001;GUAIRA;1998;1;163.7;bruto;Guaira
2454001;GUAIRA;1998;2;89.5;bruto;Guaira
2454001;GUAIRA;1998;3;149.0;bruto;Guaira
2454001;GUAIRA;1998;4;425.8;bruto;Guaira
2454001;GUAIRA;1998;5;102.3;bruto;Guaira
2454001;GUAIRA;1998;6;55.0;bruto;Guaira
2454001;GUAIRA;1998;7;22.5;bruto;Guaira
2454001;GUAIRA;1998;8;265.8;bruto;Guaira
2454001;GUAIRA;1998;9;236.6;bruto;Guaira
2454001;GUAIRA;1998;10;182.4;bruto;Guaira
2454001;GUAIRA;1998;11;39.0;bruto;Guaira
2454001;GUAIRA;1998;12;145.3;bruto;Guaira
2454001;GUAIRA;1999;1;102.5;bruto;Guaira
2454001;GUAIRA;1999;2;166.4;bruto;Guaira
2454001;GUAIRA;1999;3;86.2;bruto;Guaira
2454001;GUAIRA;1999;4;93.0;bruto;Guaira
2454001;GUAIRA;1999;5;188.1;bruto;Guaira
2454001;GUAIRA;1999;6;138.7;bruto;Guaira
2454001;GUAIRA;1999;7;75.1;bruto;Guaira
2454001;GUAIRA;1999;8;0.0;bruto;Guaira
2454001;GUAIRA;1999;9;97.6;bruto;Guaira
2454001;GUAIRA;1999;10;61.7;bruto;Guaira
2454001;GUAIRA;1999;11;39.8;bruto;Guaira
2454001;GUAIRA;1999;12;137.2;bruto;Guaira
2454001;GUAIRA;2000;1;85.1;bruto;Guaira
2454001;GUAIRA;2000;2;200.1;bruto;Guaira
2454001;GUAIRA;2000;3;117.7;bruto;Guaira
2454001;GUAIRA;2000;4;37.0;bruto;Guaira
2454001;GUAIRA;2000;5;76.3;bruto;Guaira
2454001;GUAIRA;2000;6;104.8;bruto;Guaira
2454001;GUAIRA;2000;7;60.2;bruto;Guaira
2454001;GUAIRA;2000;8;188.5;bruto;Guaira
2454001;GUAIRA;2000;9;150.0;bruto;Guaira
2454001;GUAIRA;2000;10;210.6;bruto;Guaira
2454001;GUAIRA;2000;11;239.0;bruto;Guaira
2454001;GUAIRA;2000;12;131.4;bruto;Guaira
2454001;GUAIRA;2001;1;151.1;bruto;Guaira
2454001;GUAIRA;2001;2;360.5;bruto;Guaira
2454001;GUAIRA;2001;3;92.3;bruto;Guaira
2454001;GUAIRA;2001;4;99.7;bruto;Guaira
2454001;GUAIRA;2001;5;67.8;bruto;Guaira
2454001;GUAIRA;2001;6;122.4;bruto;Guaira
2454001;GUAIRA;2001;7;56.4;bruto;Guaira
2454001;GUAIRA;2001;8;49.1;bruto;Guaira
2454001;GUAIRA;2001;9;156.5;bruto;Guaira
2454001;GUAIRA;2001;10;73.6;bruto;Guaira
2454001;GUAIRA;2001;11;112.6;bruto;Guaira
2454001;GUAIRA;2001;12;156.4;bruto;Guaira
2454001;GUAIRA;2002;1;153.9;bruto;Guaira
2454001;GUAIRA;2002;2;69.8;bruto;Guaira
2454001;GUAIRA;2002;3;30.8;bruto;Guaira
2454001;GUAIRA;2002;4;28.0;bruto;Guaira
2454001;GUAIRA;2002;5;383.3;bruto;Guaira
2454001;GUAIRA;2002;6;7.2;bruto;Guaira
2454001;GUAIRA;2002;7;38.3;bruto;Guaira
2454001;GUAIRA;2002;8;69.4;bruto;Guaira
2454001;GUAIRA;2002;9;96.6;bruto;Guaira
2454001;GUAIRA;2002;10;138.3;bruto;Guaira
2454001;GUAIRA;2002;11;272.8;bruto;Guaira
2454001;GUAIRA;2002;12;117.4;bruto;Guaira
2454001;GUAIRA;2003;1;126.9;bruto;Guaira
2454001;GUAIRA;2003;2;182.2;bruto;Guaira
2454001;GUAIRA;2003;3;64.0;bruto;Guaira
2454001;GUAIRA;2003;4;158.4;bruto;Guaira
2454001;GUAIRA;2003;5;40.2;bruto;Guaira
2454001;GUAIRA;2003;6;96.8;bruto;Guaira
2454001;GUAIRA;2003;7;59.2;bruto;Guaira
2454001;GUAIRA;2003;8;47.6;bruto;Guaira
2454001;GUAIRA;2003;9;114.9;bruto;Guaira
2454001;GUAIRA;2003;10;136.7;bruto;Guaira
2454001;GUAIRA;2003;11;291.6;bruto;Guaira
2454001;GUAIRA;2003;12;217.7;bruto;Guaira
2454001;GUAIRA;2004;1;124.2;bruto;Guaira
2454001;GUAIRA;2004;2;28.9;bruto;Guaira
2454001;GUAIRA;2004;3;115.1;bruto;Guaira
2454001;GUAIRA;2004;4;195.5;bruto;Guaira
2454001;GUAIRA;2004;5;250.2;bruto;Guaira
2454001;GUAIRA;2004;6;105.6;bruto;Guaira
2454001;GUAIRA;2004;7;84.7;bruto;Guaira
2454001;GUAIRA;2004;8;18.8;bruto;Guaira
2454001;GUAIRA;2004;9;52.8;bruto;Guaira
2454001;GUAIRA;2004;10;329.0;bruto;Guaira
2454001;GUAIRA;2004;11;304.7;bruto;Guaira
2454001;GUAIRA;2004;12;132.6;bruto;Guaira
2454001;GUAIRA;2005;1;232.4;bruto;Guaira
2454001;GUAIRA;2005;2;62.8;bruto;Guaira
2454001;GUAIRA;2005;3;1.6;bruto;Guaira
2454001;GUAIRA;2005;4;149.1;bruto;Guaira
2454001;GUAIRA;2005;5;136.6;bruto;Guaira
2454001;GUAIRA;2005;6;99.0;bruto;Guaira
2454001;GUAIRA;2005;7;41.0;bruto;Guaira
2454001;GUAIRA;2005;8;50.4;bruto;Guaira
2454001;GUAIRA;2005;9;230.6;bruto;Guaira
2454001;GUAIRA;2005;10;347.9;bruto;Guaira
2454001;GUAIRA;2005;11;104.0;bruto;Guaira
2454001;GUAIRA;2005;12;37.0;bruto;Guaira
2454001;GUAIRA;2006;1;78.7;bruto;Guaira
2454001;GUAIRA;2006;2;104.7;bruto;Guaira
2454001;GUAIRA;2006;3;199.2;bruto;Guaira
2454001;GUAIRA;2006;4;63.0;bruto;Guaira
2454001;GUAIRA;2006;5;19.2;bruto;Guaira
2454001;GUAIRA;2006;6;43.2;bruto;Guaira
2454001;GUAIRA;2006;7;20.9;bruto;Guaira
2454001;GUAIRA;2006;8;82.0;bruto;Guaira
2454001;GUAIRA;2006;9;202.4;bruto;Guaira
2454001;GUAIRA;2006;10;117.6;bruto;Guaira
2454001;GUAIRA;2006;11;144.4;bruto;Guaira
2454001;GUAIRA;2006;12;268.8;bruto;Guaira
2454001;GUAIRA;2007;1;324.4;bruto;Guaira
2454001;GUAIRA;2007;2;162.2;bruto;Guaira
2454001;GUAIRA;2007;3;55.4;bruto;Guaira
2454001;GUAIRA;2007;4;220.9;bruto;Guaira
2454001;GUAIRA;2007;5;90.0;bruto;Guaira
2454001;GUAIRA;2007;6;2.4;bruto;Guaira
2454001;GUAIRA;2007;7;35.0;bruto;Guaira
2454001;GUAIRA;2007;8;9.8;bruto;Guaira
2454001;GUAIRA;2007;9;18.0;bruto;Guaira
2454001;GUAIRA;2007;10;69.4;bruto;Guaira
2454001;GUAIRA;2007;11;289.8;bruto;Guaira
2454001;GUAIRA;2007;12;144.0;bruto;Guaira
2454001;GUAIRA;2008;1;83.6;bruto;Guaira
2454001;GUAIRA;2008;2;64.0;bruto;Guaira
2454001;GUAIRA;2008;3;59.0;bruto;Guaira
2454001;GUAIRA;2008;4;87.2;bruto;Guaira
2454001;GUAIRA;2008;5;45.6;bruto;Guaira
2454001;GUAIRA;2008;6;22.8;bruto;Guaira
2454001;GUAIRA;2008;7;35.5;bruto;Guaira
2454001;GUAIRA;2008;8;148.8;bruto;Guaira
2454001;GUAIRA;2008;9;54.5;bruto;Guaira
2454001;GUAIRA;2008;10;215.0;bruto;Guaira
2454001;GUAIRA;2008;11;304.8;bruto;Guaira
2454001;GUAIRA;2008;12;47.6;bruto;Guaira
2454006;TERRA ROXA DO OESTE;1986;1;178.0;bruto;Terra Roxa
2454006;TERRA ROXA DO OESTE;1986;2;247.6;bruto;Terra Roxa
2454006;TERRA ROXA DO OESTE;1986;3;98.3;bruto;Terra Roxa
2454006;TERRA ROXA DO OESTE;1986;4;170.1;bruto;Terra Roxa
2454006;TERRA ROXA DO OESTE;1986;5;337.9;bruto;Terra Roxa
2454006;TERRA ROXA DO OESTE;1986;6;35.6;bruto;Terra Roxa
2454006;TERRA ROXA DO OESTE;1986;7;44.4;bruto;Terra Roxa
2454006;TERRA ROXA DO OESTE;1986;8;177.9;bruto;Terra Roxa
2454006;TERRA ROXA DO OESTE;1986;9;162.2;bruto;Terra Roxa
2454006;TERRA ROXA DO OESTE;1986;10;110.9;bruto;Terra Roxa
2454006;TERRA ROXA DO OESTE;1986;11;129.0;bruto;Terra Roxa
2454006;TERRA ROXA DO OESTE;1986;12;223.7;bruto;Terra Roxa
2454006;TERRA ROXA DO OESTE;1987;1;132.8;bruto;Terra Roxa
2454006;TERRA ROXA DO OESTE;1987;2;300.0;bruto;Terra Roxa
2454006;TERRA ROXA DO OESTE;1987;3;52.8;bruto;Terra Roxa
2454006;TERRA ROXA DO OESTE;1987;4;188.3;bruto;Terra Roxa
2454006;TERRA ROXA DO OESTE;1987;5;327.2;bruto;Terra Roxa
2454006;TERRA ROXA DO OESTE;1987;6;153.5;bruto;Terra Roxa
2454006;TERRA ROXA DO OESTE;1987;7;104.3;bruto;Terra Roxa
2454006;TERRA ROXA DO OESTE;1987;8;54.6;bruto;Terra Roxa
2454006;TERRA ROXA DO OESTE;1987;9;39.5;bruto;Terra Roxa
2454006;TERRA ROXA DO OESTE;1987;10;136.8;bruto;Terra Roxa
2454006;TERRA ROXA DO OESTE;1987;11;145.3;bruto;Terra Roxa
2454006;TERRA ROXA DO OESTE;1987;12;119.4;bruto;Terra Roxa
2454006;TERRA ROXA DO OESTE;1988;1;45.7;bruto;Terra Roxa
2454006;TERRA ROXA DO OESTE;1988;2;106.7;bruto;Terra Roxa
2454006;TERRA ROXA DO OESTE;1988;3;17.4;bruto;Terra Roxa
2454006;TERRA ROXA DO OESTE;1988;4;143.0;bruto;Terra Roxa
2454006;TERRA ROXA DO OESTE;1988;5;183.4;bruto;Terra Roxa
2454006;TERRA ROXA DO OESTE;1988;6;61.5;bruto;Terra Roxa
2454006;TERRA ROXA DO OESTE;1988;7;0.7;bruto;Terra Roxa
2454006;TERRA ROXA DO OESTE;1988;8;18.9;bruto;Terra Roxa
2454006;TERRA ROXA DO OESTE;1988;9;13.7;bruto;Terra Roxa
2454006;TERRA ROXA DO OESTE;1988;10;148.3;bruto;Terra Roxa
2454006;TERRA ROXA DO OESTE;1988;11;82.7;bruto;Terra Roxa
2454006;TERRA ROXA DO OESTE;1988;12;160.0;bruto;Terra Roxa
2454006;TERRA ROXA DO OESTE;1989;1;336.2;bruto;Terra Roxa
2454006;TERRA ROXA DO OESTE;1989;2;152.6;bruto;Terra Roxa
2454006;TERRA ROXA DO OESTE;1989;3;100.3;bruto;Terra Roxa
2454006;TERRA ROXA DO OESTE;1989;4;103.2;bruto;Terra Roxa
2454006;TERRA ROXA DO OESTE;1989;5;69.8;bruto;Terra Roxa
2454006;TERRA ROXA DO OESTE;1989;6;124.9;bruto;Terra Roxa
2454006;TERRA ROXA DO OESTE;1989;7;116.4;bruto;Terra Roxa
2454006;TERRA ROXA DO OESTE;1989;8;200.5;bruto;Terra Roxa
2454006;TERRA ROXA DO OESTE;1989;9;230.9;bruto;Terra Roxa
2454006;TERRA ROXA DO OESTE;1989;10;190.7;bruto;Terra Roxa
2454006;TERRA ROXA DO OESTE;1989;11;72.6;bruto;Terra Roxa
2454006;TERRA ROXA DO OESTE;1989;12;90.7;bruto;Terra Roxa
2454006;TERRA ROXA DO OESTE;1990;1;280.8;bruto;Terra Roxa
2454006;TERRA ROXA DO OESTE;1990;2;65.4;bruto;Terra Roxa
2454006;TERRA ROXA DO OESTE;1990;3;119.4;bruto;Terra Roxa
2454006;TERRA ROXA DO OESTE;1990;4;154.9;bruto;Terra Roxa
2454006;TERRA ROXA DO OESTE;1990;5;122.3;bruto;Terra Roxa
2454006;TERRA ROXA DO OESTE;1990;6;118.2;bruto;Terra Roxa
2454006;TERRA ROXA DO OESTE;1990;7;151.9;bruto;Terra Roxa
2454006;TERRA ROXA DO OESTE;1990;8;185.7;bruto;Terra Roxa
2454006;TERRA ROXA DO OESTE;1990;9;259.1;bruto;Terra Roxa
2454006;TERRA ROXA DO OESTE;1990;10;94.3;bruto;Terra Roxa
2454006;TERRA ROXA DO OESTE;1990;11;136.9;bruto;Terra Roxa
2454006;TERRA ROXA DO OESTE;1990;12;97.5;bruto;Terra Roxa
2454006;TERRA ROXA DO OESTE;1991;1;225.6;bruto;Terra Roxa
2454006;TERRA ROXA DO OESTE;1991;2;56.1;bruto;Terra Roxa
2454006;TERRA ROXA DO OESTE;1991;3;119.6;bruto;Terra Roxa
2454006;TERRA ROXA DO OESTE;1991;4;69.2;bruto;Terra Roxa
2454006;TERRA ROXA DO OESTE;1991;5;38.7;bruto;Terra Roxa
2454006;TERRA ROXA DO OESTE;1991;6;226.8;bruto;Terra Roxa
2454006;TERRA ROXA DO OESTE;1991;7;21.7;bruto;Terra Roxa
2454006;TERRA ROXA DO OESTE;1991;8;29.7;bruto;Terra Roxa
2454006;TERRA ROXA DO OESTE;1991;9;278.1;bruto;Terra Roxa
2454006;TERRA ROXA DO OESTE;1991;10;136.9;bruto;Terra Roxa
2454006;TERRA ROXA DO OESTE;1991;11;109.7;bruto;Terra Roxa
2454006;TERRA ROXA DO OESTE;1991;12;280.4;bruto;Terra Roxa
2454006;TERRA ROXA DO OESTE;1992;1;10.3;bruto;Terra Roxa
2454006;TERRA ROXA DO OESTE;1992;2;254.8;bruto;Terra Roxa
2454006;TERRA ROXA DO OESTE;1992;3;144.2;bruto;Terra Roxa
2454006;TERRA ROXA DO OESTE;1992;4;306.5;bruto;Terra Roxa
2454006;TERRA ROXA DO OESTE;1992;5;386.0;bruto;Terra Roxa
2454006;TERRA ROXA DO OESTE;1992;6;78.0;bruto;Terra Roxa
2454006;TERRA ROXA DO OESTE;1992;7;118.7;bruto;Terra Roxa
2454006;TERRA ROXA DO OESTE;1992;8;80.7;bruto;Terra Roxa
2454006;TERRA ROXA DO OESTE;1992;9;105.7;bruto;Terra Roxa
2454006;TERRA ROXA DO OESTE;1992;10;257.2;bruto;Terra Roxa
2454006;TERRA ROXA DO OESTE;1992;11;112.9;bruto;Terra Roxa
2454006;TERRA ROXA DO OESTE;1992;12;78.1;bruto;Terra Roxa
2454006;TERRA ROXA DO OESTE;1993;1;129.9;bruto;Terra Roxa
2454006;TERRA ROXA DO OESTE;1993;2;36.3;bruto;Terra Roxa
2454006;TERRA ROXA DO OESTE;1993;3;85.4;bruto;Terra Roxa
2454006;TERRA ROXA DO OESTE;1993;4;103.2;bruto;Terra Roxa
2454006;TERRA ROXA DO OESTE;1993;5;136.1;bruto;Terra Roxa
2454006;TERRA ROXA DO OESTE;1993;6;54.4;bruto;Terra Roxa
2454006;TERRA ROXA DO OESTE;1993;7;98.1;bruto;Terra Roxa
2454006;TERRA ROXA DO OESTE;1993;8;30.7;bruto;Terra Roxa
2454006;TERRA ROXA DO OESTE;1993;9;217.4;bruto;Terra Roxa
2454006;TERRA ROXA DO OESTE;1993;10;184.3;bruto;Terra Roxa
2454006;TERRA ROXA DO OESTE;1993;11;196.5;bruto;Terra Roxa
2454006;TERRA ROXA DO OESTE;1993;12;130.4;bruto;Terra Roxa
2454006;TERRA ROXA DO OESTE;1994;1;46.5;bruto;Terra Roxa
2454006;TERRA ROXA DO OESTE;1994;2;184.4;bruto;Terra Roxa
2454006;TERRA ROXA DO OESTE;1994;3;54.7;bruto;Terra Roxa
2454006;TERRA ROXA DO OESTE;1994;4;57.9;bruto;Terra Roxa
2454006;TERRA ROXA DO OESTE;1994;5;103.4;bruto;Terra Roxa
2454006;TERRA ROXA DO OESTE;1994;6;174.5;bruto;Terra Roxa
2454006;TERRA ROXA DO OESTE;1994;7;97.8;bruto;Terra Roxa
2454006;TERRA ROXA DO OESTE;1994;8;25.4;bruto;Terra Roxa
2454006;TERRA ROXA DO OESTE;1994;9;72.7;bruto;Terra Roxa
2454006;TERRA ROXA DO OESTE;1994;10;134.6;bruto;Terra Roxa
2454006;TERRA ROXA DO OESTE;1994;11;168.0;bruto;Terra Roxa
2454006;TERRA ROXA DO OESTE;1994;12;190.0;bruto;Terra Roxa
2454006;TERRA ROXA DO OESTE;1995;1;424.3;bruto;Terra Roxa
2454006;TERRA ROXA DO OESTE;1995;2;108.8;bruto;Terra Roxa
2454006;TERRA ROXA DO OESTE;1995;3;114.8;bruto;Terra Roxa
2454006;TERRA ROXA DO OESTE;1995;4;167.1;bruto;Terra Roxa
2454006;TERRA ROXA DO OESTE;1995;5;13.6;bruto;Terra Roxa
2454006;TERRA ROXA DO OESTE;1995;6;32.9;bruto;Terra Roxa
2454006;TERRA ROXA DO OESTE;1995;7;68.7;bruto;Terra Roxa
2454006;TERRA ROXA DO OESTE;1995;8;15.5;bruto;Terra Roxa
2454006;TERRA ROXA DO OESTE;1995;9;75.4;bruto;Terra Roxa
2454006;TERRA ROXA DO OESTE;1995;10;213.3;bruto;Terra Roxa
2454006;TERRA ROXA DO OESTE;1995;11;89.2;bruto;Terra Roxa
2454006;TERRA ROXA DO OESTE;1995;12;170.9;bruto;Terra Roxa
2454006;TERRA ROXA DO OESTE;1996;1;103.2;bruto;Terra Roxa
2454006;TERRA ROXA DO OESTE;1996;2;133.2;bruto;Terra Roxa
2454006;TERRA ROXA DO OESTE;1996;3;247.4;bruto;Terra Roxa
2454006;TERRA ROXA DO OESTE;1996;4;99.8;bruto;Terra Roxa
2454006;TERRA ROXA DO OESTE;1996;5;60.6;bruto;Terra Roxa
2454006;TERRA ROXA DO OESTE;1996;6;44.5;bruto;Terra Roxa
2454006;TERRA ROXA DO OESTE;1996;7;9.9;bruto;Terra Roxa
2454006;TERRA ROXA DO OESTE;1996;8;34.8;bruto;Terra Roxa
2454006;TERRA ROXA DO OESTE;1996;9;121.4;bruto;Terra Roxa
2454006;TERRA ROXA DO OESTE;1996;10;323.2;bruto;Terra Roxa
2454006;TERRA ROXA DO OESTE;1996;11;168.8;bruto;Terra Roxa
2454006;TERRA ROXA DO OESTE;1996;12;207.5;bruto;Terra Roxa
2454006;TERRA ROXA DO OESTE;1997;1;414.8;bruto;Terra Roxa
2454006;TERRA ROXA DO OESTE;1997;2;270.7;bruto;Terra Roxa
2454006;TERRA ROXA DO OESTE;1997;3;49.7;bruto;Terra Roxa
2454006;TERRA ROXA DO OESTE;1997;4;16.5;bruto;Terra Roxa
2454006;TERRA ROXA DO OESTE;1997;5;101.8;bruto;Terra Roxa
2454006;TERRA ROXA DO OESTE;1997;6;219.0;bruto;Terra Roxa
2454006;TERRA ROXA DO OESTE;1997;7;132.7;bruto;Terra Roxa
2454006;TERRA ROXA DO OESTE;1997;8;48.0;bruto;Terra Roxa
2454006;TERRA ROXA DO OESTE;1997;9;230.6;bruto;Terra Roxa
2454006;TERRA ROXA DO OESTE;1997;10;184.9;bruto;Terra Roxa
2454006;TERRA ROXA DO OESTE;1997;11;253.3;bruto;Terra Roxa
2454006;TERRA ROXA DO OESTE;1997;12;166.3;bruto;Terra Roxa
2454006;TERRA ROXA DO OESTE;1998;1;119.6;bruto;Terra Roxa
2454006;TERRA ROXA DO OESTE;1998;2;124.6;bruto;Terra Roxa
2454006;TERRA ROXA DO OESTE;1998;3;113.7;bruto;Terra Roxa
2454006;TERRA ROXA DO OESTE;1998;4;422.8;bruto;Terra Roxa
2454006;TERRA ROXA DO OESTE;1998;5;138.2;bruto;Terra Roxa
2454006;TERRA ROXA DO OESTE;1998;6;59.5;bruto;Terra Roxa
2454006;TERRA ROXA DO OESTE;1998;7;20.1;bruto;Terra Roxa
2454006;TERRA ROXA DO OESTE;1998;8;262.7;bruto;Terra Roxa
2454006;TERRA ROXA DO OESTE;1998;9;369.1;bruto;Terra Roxa
2454006;TERRA ROXA DO OESTE;1998;10;219.8;bruto;Terra Roxa
2454006;TERRA ROXA DO OESTE;1998;11;61.9;bruto;Terra Roxa
2454006;TERRA ROXA DO OESTE;1998;12;207.1;bruto;Terra Roxa
2454006;TERRA ROXA DO OESTE;1999;1;64.0;bruto;Terra Roxa
2454006;TERRA ROXA DO OESTE;1999;2;169.6;bruto;Terra Roxa
2454006;TERRA ROXA DO OESTE;1999;3;90.3;bruto;Terra Roxa
2454006;TERRA ROXA DO OESTE;1999;4;100.2;bruto;Terra Roxa
2454006;TERRA ROXA DO OESTE;1999;5;207.2;bruto;Terra Roxa
2454006;TERRA ROXA DO OESTE;1999;6;157.2;bruto;Terra Roxa
2454006;TERRA ROXA DO OESTE;1999;7;84.8;bruto;Terra Roxa
2454006;TERRA ROXA DO OESTE;1999;8;0.0;bruto;Terra Roxa
2454006;TERRA ROXA DO OESTE;1999;9;81.2;bruto;Terra Roxa
2454006;TERRA ROXA DO OESTE;1999;10;41.4;bruto;Terra Roxa
2454006;TERRA ROXA DO OESTE;1999;11;63.0;bruto;Terra Roxa
2454006;TERRA ROXA DO OESTE;1999;12;129.2;bruto;Terra Roxa
2454006;TERRA ROXA DO OESTE;2000;1;243.9;bruto;Terra Roxa
2454006;TERRA ROXA DO OESTE;2000;2;217.5;bruto;Terra Roxa
2454006;TERRA ROXA DO OESTE;2000;3;139.6;bruto;Terra Roxa
2454006;TERRA ROXA DO OESTE;2000;4;45.9;bruto;Terra Roxa
2454006;TERRA ROXA DO OESTE;2000;5;56.0;bruto;Terra Roxa
2454006;TERRA ROXA DO OESTE;2000;6;120.6;bruto;Terra Roxa
2454006;TERRA ROXA DO OESTE;2000;7;71.2;bruto;Terra Roxa
2454006;TERRA ROXA DO OESTE;2000;8;161.0;bruto;Terra Roxa
2454006;TERRA ROXA DO OESTE;2000;9;194.3;bruto;Terra Roxa
2454006;TERRA ROXA DO OESTE;2000;10;228.8;bruto;Terra Roxa
2454006;TERRA ROXA DO OESTE;2000;11;258.3;bruto;Terra Roxa
2454006;TERRA ROXA DO OESTE;2000;12;193.8;bruto;Terra Roxa
2454006;TERRA ROXA DO OESTE;2001;1;232.0;bruto;Terra Roxa
2454006;TERRA ROXA DO OESTE;2001;2;335.2;bruto;Terra Roxa
2454006;TERRA ROXA DO OESTE;2001;3;95.1;bruto;Terra Roxa
2454006;TERRA ROXA DO OESTE;2001;4;135.7;bruto;Terra Roxa
2454006;TERRA ROXA DO OESTE;2001;5;85.5;bruto;Terra Roxa
2454006;TERRA ROXA DO OESTE;2001;6;110.8;bruto;Terra Roxa
2454006;TERRA ROXA DO OESTE;2001;7;50.3;bruto;Terra Roxa
2454006;TERRA ROXA DO OESTE;2001;8;43.9;bruto;Terra Roxa
2454006;TERRA ROXA DO OESTE;2001;9;133.3;bruto;Terra Roxa
2454006;TERRA ROXA DO OESTE;2001;10;97.4;bruto;Terra Roxa
2454006;TERRA ROXA DO OESTE;2001;11;126.4;bruto;Terra Roxa
2454006;TERRA ROXA DO OESTE;2001;12;162.4;bruto;Terra Roxa
2454006;TERRA ROXA DO OESTE;2002;1;174.0;bruto;Terra Roxa
2454006;TERRA ROXA DO OESTE;2002;2;82.5;bruto;Terra Roxa
2454006;TERRA ROXA DO OESTE;2002;3;38.6;bruto;Terra Roxa
2454006;TERRA ROXA DO OESTE;2002;4;20.4;bruto;Terra Roxa
2454006;TERRA ROXA DO OESTE;2002;5;461.7;bruto;Terra Roxa
2454006;TERRA ROXA DO OESTE;2002;6;5.2;bruto;Terra Roxa
2454006;TERRA ROXA DO OESTE;2002;7;41.9;bruto;Terra Roxa
2454006;TERRA ROXA DO OESTE;2002;8;59.0;bruto;Terra Roxa
2454006;TERRA ROXA DO OESTE;2002;9;93.3;bruto;Terra Roxa
2454006;TERRA ROXA DO OESTE;2002;10;167.8;bruto;Terra Roxa
2454006;TERRA ROXA DO OESTE;2002;11;303.9;bruto;Terra Roxa
2454006;TERRA ROXA DO OESTE;2002;12;77.2;bruto;Terra Roxa
2454006;TERRA ROXA DO OESTE;2003;1;209.4;bruto;Terra Roxa
2454006;TERRA ROXA DO OESTE;2003;2;155.4;bruto;Terra Roxa
2454006;TERRA ROXA DO OESTE;2003;3;51.1;bruto;Terra Roxa
2454006;TERRA ROXA DO OESTE;2003;4;211.2;bruto;Terra Roxa
2454006;TERRA ROXA DO OESTE;2003;5;47.5;bruto;Terra Roxa
2454006;TERRA ROXA DO OESTE;2003;6;100.6;bruto;Terra Roxa
2454006;TERRA ROXA DO OESTE;2003;7;81.6;bruto;Terra Roxa
2454006;TERRA ROXA DO OESTE;2003;8;35.7;bruto;Terra Roxa
2454006;TERRA ROXA DO OESTE;2003;9;119.2;bruto;Terra Roxa
2454006;TERRA ROXA DO OESTE;2003;10;143.4;bruto;Terra Roxa
2454006;TERRA ROXA DO OESTE;2003;11;198.0;bruto;Terra Roxa
2454006;TERRA ROXA DO OESTE;2003;12;286.5;bruto;Terra Roxa
2454006;TERRA ROXA DO OESTE;2004;1;72.8;bruto;Terra Roxa
2454006;TERRA ROXA DO OESTE;2004;2;82.8;bruto;Terra Roxa
2454006;TERRA ROXA DO OESTE;2004;3;68.9;bruto;Terra Roxa
2454006;TERRA ROXA DO OESTE;2004;4;251.6;bruto;Terra Roxa
2454006;TERRA ROXA DO OESTE;2004;5;311.0;bruto;Terra Roxa
2454006;TERRA ROXA DO OESTE;2004;6;126.8;bruto;Terra Roxa
2454006;TERRA ROXA DO OESTE;2004;7;95.8;bruto;Terra Roxa
2454006;TERRA ROXA DO OESTE;2004;8;8.2;bruto;Terra Roxa
2454006;TERRA ROXA DO OESTE;2004;9;56.3;bruto;Terra Roxa
2454006;TERRA ROXA DO OESTE;2004;10;308.3;bruto;Terra Roxa
2454006;TERRA ROXA DO OESTE;2004;11;296.1;bruto;Terra Roxa
2454006;TERRA ROXA DO OESTE;2004;12;193.0;bruto;Terra Roxa
2454006;TERRA ROXA DO OESTE;2005;1;257.2;bruto;Terra Roxa
2454006;TERRA ROXA DO OESTE;2005;2;33.3;bruto;Terra Roxa
2454006;TERRA ROXA DO OESTE;2005;3;8.5;bruto;Terra Roxa
2454006;TERRA ROXA DO OESTE;2005;4;167.2;bruto;Terra Roxa
2454006;TERRA ROXA DO OESTE;2005;5;163.1;bruto;Terra Roxa
2454006;TERRA ROXA DO OESTE;2005;6;127.4;bruto;Terra Roxa
2454006;TERRA ROXA DO OESTE;2005;7;52.6;bruto;Terra Roxa
2454006;TERRA ROXA DO OESTE;2005;8;55.6;bruto;Terra Roxa
2454006;TERRA ROXA DO OESTE;2005;9;150.8;bruto;Terra Roxa
2454006;TERRA ROXA DO OESTE;2005;10;457.0;bruto;Terra Roxa
2454006;TERRA ROXA DO OESTE;2005;11;78.8;bruto;Terra Roxa
2454006;TERRA ROXA DO OESTE;2005;12;154.1;bruto;Terra Roxa
2454006;TERRA ROXA DO OESTE;2006;1;138.6;bruto;Terra Roxa
2454006;TERRA ROXA DO OESTE;2006;2;68.5;bruto;Terra Roxa
2454006;TERRA ROXA DO OESTE;2006;3;174.0;bruto;Terra Roxa
2454006;TERRA ROXA DO OESTE;2006;4;76.0;bruto;Terra Roxa
2454006;TERRA ROXA DO OESTE;2006;5;11.7;bruto;Terra Roxa
2454006;TERRA ROXA DO OESTE;2006;6;46.7;bruto;Terra Roxa
2454006;TERRA ROXA DO OESTE;2006;7;43.8;bruto;Terra Roxa
2454006;TERRA ROXA DO OESTE;2006;8;73.1;bruto;Terra Roxa
2454006;TERRA ROXA DO OESTE;2006;9;275.2;bruto;Terra Roxa
2454006;TERRA ROXA DO OESTE;2006;10;97.3;bruto;Terra Roxa
2454006;TERRA ROXA DO OESTE;2006;11;157.2;bruto;Terra Roxa
2454006;TERRA ROXA DO OESTE;2006;12;210.7;bruto;Terra Roxa
2454006;TERRA ROXA DO OESTE;2007;1;327.6;bruto;Terra Roxa
2454006;TERRA ROXA DO OESTE;2007;2;139.8;bruto;Terra Roxa
2454006;TERRA ROXA DO OESTE;2007;3;40.7;bruto;Terra Roxa
2454006;TERRA ROXA DO OESTE;2007;4;190.7;bruto;Terra Roxa
2454006;TERRA ROXA DO OESTE;2007;5;64.5;bruto;Terra Roxa
2454006;TERRA ROXA DO OESTE;2007;6;10.2;bruto;Terra Roxa
2454006;TERRA ROXA DO OESTE;2007;7;51.5;bruto;Terra Roxa
2454006;TERRA ROXA DO OESTE;2007;8;7.1;bruto;Terra Roxa
2454006;TERRA ROXA DO OESTE;2007;9;40.9;bruto;Terra Roxa
2454006;TERRA ROXA DO OESTE;2007;10;75.0;bruto;Terra Roxa
2454006;TERRA ROXA DO OESTE;2007;11;248.0;bruto;Terra Roxa
2454006;TERRA ROXA DO OESTE;2007;12;156.5;bruto;Terra Roxa
2454006;TERRA ROXA DO OESTE;2008;1;129.3;bruto;Terra Roxa
2454006;TERRA ROXA DO OESTE;2008;2;177.8;bruto;Terra Roxa
2454006;TERRA ROXA DO OESTE;2008;3;20.4;bruto;Terra Roxa
2454006;TERRA ROXA DO OESTE;2008;4;100.6;bruto;Terra Roxa
2454006;TERRA ROXA DO OESTE;2008;5;56.2;bruto;Terra Roxa
2454006;TERRA ROXA DO OESTE;2008;6;82.5;bruto;Terra Roxa
2454006;TERRA ROXA DO OESTE;2008;7;32.3;bruto;Terra Roxa
2454006;TERRA ROXA DO OESTE;2008;8;216.5;bruto;Terra Roxa
2454006;TERRA ROXA DO OESTE;2008;9;47.3;bruto;Terra Roxa
2454006;TERRA ROXA DO OESTE;2008;10;184.0;bruto;Terra Roxa
2454006;TERRA ROXA DO OESTE;2008;11;263.7;bruto;Terra Roxa
2454006;TERRA ROXA DO OESTE;2008;12;93.0;bruto;Terra Roxa
2454006;TERRA ROXA DO OESTE;2009;1;86.3;bruto;Terra Roxa
2454006;TERRA ROXA DO OESTE;2009;2;137.1;bruto;Terra Roxa
2454006;TERRA ROXA DO OESTE;2009;3;42.3;bruto;Terra Roxa
2454006;TERRA ROXA DO OESTE;2009;4;15.9;bruto;Terra Roxa
2454006;TERRA ROXA DO OESTE;2009;5;177.4;bruto;Terra Roxa
2454006;TERRA ROXA DO OESTE;2009;6;88.0;bruto;Terra Roxa
2454006;TERRA ROXA DO OESTE;2009;7;148.4;bruto;Terra Roxa
2454006;TERRA ROXA DO OESTE;2009;8;69.6;bruto;Terra Roxa
2454006;TERRA ROXA DO OESTE;2009;9;122.7;bruto;Terra Roxa
2454006;TERRA ROXA DO OESTE;2009;10;271.3;bruto;Terra Roxa
2454006;TERRA ROXA DO OESTE;2009;11;147.0;bruto;Terra Roxa
2454006;TERRA ROXA DO OESTE;2009;12;304.0;bruto;Terra Roxa
2454006;TERRA ROXA DO OESTE;2010;1;170.3;bruto;Terra Roxa
2454006;TERRA ROXA DO OESTE;2010;2;99.8;bruto;Terra Roxa
2454006;TERRA ROXA DO OESTE;2010;3;167.1;bruto;Terra Roxa
2454006;TERRA ROXA DO OESTE;2010;4;98.4;bruto;Terra Roxa
2454006;TERRA ROXA DO OESTE;2010;5;128.1;bruto;Terra Roxa
2454006;TERRA ROXA DO OESTE;2010;6;27.2;bruto;Terra Roxa
2454006;TERRA ROXA DO OESTE;2010;7;56.5;bruto;Terra Roxa
2454006;TERRA ROXA DO OESTE;2010;8;3.1;bruto;Terra Roxa
2454006;TERRA ROXA DO OESTE;2010;9;134.0;bruto;Terra Roxa
2454006;TERRA ROXA DO OESTE;2010;10;183.7;bruto;Terra Roxa
2454006;TERRA ROXA DO OESTE;2010;11;138.2;bruto;Terra Roxa
2454006;TERRA ROXA DO OESTE;2010;12;178.5;bruto;Terra Roxa
2454006;TERRA ROXA DO OESTE;2011;1;154.6;bruto;Terra Roxa
2454006;TERRA ROXA DO OESTE;2011;2;218.4;bruto;Terra Roxa
2454006;TERRA ROXA DO OESTE;2011;3;129.7;bruto;Terra Roxa
2454006;TERRA ROXA DO OESTE;2011;4;91.0;bruto;Terra Roxa
2454006;TERRA ROXA DO OESTE;2011;5;4.1;bruto;Terra Roxa
2454006;TERRA ROXA DO OESTE;2011;6;82.6;bruto;Terra Roxa
2454006;TERRA ROXA DO OESTE;2011;7;168.3;bruto;Terra Roxa
2454006;TERRA ROXA DO OESTE;2011;8;217.4;bruto;Terra Roxa
2454006;TERRA ROXA DO OESTE;2011;9;39.5;bruto;Terra Roxa
2454006;TERRA ROXA DO OESTE;2011;10;264.4;bruto;Terra Roxa
2454006;TERRA ROXA DO OESTE;2011;11;223.8;bruto;Terra Roxa
2454006;TERRA ROXA DO OESTE;2011;12;66.1;bruto;Terra Roxa
2454006;TERRA ROXA DO OESTE;2012;1;123.4;bruto;Terra Roxa
2454006;TERRA ROXA DO OESTE;2012;2;93.5;bruto;Terra Roxa
2454006;TERRA ROXA DO OESTE;2012;3;57.0;bruto;Terra Roxa
2454006;TERRA ROXA DO OESTE;2012;4;240.7;bruto;Terra Roxa
2454006;TERRA ROXA DO OESTE;2012;5;161.0;bruto;Terra Roxa
2454006;TERRA ROXA DO OESTE;2012;6;119.4;bruto;Terra Roxa
2454006;TERRA ROXA DO OESTE;2012;7;40.8;bruto;Terra Roxa
2454006;TERRA ROXA DO OESTE;2012;8;2.5;bruto;Terra Roxa
2454006;TERRA ROXA DO OESTE;2012;9;28.4;bruto;Terra Roxa
2454006;TERRA ROXA DO OESTE;2012;10;165.8;bruto;Terra Roxa
2454006;TERRA ROXA DO OESTE;2012;11;130.2;bruto;Terra Roxa
2454006;TERRA ROXA DO OESTE;2012;12;71.5;bruto;Terra Roxa
2454006;TERRA ROXA DO OESTE;2013;1;148.0;bruto;Terra Roxa
2454006;TERRA ROXA DO OESTE;2013;2;262.9;bruto;Terra Roxa
2454006;TERRA ROXA DO OESTE;2013;3;214.2;bruto;Terra Roxa
2454006;TERRA ROXA DO OESTE;2013;4;107.0;bruto;Terra Roxa
2454006;TERRA ROXA DO OESTE;2013;5;232.5;bruto;Terra Roxa
2454006;TERRA ROXA DO OESTE;2013;6;396.1;bruto;Terra Roxa
2454006;TERRA ROXA DO OESTE;2013;7;18.3;bruto;Terra Roxa
2454006;TERRA ROXA DO OESTE;2013;8;8.3;bruto;Terra Roxa
2454006;TERRA ROXA DO OESTE;2013;9;77.0;bruto;Terra Roxa
2454006;TERRA ROXA DO OESTE;2013;10;176.4;bruto;Terra Roxa
2454006;TERRA ROXA DO OESTE;2013;11;170.5;bruto;Terra Roxa
2454006;TERRA ROXA DO OESTE;2013;12;104.4;bruto;Terra Roxa
2454006;TERRA ROXA DO OESTE;2014;1;156.1;bruto;Terra Roxa
2454006;TERRA ROXA DO OESTE;2014;2;25.5;bruto;Terra Roxa
2454006;TERRA ROXA DO OESTE;2014;3;144.3;bruto;Terra Roxa
2454006;TERRA ROXA DO OESTE;2014;4;316.3;bruto;Terra Roxa
2454006;TERRA ROXA DO OESTE;2014;5;146.8;bruto;Terra Roxa
2454006;TERRA ROXA DO OESTE;2014;6;219.0;bruto;Terra Roxa
2454006;TERRA ROXA DO OESTE;2014;7;147.9;bruto;Terra Roxa
2454006;TERRA ROXA DO OESTE;2014;8;22.7;bruto;Terra Roxa
2454006;TERRA ROXA DO OESTE;2014;9;205.5;bruto;Terra Roxa
2454006;TERRA ROXA DO OESTE;2014;10;50.9;bruto;Terra Roxa
2454006;TERRA ROXA DO OESTE;2014;11;94.1;bruto;Terra Roxa
2454006;TERRA ROXA DO OESTE;2014;12;188.6;bruto;Terra Roxa
2454006;TERRA ROXA DO OESTE;2015;1;103.3;bruto;Terra Roxa
2454006;TERRA ROXA DO OESTE;2015;2;186.6;bruto;Terra Roxa
2454006;TERRA ROXA DO OESTE;2015;3;105.3;bruto;Terra Roxa
2454006;TERRA ROXA DO OESTE;2015;4;147.0;bruto;Terra Roxa
2454006;TERRA ROXA DO OESTE;2015;5;219.4;bruto;Terra Roxa
2454006;TERRA ROXA DO OESTE;2015;6;72.9;bruto;Terra Roxa
2454006;TERRA ROXA DO OESTE;2015;7;372.2;bruto;Terra Roxa
2454006;TERRA ROXA DO OESTE;2015;8;63.9;bruto;Terra Roxa
2454006;TERRA ROXA DO OESTE;2015;9;146.4;bruto;Terra Roxa
2454006;TERRA ROXA DO OESTE;2015;10;108.4;bruto;Terra Roxa
2454006;TERRA ROXA DO OESTE;2015;11;274.5;bruto;Terra Roxa
2454006;TERRA ROXA DO OESTE;2015;12;480.7;bruto;Terra Roxa
2454006;TERRA ROXA DO OESTE;2016;1;269.7;bruto;Terra Roxa
2454006;TERRA ROXA DO OESTE;2016;2;145.5;bruto;Terra Roxa
2454006;TERRA ROXA DO OESTE;2016;3;107.2;bruto;Terra Roxa
2454006;TERRA ROXA DO OESTE;2016;4;72.3;bruto;Terra Roxa
2454006;TERRA ROXA DO OESTE;2016;5;274.6;bruto;Terra Roxa
2454006;TERRA ROXA DO OESTE;2016;6;82.1;bruto;Terra Roxa
2454006;TERRA ROXA DO OESTE;2016;7;68.0;bruto;Terra Roxa
2454006;TERRA ROXA DO OESTE;2016;8;268.9;bruto;Terra Roxa
2454006;TERRA ROXA DO OESTE;2016;9;49.2;bruto;Terra Roxa
2454006;TERRA ROXA DO OESTE;2016;10;300.6;bruto;Terra Roxa
2454006;TERRA ROXA DO OESTE;2016;11;89.2;bruto;Terra Roxa
2454006;TERRA ROXA DO OESTE;2016;12;202.4;bruto;Terra Roxa
2454006;TERRA ROXA DO OESTE;2017;1;90.1;bruto;Terra Roxa
2454006;TERRA ROXA DO OESTE;2017;2;151.6;bruto;Terra Roxa
2454006;TERRA ROXA DO OESTE;2017;3;148.3;bruto;Terra Roxa
2454006;TERRA ROXA DO OESTE;2017;4;180.9;bruto;Terra Roxa
2454006;TERRA ROXA DO OESTE;2017;5;236.1;bruto;Terra Roxa
2454006;TERRA ROXA DO OESTE;2017;6;91.1;bruto;Terra Roxa
2454006;TERRA ROXA DO OESTE;2017;7;0.0;bruto;Terra Roxa
2454006;TERRA ROXA DO OESTE;2017;8;113.7;bruto;Terra Roxa
2454006;TERRA ROXA DO OESTE;2017;9;19.1;bruto;Terra Roxa
2454006;TERRA ROXA DO OESTE;2017;10;379.9;bruto;Terra Roxa
2454006;TERRA ROXA DO OESTE;2017;11;191.3;bruto;Terra Roxa
2454006;TERRA ROXA DO OESTE;2017;12;255.4;bruto;Terra Roxa
2454006;TERRA ROXA DO OESTE;2018;1;205.0;bruto;Terra Roxa
2454006;TERRA ROXA DO OESTE;2018;2;148.9;bruto;Terra Roxa
2454006;TERRA ROXA DO OESTE;2018;3;271.9;bruto;Terra Roxa
2454006;TERRA ROXA DO OESTE;2018;4;0.0;bruto;Terra Roxa
2454006;TERRA ROXA DO OESTE;2018;5;56.3;bruto;Terra Roxa
2454006;TERRA ROXA DO OESTE;2018;6;76.2;bruto;Terra Roxa
2454006;TERRA ROXA DO OESTE;2018;7;0.0;bruto;Terra Roxa
2454006;TERRA ROXA DO OESTE;2018;8;111.9;bruto;Terra Roxa
2454006;TERRA ROXA DO OESTE;2018;9;178.6;bruto;Terra Roxa
2454006;TERRA ROXA DO OESTE;2018;10;227.8;bruto;Terra Roxa
2454006;TERRA ROXA DO OESTE;2018;11;164.5;bruto;Terra Roxa
2454006;TERRA ROXA DO OESTE;2018;12;76.2;bruto;Terra Roxa
2454006;TERRA ROXA DO OESTE;2019;1;126.6;bruto;Terra Roxa
2454006;TERRA ROXA DO OESTE;2019;2;210.1;bruto;Terra Roxa
2454006;TERRA ROXA DO OESTE;2019;3;175.5;bruto;Terra Roxa
2454006;TERRA ROXA DO OESTE;2019;4;111.0;bruto;Terra Roxa
2454006;TERRA ROXA DO OESTE;2019;5;287.7;bruto;Terra Roxa
2454006;TERRA ROXA DO OESTE;2019;6;27.7;bruto;Terra Roxa
2454006;TERRA ROXA DO OESTE;2019;7;26.7;bruto;Terra Roxa
2454006;TERRA ROXA DO OESTE;2019;8;0.0;bruto;Terra Roxa
2454006;TERRA ROXA DO OESTE;2019;9;26.0;bruto;Terra Roxa
2454006;TERRA ROXA DO OESTE;2019;10;120.0;consistido;Terra Roxa
2454006;TERRA ROXA DO OESTE;2019;11;117.3;bruto;Terra Roxa
2454006;TERRA ROXA DO OESTE;2019;12;453.8;bruto;Terra Roxa
2454006;TERRA ROXA DO OESTE;2020;1;208.0;bruto;Terra Roxa
2454006;TERRA ROXA DO OESTE;2020;2;19.8;bruto;Terra Roxa
2454006;TERRA ROXA DO OESTE;2020;3;19.0;bruto;Terra Roxa
2454006;TERRA ROXA DO OESTE;2020;4;41.0;bruto;Terra Roxa
2454006;TERRA ROXA DO OESTE;2020;5;91.5;bruto;Terra Roxa
2454006;TERRA ROXA DO OESTE;2020;6;91.0;bruto;Terra Roxa
2454006;TERRA ROXA DO OESTE;2020;7;22.0;bruto;Terra Roxa
2454006;TERRA ROXA DO OESTE;2020;8;147.8;bruto;Terra Roxa
2454006;TERRA ROXA DO OESTE;2020;9;0.0;bruto;Terra Roxa
2454006;TERRA ROXA DO OESTE;2020;10;83.8;bruto;Terra Roxa
2454006;TERRA ROXA DO OESTE;2020;11;64.0;bruto;Terra Roxa
2454006;TERRA ROXA DO OESTE;2020;12;331.7;bruto;Terra Roxa
2454006;TERRA ROXA DO OESTE;2021;1;233.6;bruto;Terra Roxa
2454006;TERRA ROXA DO OESTE;2021;2;165.0;bruto;Terra Roxa
2454006;TERRA ROXA DO OESTE;2021;3;161.5;bruto;Terra Roxa
2454006;TERRA ROXA DO OESTE;2021;4;5.2;bruto;Terra Roxa
2454006;TERRA ROXA DO OESTE;2021;5;10.0;bruto;Terra Roxa
2454006;TERRA ROXA DO OESTE;2021;6;121.5;bruto;Terra Roxa
2454006;TERRA ROXA DO OESTE;2021;7;26.7;bruto;Terra Roxa
2454006;TERRA ROXA DO OESTE;2021;8;7.5;bruto;Terra Roxa
2454006;TERRA ROXA DO OESTE;2021;9;3.0;bruto;Terra Roxa
2454006;TERRA ROXA DO OESTE;2021;10;471.9;bruto;Terra Roxa
2454006;TERRA ROXA DO OESTE;2021;11;33.1;bruto;Terra Roxa
2454006;TERRA ROXA DO OESTE;2021;12;0.0;bruto;Terra Roxa
2454006;TERRA ROXA DO OESTE;2022;1;173.0;bruto;Terra Roxa
2454006;TERRA ROXA DO OESTE;2022;2;43.1;bruto;Terra Roxa
2454006;TERRA ROXA DO OESTE;2022;3;234.2;bruto;Terra Roxa
2454006;TERRA ROXA DO OESTE;2022;4;249.9;bruto;Terra Roxa
2454006;TERRA ROXA DO OESTE;2022;5;174.7;bruto;Terra Roxa
2454006;TERRA ROXA DO OESTE;2022;6;148.8;bruto;Terra Roxa
2454006;TERRA ROXA DO OESTE;2022;7;10.5;bruto;Terra Roxa
2454006;TERRA ROXA DO OESTE;2022;8;123.2;bruto;Terra Roxa
2454006;TERRA ROXA DO OESTE;2022;9;270.4;bruto;Terra Roxa
2454006;TERRA ROXA DO OESTE;2022;10;371.6;bruto;Terra Roxa
2454006;TERRA ROXA DO OESTE;2022;11;72.8;bruto;Terra Roxa
2454006;TERRA ROXA DO OESTE;2022;12;8.5;bruto;Terra Roxa
2454006;TERRA ROXA DO OESTE;2023;1;184.2;bruto;Terra Roxa
2454006;TERRA ROXA DO OESTE;2023;2;367.7;bruto;Terra Roxa
2454006;TERRA ROXA DO OESTE;2023;3;108.4;bruto;Terra Roxa
2454006;TERRA ROXA DO OESTE;2023;4;132.3;bruto;Terra Roxa
2454006;TERRA ROXA DO OESTE;2023;5;26.5;bruto;Terra Roxa
2454006;TERRA ROXA DO OESTE;2023;6;74.3;bruto;Terra Roxa
2454006;TERRA ROXA DO OESTE;2023;7;93.2;bruto;Terra Roxa
2454006;TERRA ROXA DO OESTE;2023;8;124.1;bruto;Terra Roxa
2454006;TERRA ROXA DO OESTE;2023;9;94.6;bruto;Terra Roxa
2454006;TERRA ROXA DO OESTE;2023;10;318.2;bruto;Terra Roxa
2454006;TERRA ROXA DO OESTE;2023;11;185.5;bruto;Terra Roxa
2454006;TERRA ROXA DO OESTE;2023;12;178.5;bruto;Terra Roxa
2454006;TERRA ROXA DO OESTE;2024;1;100.5;bruto;Terra Roxa
2454006;TERRA ROXA DO OESTE;2024;2;68.2;bruto;Terra Roxa
2454006;TERRA ROXA DO OESTE;2024;3;29.2;bruto;Terra Roxa
2454006;TERRA ROXA DO OESTE;2024;4;37.8;bruto;Terra Roxa
2454006;TERRA ROXA DO OESTE;2024;5;31.5;bruto;Terra Roxa
2454006;TERRA ROXA DO OESTE;2024;6;0.0;bruto;Terra Roxa
2454006;TERRA ROXA DO OESTE;2024;7;30.0;bruto;Terra Roxa
2454006;TERRA ROXA DO OESTE;2024;8;22.5;bruto;Terra Roxa
2454006;TERRA ROXA DO OESTE;2024;9;79.5;bruto;Terra Roxa
2454006;TERRA ROXA DO OESTE;2024;10;132.5;bruto;Terra Roxa
2454006;TERRA ROXA DO OESTE;2024;11;116.0;bruto;Terra Roxa
2454006;TERRA ROXA DO OESTE;2024;12;209.0;bruto;Terra Roxa
2454006;TERRA ROXA DO OESTE;2025;1;6.6;bruto;Terra Roxa
2454006;TERRA ROXA DO OESTE;2025;2;88.6;bruto;Terra Roxa
2454006;TERRA ROXA DO OESTE;2025;3;152.1;bruto;Terra Roxa
2454006;TERRA ROXA DO OESTE;2025;4;77.5;bruto;Terra Roxa
2454006;TERRA ROXA DO OESTE;2025;5;26.1;bruto;Terra Roxa
2454006;TERRA ROXA DO OESTE;2025;6;31.7;bruto;Terra Roxa
2454006;TERRA ROXA DO OESTE;2025;7;30.3;bruto;Terra Roxa
2454006;TERRA ROXA DO OESTE;2025;8;88.7;bruto;Terra Roxa
2454006;TERRA ROXA DO OESTE;2025;9;82.2;bruto;Terra Roxa
2454006;TERRA ROXA DO OESTE;2025;10;284.4;bruto;Terra Roxa
2454006;TERRA ROXA DO OESTE;2025;11;189.0;bruto;Terra Roxa
2454006;TERRA ROXA DO OESTE;2025;12;267.9;bruto;Terra Roxa
2454009;GUAIRA;1986;1;174.9;bruto;Guaira
2454009;GUAIRA;1986;2;232.2;bruto;Guaira
2454009;GUAIRA;1986;3;130.5;bruto;Guaira
2454009;GUAIRA;1986;4;193.6;bruto;Guaira
2454009;GUAIRA;1986;5;326.9;bruto;Guaira
2454009;GUAIRA;1986;6;30.0;bruto;Guaira
2454009;GUAIRA;1986;7;37.5;bruto;Guaira
2454009;GUAIRA;1986;8;190.2;bruto;Guaira
2454009;GUAIRA;1986;9;142.2;bruto;Guaira
2454009;GUAIRA;1986;10;142.7;bruto;Guaira
2454009;GUAIRA;1986;11;126.9;bruto;Guaira
2454009;GUAIRA;1986;12;190.2;bruto;Guaira
2454009;GUAIRA;1987;1;125.4;bruto;Guaira
2454009;GUAIRA;1987;2;252.5;bruto;Guaira
2454009;GUAIRA;1987;3;124.4;bruto;Guaira
2454009;GUAIRA;1987;4;245.8;bruto;Guaira
2454009;GUAIRA;1987;5;320.7;bruto;Guaira
2454009;GUAIRA;1987;6;128.4;bruto;Guaira
2454009;GUAIRA;1987;7;85.0;bruto;Guaira
2454009;GUAIRA;1987;8;52.6;bruto;Guaira
2454009;GUAIRA;1987;9;52.3;bruto;Guaira
2454009;GUAIRA;1987;10;162.3;bruto;Guaira
2454009;GUAIRA;1987;11;149.4;bruto;Guaira
2454009;GUAIRA;1987;12;154.6;bruto;Guaira
2454009;GUAIRA;1988;1;84.0;bruto;Guaira
2454009;GUAIRA;1988;2;109.3;bruto;Guaira
2454009;GUAIRA;1988;3;37.3;bruto;Guaira
2454009;GUAIRA;1988;4;204.2;bruto;Guaira
2454009;GUAIRA;1988;5;205.4;bruto;Guaira
2454009;GUAIRA;1988;6;74.5;bruto;Guaira
2454009;GUAIRA;1988;7;1.6;bruto;Guaira
2454009;GUAIRA;1988;8;24.3;bruto;Guaira
2454009;GUAIRA;1988;9;15.7;bruto;Guaira
2454009;GUAIRA;1988;10;187.0;bruto;Guaira
2454009;GUAIRA;1988;11;101.7;bruto;Guaira
2454009;GUAIRA;1988;12;195.5;bruto;Guaira
2454009;GUAIRA;1989;1;355.3;bruto;Guaira
2454009;GUAIRA;1989;2;198.8;bruto;Guaira
2454009;GUAIRA;1989;3;111.0;bruto;Guaira
2454009;GUAIRA;1989;4;95.4;bruto;Guaira
2454009;GUAIRA;1989;5;67.4;bruto;Guaira
2454009;GUAIRA;1989;6;132.8;bruto;Guaira
2454009;GUAIRA;1989;7;82.9;bruto;Guaira
2454009;GUAIRA;1989;8;258.5;bruto;Guaira
2454009;GUAIRA;1989;9;231.7;bruto;Guaira
2454009;GUAIRA;1989;10;158.2;consistido;Guaira
2454009;GUAIRA;1989;11;147.0;bruto;Guaira
2454009;GUAIRA;1989;12;113.8;bruto;Guaira
2454009;GUAIRA;1990;1;371.3;bruto;Guaira
2454009;GUAIRA;1990;2;62.8;bruto;Guaira
2454009;GUAIRA;1990;3;129.7;bruto;Guaira
2454009;GUAIRA;1990;4;225.4;consistido;Guaira
2454009;GUAIRA;1990;5;167.9;consistido;Guaira
2454009;GUAIRA;1990;6;109.3;bruto;Guaira
2454009;GUAIRA;1990;7;108.6;bruto;Guaira
2454009;GUAIRA;1990;8;148.1;bruto;Guaira
2454009;GUAIRA;1990;9;238.3;bruto;Guaira
2454009;GUAIRA;1990;10;163.7;bruto;Guaira
2454009;GUAIRA;1990;11;210.2;bruto;Guaira
2454009;GUAIRA;1990;12;104.2;bruto;Guaira
2454009;GUAIRA;1991;1;156.9;bruto;Guaira
2454009;GUAIRA;1991;2;12.2;bruto;Guaira
2454009;GUAIRA;1991;3;201.7;bruto;Guaira
2454009;GUAIRA;1991;4;115.8;bruto;Guaira
2454009;GUAIRA;1991;5;50.3;bruto;Guaira
2454009;GUAIRA;1991;6;177.1;bruto;Guaira
2454009;GUAIRA;1991;7;16.8;bruto;Guaira
2454009;GUAIRA;1991;8;39.0;bruto;Guaira
2454009;GUAIRA;1991;9;224.4;bruto;Guaira
2454009;GUAIRA;1991;10;110.2;bruto;Guaira
2454009;GUAIRA;1991;11;147.3;bruto;Guaira
2454009;GUAIRA;1991;12;294.4;bruto;Guaira
2454009;GUAIRA;1992;1;37.6;bruto;Guaira
2454009;GUAIRA;1992;2;249.9;bruto;Guaira
2454009;GUAIRA;1992;3;196.2;bruto;Guaira
2454009;GUAIRA;1992;4;293.6;bruto;Guaira
2454009;GUAIRA;1992;5;378.9;bruto;Guaira
2454009;GUAIRA;1992;6;74.7;bruto;Guaira
2454009;GUAIRA;1992;7;123.1;bruto;Guaira
2454009;GUAIRA;1992;8;99.0;bruto;Guaira
2454009;GUAIRA;1992;9;133.7;bruto;Guaira
2454009;GUAIRA;1992;10;314.0;bruto;Guaira
2454009;GUAIRA;1992;11;131.0;bruto;Guaira
2454009;GUAIRA;1992;12;70.8;bruto;Guaira
2454009;GUAIRA;1993;1;252.4;bruto;Guaira
2454009;GUAIRA;1993;2;103.7;bruto;Guaira
2454009;GUAIRA;1993;3;143.7;bruto;Guaira
2454009;GUAIRA;1993;4;115.1;bruto;Guaira
2454009;GUAIRA;1993;5;142.3;bruto;Guaira
2454009;GUAIRA;1993;6;65.7;bruto;Guaira
2454009;GUAIRA;1993;7;116.8;bruto;Guaira
2454009;GUAIRA;1993;8;3.6;bruto;Guaira
2454009;GUAIRA;1993;9;198.7;bruto;Guaira
2454009;GUAIRA;1993;10;183.6;bruto;Guaira
2454009;GUAIRA;1993;11;181.6;bruto;Guaira
2454009;GUAIRA;1993;12;157.5;bruto;Guaira
2454009;GUAIRA;1994;1;46.5;consistido;Guaira
2454009;GUAIRA;1994;2;116.3;bruto;Guaira
2454009;GUAIRA;1994;3;85.8;bruto;Guaira
2454009;GUAIRA;1994;4;60.2;bruto;Guaira
2454009;GUAIRA;1994;5;161.2;bruto;Guaira
2454009;GUAIRA;1994;6;157.4;bruto;Guaira
2454009;GUAIRA;1994;7;114.5;bruto;Guaira
2454009;GUAIRA;1994;8;24.3;bruto;Guaira
2454009;GUAIRA;1994;9;82.3;bruto;Guaira
2454009;GUAIRA;1994;10;143.2;bruto;Guaira
2454009;GUAIRA;1994;11;218.7;bruto;Guaira
2454009;GUAIRA;1994;12;97.5;bruto;Guaira
2454009;GUAIRA;1995;1;341.9;consistido;Guaira
2454009;GUAIRA;1995;2;119.9;bruto;Guaira
2454009;GUAIRA;1995;3;94.9;bruto;Guaira
2454009;GUAIRA;1995;4;135.3;bruto;Guaira
2454009;GUAIRA;1995;5;18.1;bruto;Guaira
2454009;GUAIRA;1995;6;78.8;bruto;Guaira
2454009;GUAIRA;1995;7;74.1;bruto;Guaira
2454009;GUAIRA;1995;8;12.3;bruto;Guaira
2454009;GUAIRA;1995;9;68.3;bruto;Guaira
2454009;GUAIRA;1995;10;181.6;bruto;Guaira
2454009;GUAIRA;1995;11;55.7;bruto;Guaira
2454009;GUAIRA;1995;12;176.6;consistido;Guaira
2454012;SÃO CLEMENTE;1986;1;220.3;bruto;Santa Helena
2454012;SÃO CLEMENTE;1986;2;289.4;bruto;Santa Helena
2454012;SÃO CLEMENTE;1986;3;103.1;bruto;Santa Helena
2454012;SÃO CLEMENTE;1986;4;172.6;bruto;Santa Helena
2454012;SÃO CLEMENTE;1986;5;355.9;bruto;Santa Helena
2454012;SÃO CLEMENTE;1986;6;32.1;bruto;Santa Helena
2454012;SÃO CLEMENTE;1986;7;79.8;bruto;Santa Helena
2454012;SÃO CLEMENTE;1986;8;152.5;bruto;Santa Helena
2454012;SÃO CLEMENTE;1986;9;168.3;bruto;Santa Helena
2454012;SÃO CLEMENTE;1986;10;103.2;bruto;Santa Helena
2454012;SÃO CLEMENTE;1986;11;99.1;bruto;Santa Helena
2454012;SÃO CLEMENTE;1986;12;177.7;bruto;Santa Helena
2454012;SÃO CLEMENTE;1987;1;100.9;bruto;Santa Helena
2454012;SÃO CLEMENTE;1987;2;305.1;bruto;Santa Helena
2454012;SÃO CLEMENTE;1987;3;125.8;bruto;Santa Helena
2454012;SÃO CLEMENTE;1987;4;227.6;bruto;Santa Helena
2454012;SÃO CLEMENTE;1987;5;397.2;bruto;Santa Helena
2454012;SÃO CLEMENTE;1987;6;125.2;bruto;Santa Helena
2454012;SÃO CLEMENTE;1987;7;108.9;bruto;Santa Helena
2454012;SÃO CLEMENTE;1987;8;45.4;bruto;Santa Helena
2454012;SÃO CLEMENTE;1987;9;23.9;bruto;Santa Helena
2454012;SÃO CLEMENTE;1987;10;259.8;bruto;Santa Helena
2454012;SÃO CLEMENTE;1987;11;211.9;bruto;Santa Helena
2454012;SÃO CLEMENTE;1987;12;138.2;bruto;Santa Helena
2454012;SÃO CLEMENTE;1988;1;97.4;bruto;Santa Helena
2454012;SÃO CLEMENTE;1988;2;103.5;bruto;Santa Helena
2454012;SÃO CLEMENTE;1988;3;79.7;bruto;Santa Helena
2454012;SÃO CLEMENTE;1988;4;195.2;bruto;Santa Helena
2454012;SÃO CLEMENTE;1988;5;228.9;bruto;Santa Helena
2454012;SÃO CLEMENTE;1988;6;128.1;bruto;Santa Helena
2454012;SÃO CLEMENTE;1988;7;14.8;bruto;Santa Helena
2454012;SÃO CLEMENTE;1988;8;10.9;bruto;Santa Helena
2454012;SÃO CLEMENTE;1988;9;18.3;bruto;Santa Helena
2454012;SÃO CLEMENTE;1988;10;161.5;bruto;Santa Helena
2454012;SÃO CLEMENTE;1988;11;72.6;bruto;Santa Helena
2454012;SÃO CLEMENTE;1988;12;68.9;bruto;Santa Helena
2454012;SÃO CLEMENTE;1989;1;274.3;bruto;Santa Helena
2454012;SÃO CLEMENTE;1989;2;110.9;bruto;Santa Helena
2454012;SÃO CLEMENTE;1989;3;152.7;bruto;Santa Helena
2454012;SÃO CLEMENTE;1989;4;234.8;bruto;Santa Helena
2454012;SÃO CLEMENTE;1989;5;55.8;bruto;Santa Helena
2454012;SÃO CLEMENTE;1989;6;159.1;bruto;Santa Helena
2454012;SÃO CLEMENTE;1989;7;107.3;bruto;Santa Helena
2454012;SÃO CLEMENTE;1989;8;215.1;bruto;Santa Helena
2454012;SÃO CLEMENTE;1989;9;254.9;bruto;Santa Helena
2454012;SÃO CLEMENTE;1989;10;212.8;bruto;Santa Helena
2454012;SÃO CLEMENTE;1989;11;117.5;bruto;Santa Helena
2454012;SÃO CLEMENTE;1989;12;101.6;bruto;Santa Helena
2454012;SÃO CLEMENTE;1990;1;184.4;bruto;Santa Helena
2454012;SÃO CLEMENTE;1990;2;27.7;bruto;Santa Helena
2454012;SÃO CLEMENTE;1990;3;198.9;bruto;Santa Helena
2454012;SÃO CLEMENTE;1990;4;269.4;bruto;Santa Helena
2454012;SÃO CLEMENTE;1990;5;192.4;bruto;Santa Helena
2454012;SÃO CLEMENTE;1990;6;130.5;bruto;Santa Helena
2454012;SÃO CLEMENTE;1990;7;204.2;bruto;Santa Helena
2454012;SÃO CLEMENTE;1990;8;287.9;bruto;Santa Helena
2454012;SÃO CLEMENTE;1990;9;312.1;bruto;Santa Helena
2454012;SÃO CLEMENTE;1990;10;229.4;bruto;Santa Helena
2454012;SÃO CLEMENTE;1990;11;223.7;bruto;Santa Helena
2454012;SÃO CLEMENTE;1990;12;119.4;bruto;Santa Helena
2454012;SÃO CLEMENTE;1991;1;287.6;bruto;Santa Helena
2454012;SÃO CLEMENTE;1991;2;9.7;bruto;Santa Helena
2454012;SÃO CLEMENTE;1991;3;86.3;bruto;Santa Helena
2454012;SÃO CLEMENTE;1991;4;172.4;bruto;Santa Helena
2454012;SÃO CLEMENTE;1991;5;66.9;bruto;Santa Helena
2454012;SÃO CLEMENTE;1991;6;138.3;bruto;Santa Helena
2454012;SÃO CLEMENTE;1991;7;177.7;bruto;Santa Helena
2454012;SÃO CLEMENTE;1991;8;26.6;bruto;Santa Helena
2454012;SÃO CLEMENTE;1991;9;162.2;bruto;Santa Helena
2454012;SÃO CLEMENTE;1991;10;152.2;bruto;Santa Helena
2454012;SÃO CLEMENTE;1991;11;153.2;bruto;Santa Helena
2454012;SÃO CLEMENTE;1991;12;247.8;bruto;Santa Helena
2454012;SÃO CLEMENTE;1992;1;28.8;bruto;Santa Helena
2454012;SÃO CLEMENTE;1992;2;197.5;bruto;Santa Helena
2454012;SÃO CLEMENTE;1992;3;249.5;bruto;Santa Helena
2454012;SÃO CLEMENTE;1992;4;192.7;bruto;Santa Helena
2454012;SÃO CLEMENTE;1992;5;466.9;bruto;Santa Helena
2454012;SÃO CLEMENTE;1992;6;120.0;bruto;Santa Helena
2454012;SÃO CLEMENTE;1992;7;188.9;bruto;Santa Helena
2454012;SÃO CLEMENTE;1992;8;155.4;bruto;Santa Helena
2454012;SÃO CLEMENTE;1992;9;116.4;bruto;Santa Helena
2454012;SÃO CLEMENTE;1992;10;215.7;bruto;Santa Helena
2454012;SÃO CLEMENTE;1992;11;144.7;bruto;Santa Helena
2454012;SÃO CLEMENTE;1992;12;125.9;bruto;Santa Helena
2454012;SÃO CLEMENTE;1993;1;67.0;bruto;Santa Helena
2454012;SÃO CLEMENTE;1993;2;31.1;bruto;Santa Helena
2454012;SÃO CLEMENTE;1993;3;93.1;bruto;Santa Helena
2454012;SÃO CLEMENTE;1993;4;74.2;bruto;Santa Helena
2454012;SÃO CLEMENTE;1993;5;264.6;bruto;Santa Helena
2454012;SÃO CLEMENTE;1993;6;170.3;bruto;Santa Helena
2454012;SÃO CLEMENTE;1993;7;133.4;bruto;Santa Helena
2454012;SÃO CLEMENTE;1993;8;0.2;bruto;Santa Helena
2454012;SÃO CLEMENTE;1993;9;138.7;bruto;Santa Helena
2454012;SÃO CLEMENTE;1993;10;229.4;bruto;Santa Helena
2454012;SÃO CLEMENTE;1993;11;196.7;bruto;Santa Helena
2454012;SÃO CLEMENTE;1993;12;100.3;bruto;Santa Helena
2454012;SÃO CLEMENTE;1994;1;120.9;bruto;Santa Helena
2454012;SÃO CLEMENTE;1994;2;256.6;bruto;Santa Helena
2454012;SÃO CLEMENTE;1994;3;141.7;bruto;Santa Helena
2454012;SÃO CLEMENTE;1994;4;109.6;bruto;Santa Helena
2454012;SÃO CLEMENTE;1994;5;163.7;bruto;Santa Helena
2454012;SÃO CLEMENTE;1994;6;173.7;bruto;Santa Helena
2454012;SÃO CLEMENTE;1994;7;107.1;bruto;Santa Helena
2454012;SÃO CLEMENTE;1994;8;21.6;bruto;Santa Helena
2454012;SÃO CLEMENTE;1994;9;73.7;bruto;Santa Helena
2454012;SÃO CLEMENTE;1994;10;190.5;bruto;Santa Helena
2454012;SÃO CLEMENTE;1994;11;350.5;bruto;Santa Helena
2454012;SÃO CLEMENTE;1994;12;143.6;bruto;Santa Helena
2454012;SÃO CLEMENTE;1995;1;366.2;bruto;Santa Helena
2454012;SÃO CLEMENTE;1995;2;102.5;bruto;Santa Helena
2454012;SÃO CLEMENTE;1995;3;114.5;bruto;Santa Helena
2454012;SÃO CLEMENTE;1995;4;146.1;bruto;Santa Helena
2454012;SÃO CLEMENTE;1995;5;20.7;bruto;Santa Helena
2454012;SÃO CLEMENTE;1995;6;56.6;bruto;Santa Helena
2454012;SÃO CLEMENTE;1995;7;170.5;bruto;Santa Helena
2454012;SÃO CLEMENTE;1995;8;17.3;bruto;Santa Helena
2454012;SÃO CLEMENTE;1995;9;158.7;bruto;Santa Helena
2454012;SÃO CLEMENTE;1995;10;251.2;bruto;Santa Helena
2454012;SÃO CLEMENTE;1995;11;179.9;bruto;Santa Helena
2454012;SÃO CLEMENTE;1995;12;91.5;bruto;Santa Helena
2454012;SÃO CLEMENTE;1996;1;108.6;bruto;Santa Helena
2454012;SÃO CLEMENTE;1996;2;108.7;bruto;Santa Helena
2454012;SÃO CLEMENTE;1996;3;376.6;bruto;Santa Helena
2454012;SÃO CLEMENTE;1996;4;97.8;bruto;Santa Helena
2454012;SÃO CLEMENTE;1996;5;26.2;bruto;Santa Helena
2454012;SÃO CLEMENTE;1996;6;39.1;bruto;Santa Helena
2454012;SÃO CLEMENTE;1996;7;26.2;bruto;Santa Helena
2454012;SÃO CLEMENTE;1996;8;29.8;bruto;Santa Helena
2454012;SÃO CLEMENTE;1996;9;93.6;bruto;Santa Helena
2454012;SÃO CLEMENTE;1996;10;401.2;bruto;Santa Helena
2454012;SÃO CLEMENTE;1996;11;136.4;bruto;Santa Helena
2454012;SÃO CLEMENTE;1996;12;296.9;bruto;Santa Helena
2454012;SÃO CLEMENTE;1997;1;177.1;bruto;Santa Helena
2454012;SÃO CLEMENTE;1997;2;151.5;bruto;Santa Helena
2454012;SÃO CLEMENTE;1997;3;29.5;bruto;Santa Helena
2454012;SÃO CLEMENTE;1997;4;25.3;bruto;Santa Helena
2454012;SÃO CLEMENTE;1997;5;201.1;bruto;Santa Helena
2454012;SÃO CLEMENTE;1997;6;193.5;bruto;Santa Helena
2454012;SÃO CLEMENTE;1997;7;79.6;bruto;Santa Helena
2454012;SÃO CLEMENTE;1997;8;111.0;bruto;Santa Helena
2454012;SÃO CLEMENTE;1997;9;275.9;bruto;Santa Helena
2454012;SÃO CLEMENTE;1997;10;353.0;bruto;Santa Helena
2454012;SÃO CLEMENTE;1997;11;318.6;bruto;Santa Helena
2454012;SÃO CLEMENTE;1997;12;194.7;bruto;Santa Helena
2454012;SÃO CLEMENTE;1998;1;110.3;bruto;Santa Helena
2454012;SÃO CLEMENTE;1998;2;405.3;bruto;Santa Helena
2454012;SÃO CLEMENTE;1998;3;170.5;bruto;Santa Helena
2454012;SÃO CLEMENTE;1998;4;486.6;bruto;Santa Helena
2454012;SÃO CLEMENTE;1998;5;134.1;bruto;Santa Helena
2454012;SÃO CLEMENTE;1998;6;59.0;bruto;Santa Helena
2454012;SÃO CLEMENTE;1998;7;57.2;bruto;Santa Helena
2454012;SÃO CLEMENTE;1998;8;273.3;bruto;Santa Helena
2454012;SÃO CLEMENTE;1998;9;244.5;bruto;Santa Helena
2454012;SÃO CLEMENTE;1998;10;267.1;bruto;Santa Helena
2454012;SÃO CLEMENTE;1998;11;83.0;bruto;Santa Helena
2454012;SÃO CLEMENTE;1998;12;238.9;bruto;Santa Helena
2454012;SÃO CLEMENTE;1999;1;147.3;bruto;Santa Helena
2454012;SÃO CLEMENTE;1999;2;161.7;bruto;Santa Helena
2454012;SÃO CLEMENTE;1999;3;58.0;bruto;Santa Helena
2454012;SÃO CLEMENTE;1999;4;130.1;bruto;Santa Helena
2454012;SÃO CLEMENTE;1999;5;174.0;bruto;Santa Helena
2454012;SÃO CLEMENTE;1999;6;161.8;bruto;Santa Helena
2454012;SÃO CLEMENTE;1999;7;73.3;bruto;Santa Helena
2454012;SÃO CLEMENTE;1999;8;0.0;bruto;Santa Helena
2454012;SÃO CLEMENTE;1999;9;152.1;bruto;Santa Helena
2454012;SÃO CLEMENTE;1999;10;37.1;bruto;Santa Helena
2454012;SÃO CLEMENTE;1999;11;46.6;bruto;Santa Helena
2454012;SÃO CLEMENTE;1999;12;167.0;bruto;Santa Helena
2454012;SÃO CLEMENTE;2000;1;176.1;bruto;Santa Helena
2454012;SÃO CLEMENTE;2000;2;195.2;bruto;Santa Helena
2454012;SÃO CLEMENTE;2000;3;144.9;bruto;Santa Helena
2454012;SÃO CLEMENTE;2000;4;80.8;bruto;Santa Helena
2454012;SÃO CLEMENTE;2000;5;93.5;bruto;Santa Helena
2454012;SÃO CLEMENTE;2000;6;194.6;bruto;Santa Helena
2454012;SÃO CLEMENTE;2000;7;134.9;bruto;Santa Helena
2454012;SÃO CLEMENTE;2000;8;152.8;bruto;Santa Helena
2454012;SÃO CLEMENTE;2000;9;183.8;bruto;Santa Helena
2454012;SÃO CLEMENTE;2000;10;206.7;bruto;Santa Helena
2454012;SÃO CLEMENTE;2000;11;211.5;bruto;Santa Helena
2454012;SÃO CLEMENTE;2000;12;219.8;bruto;Santa Helena
2454012;SÃO CLEMENTE;2001;1;108.0;bruto;Santa Helena
2454012;SÃO CLEMENTE;2001;2;267.9;bruto;Santa Helena
2454012;SÃO CLEMENTE;2001;3;122.3;bruto;Santa Helena
2454012;SÃO CLEMENTE;2001;4;270.2;bruto;Santa Helena
2454012;SÃO CLEMENTE;2001;5;86.4;bruto;Santa Helena
2454012;SÃO CLEMENTE;2001;6;116.5;bruto;Santa Helena
2454012;SÃO CLEMENTE;2001;7;47.2;bruto;Santa Helena
2454012;SÃO CLEMENTE;2001;8;32.2;bruto;Santa Helena
2454012;SÃO CLEMENTE;2001;9;158.4;bruto;Santa Helena
2454012;SÃO CLEMENTE;2001;10;127.5;bruto;Santa Helena
2454012;SÃO CLEMENTE;2001;11;191.3;bruto;Santa Helena
2454012;SÃO CLEMENTE;2001;12;191.4;bruto;Santa Helena
2454012;SÃO CLEMENTE;2002;1;317.6;bruto;Santa Helena
2454012;SÃO CLEMENTE;2002;2;49.0;bruto;Santa Helena
2454012;SÃO CLEMENTE;2002;3;41.1;bruto;Santa Helena
2454012;SÃO CLEMENTE;2002;4;57.3;bruto;Santa Helena
2454012;SÃO CLEMENTE;2002;5;402.8;bruto;Santa Helena
2454012;SÃO CLEMENTE;2002;6;28.8;bruto;Santa Helena
2454012;SÃO CLEMENTE;2002;7;34.7;bruto;Santa Helena
2454012;SÃO CLEMENTE;2002;8;84.8;bruto;Santa Helena
2454012;SÃO CLEMENTE;2002;9;118.9;bruto;Santa Helena
2454012;SÃO CLEMENTE;2002;10;186.3;bruto;Santa Helena
2454012;SÃO CLEMENTE;2002;11;384.0;bruto;Santa Helena
2454012;SÃO CLEMENTE;2002;12;149.5;bruto;Santa Helena
2454012;SÃO CLEMENTE;2003;1;287.0;bruto;Santa Helena
2454012;SÃO CLEMENTE;2003;2;341.0;bruto;Santa Helena
2454012;SÃO CLEMENTE;2003;3;136.5;bruto;Santa Helena
2454012;SÃO CLEMENTE;2003;4;92.0;bruto;Santa Helena
2454012;SÃO CLEMENTE;2003;5;124.0;bruto;Santa Helena
2454012;SÃO CLEMENTE;2003;6;61.0;bruto;Santa Helena
2454012;SÃO CLEMENTE;2003;7;136.0;bruto;Santa Helena
2454012;SÃO CLEMENTE;2003;8;38.2;bruto;Santa Helena
2454012;SÃO CLEMENTE;2003;9;193.1;bruto;Santa Helena
2454012;SÃO CLEMENTE;2003;10;174.0;bruto;Santa Helena
2454012;SÃO CLEMENTE;2003;11;245.0;bruto;Santa Helena
2454012;SÃO CLEMENTE;2003;12;222.5;bruto;Santa Helena
2454012;SÃO CLEMENTE;2004;1;121.0;bruto;Santa Helena
2454012;SÃO CLEMENTE;2004;2;93.5;bruto;Santa Helena
2454012;SÃO CLEMENTE;2004;3;55.0;bruto;Santa Helena
2454012;SÃO CLEMENTE;2004;4;152.0;bruto;Santa Helena
2454012;SÃO CLEMENTE;2004;5;296.8;bruto;Santa Helena
2454012;SÃO CLEMENTE;2004;6;186.3;bruto;Santa Helena
2454012;SÃO CLEMENTE;2004;7;193.5;bruto;Santa Helena
2454012;SÃO CLEMENTE;2004;8;25.1;bruto;Santa Helena
2454012;SÃO CLEMENTE;2004;9;39.0;bruto;Santa Helena
2454012;SÃO CLEMENTE;2004;10;309.8;bruto;Santa Helena
2454012;SÃO CLEMENTE;2004;11;202.3;bruto;Santa Helena
2454012;SÃO CLEMENTE;2004;12;90.5;bruto;Santa Helena
2454012;SÃO CLEMENTE;2005;1;117.9;bruto;Santa Helena
2454012;SÃO CLEMENTE;2005;2;16.8;bruto;Santa Helena
2454012;SÃO CLEMENTE;2005;3;10.0;bruto;Santa Helena
2454012;SÃO CLEMENTE;2005;4;193.7;bruto;Santa Helena
2454012;SÃO CLEMENTE;2005;5;198.9;bruto;Santa Helena
2454012;SÃO CLEMENTE;2005;6;226.8;bruto;Santa Helena
2454012;SÃO CLEMENTE;2005;7;51.9;bruto;Santa Helena
2454012;SÃO CLEMENTE;2005;8;87.2;bruto;Santa Helena
2454012;SÃO CLEMENTE;2005;9;170.9;bruto;Santa Helena
2454012;SÃO CLEMENTE;2005;10;331.0;bruto;Santa Helena
2454012;SÃO CLEMENTE;2005;11;110.9;bruto;Santa Helena
2454012;SÃO CLEMENTE;2005;12;148.9;bruto;Santa Helena
2454012;SÃO CLEMENTE;2006;1;206.7;bruto;Santa Helena
2454012;SÃO CLEMENTE;2006;2;50.1;bruto;Santa Helena
2454012;SÃO CLEMENTE;2006;3;175.5;bruto;Santa Helena
2454012;SÃO CLEMENTE;2006;4;81.4;bruto;Santa Helena
2454012;SÃO CLEMENTE;2006;5;5.9;bruto;Santa Helena
2454012;SÃO CLEMENTE;2006;6;63.8;bruto;Santa Helena
2454012;SÃO CLEMENTE;2006;7;53.5;bruto;Santa Helena
2454012;SÃO CLEMENTE;2006;8;101.6;bruto;Santa Helena
2454012;SÃO CLEMENTE;2006;9;182.6;bruto;Santa Helena
2454012;SÃO CLEMENTE;2006;10;143.0;bruto;Santa Helena
2454012;SÃO CLEMENTE;2006;11;161.3;bruto;Santa Helena
2454012;SÃO CLEMENTE;2006;12;131.9;bruto;Santa Helena
2454012;SÃO CLEMENTE;2007;1;273.0;bruto;Santa Helena
2454012;SÃO CLEMENTE;2007;2;205.7;bruto;Santa Helena
2454012;SÃO CLEMENTE;2007;3;103.6;bruto;Santa Helena
2454012;SÃO CLEMENTE;2007;4;238.6;bruto;Santa Helena
2454012;SÃO CLEMENTE;2007;5;277.1;bruto;Santa Helena
2454012;SÃO CLEMENTE;2007;6;3.8;bruto;Santa Helena
2454012;SÃO CLEMENTE;2007;7;67.3;bruto;Santa Helena
2454012;SÃO CLEMENTE;2007;8;2.9;bruto;Santa Helena
2454012;SÃO CLEMENTE;2007;9;3.3;bruto;Santa Helena
2454012;SÃO CLEMENTE;2007;10;87.3;bruto;Santa Helena
2454012;SÃO CLEMENTE;2007;11;218.9;bruto;Santa Helena
2454012;SÃO CLEMENTE;2007;12;131.8;bruto;Santa Helena
2454012;SÃO CLEMENTE;2008;1;136.5;bruto;Santa Helena
2454012;SÃO CLEMENTE;2008;2;163.8;bruto;Santa Helena
2454012;SÃO CLEMENTE;2008;3;98.1;bruto;Santa Helena
2454012;SÃO CLEMENTE;2008;4;151.0;bruto;Santa Helena
2454012;SÃO CLEMENTE;2008;5;98.8;bruto;Santa Helena
2454012;SÃO CLEMENTE;2008;6;137.3;bruto;Santa Helena
2454012;SÃO CLEMENTE;2008;7;80.6;bruto;Santa Helena
2454012;SÃO CLEMENTE;2008;8;152.0;bruto;Santa Helena
2454012;SÃO CLEMENTE;2008;9;106.1;bruto;Santa Helena
2454012;SÃO CLEMENTE;2008;10;404.9;bruto;Santa Helena
2454012;SÃO CLEMENTE;2008;11;173.1;bruto;Santa Helena
2454012;SÃO CLEMENTE;2008;12;146.8;bruto;Santa Helena
2454012;SÃO CLEMENTE;2009;1;169.7;bruto;Santa Helena
2454012;SÃO CLEMENTE;2009;2;164.1;bruto;Santa Helena
2454012;SÃO CLEMENTE;2009;3;17.0;bruto;Santa Helena
2454012;SÃO CLEMENTE;2009;4;51.1;bruto;Santa Helena
2454012;SÃO CLEMENTE;2009;5;217.5;bruto;Santa Helena
2454012;SÃO CLEMENTE;2009;6;168.7;bruto;Santa Helena
2454012;SÃO CLEMENTE;2009;7;129.8;bruto;Santa Helena
2454012;SÃO CLEMENTE;2009;8;68.3;bruto;Santa Helena
2454012;SÃO CLEMENTE;2009;9;182.0;bruto;Santa Helena
2454012;SÃO CLEMENTE;2009;10;284.9;bruto;Santa Helena
2454012;SÃO CLEMENTE;2009;11;186.8;bruto;Santa Helena
2454012;SÃO CLEMENTE;2009;12;225.8;bruto;Santa Helena
2454012;SÃO CLEMENTE;2010;1;158.5;bruto;Santa Helena
2454012;SÃO CLEMENTE;2010;2;125.9;bruto;Santa Helena
2454012;SÃO CLEMENTE;2010;3;111.8;bruto;Santa Helena
2454012;SÃO CLEMENTE;2010;4;184.1;bruto;Santa Helena
2454012;SÃO CLEMENTE;2010;5;114.8;bruto;Santa Helena
2454012;SÃO CLEMENTE;2010;6;40.7;bruto;Santa Helena
2454012;SÃO CLEMENTE;2010;7;85.6;bruto;Santa Helena
2454012;SÃO CLEMENTE;2010;8;6.4;bruto;Santa Helena
2454012;SÃO CLEMENTE;2010;9;115.7;bruto;Santa Helena
2454012;SÃO CLEMENTE;2010;10;244.6;bruto;Santa Helena
2454012;SÃO CLEMENTE;2010;11;95.8;bruto;Santa Helena
2454012;SÃO CLEMENTE;2010;12;260.6;bruto;Santa Helena
2454012;SÃO CLEMENTE;2011;1;163.7;bruto;Santa Helena
2454012;SÃO CLEMENTE;2011;2;150.8;bruto;Santa Helena
2454012;SÃO CLEMENTE;2011;3;45.4;bruto;Santa Helena
2454012;SÃO CLEMENTE;2011;4;126.0;bruto;Santa Helena
2454012;SÃO CLEMENTE;2011;5;6.8;bruto;Santa Helena
2454012;SÃO CLEMENTE;2011;6;76.1;bruto;Santa Helena
2454012;SÃO CLEMENTE;2011;7;218.4;bruto;Santa Helena
2454012;SÃO CLEMENTE;2011;8;292.7;bruto;Santa Helena
2454012;SÃO CLEMENTE;2011;9;79.8;bruto;Santa Helena
2454012;SÃO CLEMENTE;2011;10;230.9;bruto;Santa Helena
2454012;SÃO CLEMENTE;2011;11;141.9;bruto;Santa Helena
2454012;SÃO CLEMENTE;2011;12;62.7;bruto;Santa Helena
2454012;SÃO CLEMENTE;2012;1;106.3;bruto;Santa Helena
2454012;SÃO CLEMENTE;2012;2;139.1;bruto;Santa Helena
2454012;SÃO CLEMENTE;2012;3;58.9;bruto;Santa Helena
2454012;SÃO CLEMENTE;2012;4;264.8;bruto;Santa Helena
2454012;SÃO CLEMENTE;2012;5;79.2;bruto;Santa Helena
2454012;SÃO CLEMENTE;2012;6;357.7;bruto;Santa Helena
2454012;SÃO CLEMENTE;2012;7;72.0;bruto;Santa Helena
2454012;SÃO CLEMENTE;2012;8;0.0;bruto;Santa Helena
2454012;SÃO CLEMENTE;2012;9;47.4;bruto;Santa Helena
2454012;SÃO CLEMENTE;2012;10;282.3;bruto;Santa Helena
2454012;SÃO CLEMENTE;2012;11;99.7;bruto;Santa Helena
2454012;SÃO CLEMENTE;2012;12;118.6;bruto;Santa Helena
2454012;SÃO CLEMENTE;2013;1;175.2;bruto;Santa Helena
2454012;SÃO CLEMENTE;2013;2;204.7;bruto;Santa Helena
2454012;SÃO CLEMENTE;2013;3;260.6;bruto;Santa Helena
2454012;SÃO CLEMENTE;2013;4;119.8;bruto;Santa Helena
2454012;SÃO CLEMENTE;2013;5;238.1;bruto;Santa Helena
2454012;SÃO CLEMENTE;2013;6;338.6;bruto;Santa Helena
2454012;SÃO CLEMENTE;2013;7;28.8;bruto;Santa Helena
2454012;SÃO CLEMENTE;2013;8;29.6;bruto;Santa Helena
2454012;SÃO CLEMENTE;2013;9;158.2;bruto;Santa Helena
2454012;SÃO CLEMENTE;2013;10;124.8;bruto;Santa Helena
2454012;SÃO CLEMENTE;2013;11;130.6;bruto;Santa Helena
2454012;SÃO CLEMENTE;2013;12;120.4;bruto;Santa Helena
2454012;SÃO CLEMENTE;2014;1;182.6;bruto;Santa Helena
2454012;SÃO CLEMENTE;2014;2;53.3;bruto;Santa Helena
2454012;SÃO CLEMENTE;2014;3;169.2;bruto;Santa Helena
2454012;SÃO CLEMENTE;2014;4;180.7;bruto;Santa Helena
2454012;SÃO CLEMENTE;2014;5;162.8;bruto;Santa Helena
2454012;SÃO CLEMENTE;2014;6;530.9;bruto;Santa Helena
2454012;SÃO CLEMENTE;2014;7;121.7;bruto;Santa Helena
2454012;SÃO CLEMENTE;2014;8;12.9;bruto;Santa Helena
2454012;SÃO CLEMENTE;2014;9;378.4;bruto;Santa Helena
2454012;SÃO CLEMENTE;2014;10;81.5;bruto;Santa Helena
2454012;SÃO CLEMENTE;2014;11;151.6;bruto;Santa Helena
2454012;SÃO CLEMENTE;2014;12;90.8;bruto;Santa Helena
2454012;SÃO CLEMENTE;2015;1;152.7;bruto;Santa Helena
2454012;SÃO CLEMENTE;2015;2;172.2;bruto;Santa Helena
2454012;SÃO CLEMENTE;2015;3;150.7;bruto;Santa Helena
2454012;SÃO CLEMENTE;2015;4;74.3;bruto;Santa Helena
2454012;SÃO CLEMENTE;2015;5;219.8;bruto;Santa Helena
2454012;SÃO CLEMENTE;2015;6;69.7;bruto;Santa Helena
2454012;SÃO CLEMENTE;2015;7;382.6;bruto;Santa Helena
2454012;SÃO CLEMENTE;2015;8;66.2;bruto;Santa Helena
2454012;SÃO CLEMENTE;2015;9;154.2;bruto;Santa Helena
2454012;SÃO CLEMENTE;2015;10;104.5;bruto;Santa Helena
2454012;SÃO CLEMENTE;2015;11;335.5;bruto;Santa Helena
2454012;SÃO CLEMENTE;2015;12;355.8;bruto;Santa Helena
2454012;SÃO CLEMENTE;2016;1;245.2;bruto;Santa Helena
2454012;SÃO CLEMENTE;2016;2;339.4;bruto;Santa Helena
2454012;SÃO CLEMENTE;2016;3;159.7;bruto;Santa Helena
2454012;SÃO CLEMENTE;2016;4;78.1;bruto;Santa Helena
2454012;SÃO CLEMENTE;2016;5;212.9;bruto;Santa Helena
2454012;SÃO CLEMENTE;2016;6;78.0;bruto;Santa Helena
2454012;SÃO CLEMENTE;2016;7;99.8;bruto;Santa Helena
2454012;SÃO CLEMENTE;2016;8;259.1;bruto;Santa Helena
2454012;SÃO CLEMENTE;2016;9;62.3;bruto;Santa Helena
2454012;SÃO CLEMENTE;2016;10;257.2;bruto;Santa Helena
2454012;SÃO CLEMENTE;2016;11;223.7;bruto;Santa Helena
2454012;SÃO CLEMENTE;2016;12;78.2;bruto;Santa Helena
2454012;SÃO CLEMENTE;2017;1;86.8;bruto;Santa Helena
2454012;SÃO CLEMENTE;2017;2;233.5;bruto;Santa Helena
2454012;SÃO CLEMENTE;2017;3;125.6;bruto;Santa Helena
2454012;SÃO CLEMENTE;2017;4;287.0;bruto;Santa Helena
2454012;SÃO CLEMENTE;2017;5;172.0;bruto;Santa Helena
2454012;SÃO CLEMENTE;2017;6;66.3;bruto;Santa Helena
2454012;SÃO CLEMENTE;2017;7;0.0;bruto;Santa Helena
2454012;SÃO CLEMENTE;2017;8;149.7;bruto;Santa Helena
2454012;SÃO CLEMENTE;2017;9;73.1;bruto;Santa Helena
2454012;SÃO CLEMENTE;2017;10;442.5;bruto;Santa Helena
2454012;SÃO CLEMENTE;2017;11;254.3;bruto;Santa Helena
2454012;SÃO CLEMENTE;2017;12;194.9;bruto;Santa Helena
2454012;SÃO CLEMENTE;2018;1;187.2;bruto;Santa Helena
2454012;SÃO CLEMENTE;2018;2;177.5;bruto;Santa Helena
2454012;SÃO CLEMENTE;2018;3;269.0;bruto;Santa Helena
2454012;SÃO CLEMENTE;2018;4;0.0;bruto;Santa Helena
2454012;SÃO CLEMENTE;2018;5;59.5;bruto;Santa Helena
2454012;SÃO CLEMENTE;2018;6;61.6;bruto;Santa Helena
2454012;SÃO CLEMENTE;2018;7;0.0;bruto;Santa Helena
2454012;SÃO CLEMENTE;2018;8;71.7;bruto;Santa Helena
2454012;SÃO CLEMENTE;2018;9;188.5;bruto;Santa Helena
2454012;SÃO CLEMENTE;2018;10;239.8;bruto;Santa Helena
2454012;SÃO CLEMENTE;2018;11;94.8;bruto;Santa Helena
2454012;SÃO CLEMENTE;2018;12;78.1;bruto;Santa Helena
2454012;SÃO CLEMENTE;2019;1;106.7;bruto;Santa Helena
2454012;SÃO CLEMENTE;2019;2;135.7;consistido;Santa Helena
2454012;SÃO CLEMENTE;2019;3;128.7;bruto;Santa Helena
2454012;SÃO CLEMENTE;2019;4;102.1;bruto;Santa Helena
2454012;SÃO CLEMENTE;2019;5;285.1;bruto;Santa Helena
2454012;SÃO CLEMENTE;2019;6;15.5;bruto;Santa Helena
2454012;SÃO CLEMENTE;2019;7;41.8;bruto;Santa Helena
2454012;SÃO CLEMENTE;2019;8;0.0;bruto;Santa Helena
2454012;SÃO CLEMENTE;2019;9;18.9;bruto;Santa Helena
2454012;SÃO CLEMENTE;2019;10;63.4;bruto;Santa Helena
2454012;SÃO CLEMENTE;2019;11;144.9;bruto;Santa Helena
2454012;SÃO CLEMENTE;2019;12;276.7;bruto;Santa Helena
2454012;SÃO CLEMENTE;2020;1;138.7;bruto;Santa Helena
2454012;SÃO CLEMENTE;2020;2;38.3;bruto;Santa Helena
2454012;SÃO CLEMENTE;2020;3;23.5;bruto;Santa Helena
2454012;SÃO CLEMENTE;2020;4;48.6;bruto;Santa Helena
2454012;SÃO CLEMENTE;2020;5;195.9;bruto;Santa Helena
2454012;SÃO CLEMENTE;2020;6;56.2;bruto;Santa Helena
2454012;SÃO CLEMENTE;2020;7;48.0;bruto;Santa Helena
2454012;SÃO CLEMENTE;2020;8;143.3;bruto;Santa Helena
2454012;SÃO CLEMENTE;2020;9;5.1;bruto;Santa Helena
2454012;SÃO CLEMENTE;2020;10;73.6;bruto;Santa Helena
2454012;SÃO CLEMENTE;2020;11;56.0;bruto;Santa Helena
2454012;SÃO CLEMENTE;2020;12;202.0;bruto;Santa Helena
2454012;SÃO CLEMENTE;2021;1;384.5;bruto;Santa Helena
2454012;SÃO CLEMENTE;2021;2;89.4;bruto;Santa Helena
2454012;SÃO CLEMENTE;2021;3;126.0;bruto;Santa Helena
2454012;SÃO CLEMENTE;2021;4;17.2;bruto;Santa Helena
2454012;SÃO CLEMENTE;2021;5;20.2;bruto;Santa Helena
2454012;SÃO CLEMENTE;2021;6;111.8;bruto;Santa Helena
2454012;SÃO CLEMENTE;2021;7;27.7;bruto;Santa Helena
2454012;SÃO CLEMENTE;2021;8;38.7;bruto;Santa Helena
2454012;SÃO CLEMENTE;2021;9;63.9;bruto;Santa Helena
2454012;SÃO CLEMENTE;2021;10;337.3;bruto;Santa Helena
2454012;SÃO CLEMENTE;2021;11;86.4;bruto;Santa Helena
2454012;SÃO CLEMENTE;2021;12;3.5;bruto;Santa Helena
2454012;SÃO CLEMENTE;2022;1;193.5;bruto;Santa Helena
2454012;SÃO CLEMENTE;2022;2;91.4;bruto;Santa Helena
2454012;SÃO CLEMENTE;2022;3;198.5;bruto;Santa Helena
2454012;SÃO CLEMENTE;2022;4;257.4;bruto;Santa Helena
2454012;SÃO CLEMENTE;2022;5;183.4;bruto;Santa Helena
2454012;SÃO CLEMENTE;2022;6;145.1;bruto;Santa Helena
2454012;SÃO CLEMENTE;2022;7;43.8;bruto;Santa Helena
2454012;SÃO CLEMENTE;2022;8;116.2;bruto;Santa Helena
2454012;SÃO CLEMENTE;2022;9;198.4;bruto;Santa Helena
2454012;SÃO CLEMENTE;2022;10;286.7;bruto;Santa Helena
2454012;SÃO CLEMENTE;2022;11;58.8;bruto;Santa Helena
2454012;SÃO CLEMENTE;2022;12;40.8;bruto;Santa Helena
2454012;SÃO CLEMENTE;2023;1;109.9;bruto;Santa Helena
2454012;SÃO CLEMENTE;2023;2;365.8;bruto;Santa Helena
2454012;SÃO CLEMENTE;2023;3;80.3;bruto;Santa Helena
2454012;SÃO CLEMENTE;2023;4;173.9;bruto;Santa Helena
2454012;SÃO CLEMENTE;2023;5;54.7;bruto;Santa Helena
2454012;SÃO CLEMENTE;2023;6;97.9;bruto;Santa Helena
2454012;SÃO CLEMENTE;2023;7;54.2;bruto;Santa Helena
2454012;SÃO CLEMENTE;2023;8;88.3;bruto;Santa Helena
2454012;SÃO CLEMENTE;2023;9;111.0;bruto;Santa Helena
2454012;SÃO CLEMENTE;2023;10;187.9;bruto;Santa Helena
2454012;SÃO CLEMENTE;2023;11;266.2;bruto;Santa Helena
2454012;SÃO CLEMENTE;2023;12;119.4;bruto;Santa Helena
2454012;SÃO CLEMENTE;2024;1;122.4;bruto;Santa Helena
2454012;SÃO CLEMENTE;2024;2;98.8;bruto;Santa Helena
2454012;SÃO CLEMENTE;2024;3;53.5;bruto;Santa Helena
2454012;SÃO CLEMENTE;2024;4;195.2;bruto;Santa Helena
2454012;SÃO CLEMENTE;2024;5;147.0;bruto;Santa Helena
2454012;SÃO CLEMENTE;2024;6;14.5;bruto;Santa Helena
2454012;SÃO CLEMENTE;2024;7;115.5;bruto;Santa Helena
2454012;SÃO CLEMENTE;2024;8;19.1;bruto;Santa Helena
2454012;SÃO CLEMENTE;2024;9;79.7;bruto;Santa Helena
2454012;SÃO CLEMENTE;2024;10;124.4;bruto;Santa Helena
2454012;SÃO CLEMENTE;2024;11;77.6;bruto;Santa Helena
2454012;SÃO CLEMENTE;2024;12;221.7;bruto;Santa Helena
2454012;SÃO CLEMENTE;2025;1;58.1;bruto;Santa Helena
2454012;SÃO CLEMENTE;2025;2;106.1;bruto;Santa Helena
2454012;SÃO CLEMENTE;2025;3;79.0;bruto;Santa Helena
2454012;SÃO CLEMENTE;2025;4;46.5;bruto;Santa Helena
2454012;SÃO CLEMENTE;2025;5;52.8;bruto;Santa Helena
2454012;SÃO CLEMENTE;2025;6;242.3;bruto;Santa Helena
2454012;SÃO CLEMENTE;2025;7;108.2;bruto;Santa Helena
2454012;SÃO CLEMENTE;2025;8;138.4;bruto;Santa Helena
2454012;SÃO CLEMENTE;2025;9;156.5;bruto;Santa Helena
2454012;SÃO CLEMENTE;2025;10;231.1;bruto;Santa Helena
2454012;SÃO CLEMENTE;2025;11;222.0;bruto;Santa Helena
2454012;SÃO CLEMENTE;2025;12;372.8;bruto;Santa Helena
2454016;BELA VISTA (RANCHO ;1986;1;140.6;bruto;Guaira
2454016;BELA VISTA (RANCHO ;1986;2;251.2;bruto;Guaira
2454016;BELA VISTA (RANCHO ;1986;3;94.0;bruto;Guaira
2454016;BELA VISTA (RANCHO ;1986;4;192.8;bruto;Guaira
2454016;BELA VISTA (RANCHO ;1986;5;274.4;bruto;Guaira
2454016;BELA VISTA (RANCHO ;1986;6;25.6;bruto;Guaira
2454016;BELA VISTA (RANCHO ;1986;7;27.4;bruto;Guaira
2454016;BELA VISTA (RANCHO ;1986;8;173.8;bruto;Guaira
2454016;BELA VISTA (RANCHO ;1986;9;136.2;bruto;Guaira
2454016;BELA VISTA (RANCHO ;1986;10;137.6;bruto;Guaira
2454016;BELA VISTA (RANCHO ;1986;11;102.6;bruto;Guaira
2454016;BELA VISTA (RANCHO ;1986;12;160.2;bruto;Guaira
2454016;BELA VISTA (RANCHO ;1987;1;113.8;bruto;Guaira
2454016;BELA VISTA (RANCHO ;1987;2;263.8;bruto;Guaira
2454016;BELA VISTA (RANCHO ;1987;3;57.8;bruto;Guaira
2454016;BELA VISTA (RANCHO ;1987;4;234.6;bruto;Guaira
2454016;BELA VISTA (RANCHO ;1987;5;268.4;bruto;Guaira
2454016;BELA VISTA (RANCHO ;1987;6;110.2;bruto;Guaira
2454016;BELA VISTA (RANCHO ;1987;7;97.2;bruto;Guaira
2454016;BELA VISTA (RANCHO ;1987;8;47.8;bruto;Guaira
2454016;BELA VISTA (RANCHO ;1987;9;13.2;bruto;Guaira
2454016;BELA VISTA (RANCHO ;1987;10;168.4;bruto;Guaira
2454016;BELA VISTA (RANCHO ;1987;11;178.4;bruto;Guaira
2454016;BELA VISTA (RANCHO ;1987;12;190.0;bruto;Guaira
2454016;BELA VISTA (RANCHO ;1988;1;78.0;bruto;Guaira
2454016;BELA VISTA (RANCHO ;1988;2;105.6;bruto;Guaira
2454016;BELA VISTA (RANCHO ;1988;3;91.6;bruto;Guaira
2454016;BELA VISTA (RANCHO ;1988;4;219.2;bruto;Guaira
2454016;BELA VISTA (RANCHO ;1988;5;194.0;bruto;Guaira
2454016;BELA VISTA (RANCHO ;1988;6;77.6;bruto;Guaira
2454016;BELA VISTA (RANCHO ;1988;7;2.4;bruto;Guaira
2454016;BELA VISTA (RANCHO ;1988;8;7.0;bruto;Guaira
2454016;BELA VISTA (RANCHO ;1988;9;17.0;bruto;Guaira
2454016;BELA VISTA (RANCHO ;1988;10;172.8;bruto;Guaira
2454016;BELA VISTA (RANCHO ;1988;11;138.2;bruto;Guaira
2454016;BELA VISTA (RANCHO ;1988;12;141.8;bruto;Guaira
2454016;BELA VISTA (RANCHO ;1989;1;236.8;bruto;Guaira
2454016;BELA VISTA (RANCHO ;1989;2;154.6;bruto;Guaira
2454016;BELA VISTA (RANCHO ;1989;3;136.6;bruto;Guaira
2454016;BELA VISTA (RANCHO ;1989;4;123.4;bruto;Guaira
2454016;BELA VISTA (RANCHO ;1989;5;67.4;bruto;Guaira
2454016;BELA VISTA (RANCHO ;1989;6;161.0;bruto;Guaira
2454016;BELA VISTA (RANCHO ;1989;7;140.2;bruto;Guaira
2454016;BELA VISTA (RANCHO ;1989;8;218.4;bruto;Guaira
2454016;BELA VISTA (RANCHO ;1989;9;248.4;bruto;Guaira
2454016;BELA VISTA (RANCHO ;1989;10;179.2;bruto;Guaira
2454016;BELA VISTA (RANCHO ;1989;11;106.0;bruto;Guaira
2454016;BELA VISTA (RANCHO ;1989;12;111.4;bruto;Guaira
2454016;BELA VISTA (RANCHO ;1990;1;217.2;bruto;Guaira
2454016;BELA VISTA (RANCHO ;1990;2;52.0;bruto;Guaira
2454016;BELA VISTA (RANCHO ;1990;3;149.0;bruto;Guaira
2454016;BELA VISTA (RANCHO ;1990;4;205.8;bruto;Guaira
2454016;BELA VISTA (RANCHO ;1990;5;131.0;bruto;Guaira
2454016;BELA VISTA (RANCHO ;1990;6;123.0;bruto;Guaira
2454016;BELA VISTA (RANCHO ;1990;7;155.4;bruto;Guaira
2454016;BELA VISTA (RANCHO ;1990;8;162.6;bruto;Guaira
2454016;BELA VISTA (RANCHO ;1990;9;240.0;bruto;Guaira
2454016;BELA VISTA (RANCHO ;1990;10;89.2;bruto;Guaira
2454016;BELA VISTA (RANCHO ;1990;11;146.4;bruto;Guaira
2454016;BELA VISTA (RANCHO ;1990;12;98.8;bruto;Guaira
2454016;BELA VISTA (RANCHO ;1991;1;237.4;bruto;Guaira
2454016;BELA VISTA (RANCHO ;1991;2;5.2;bruto;Guaira
2454016;BELA VISTA (RANCHO ;1991;3;84.0;bruto;Guaira
2454016;BELA VISTA (RANCHO ;1991;4;102.4;bruto;Guaira
2454016;BELA VISTA (RANCHO ;1991;5;51.4;bruto;Guaira
2454016;BELA VISTA (RANCHO ;1991;6;163.4;bruto;Guaira
2454016;BELA VISTA (RANCHO ;1991;7;34.0;bruto;Guaira
2454016;BELA VISTA (RANCHO ;1991;8;22.6;bruto;Guaira
2454016;BELA VISTA (RANCHO ;1991;9;304.4;bruto;Guaira
2454016;BELA VISTA (RANCHO ;1991;10;147.2;bruto;Guaira
2454016;BELA VISTA (RANCHO ;1991;11;84.1;bruto;Guaira
2454016;BELA VISTA (RANCHO ;1991;12;336.1;bruto;Guaira
2454016;BELA VISTA (RANCHO ;1992;1;22.7;bruto;Guaira
2454016;BELA VISTA (RANCHO ;1992;2;201.9;bruto;Guaira
2454016;BELA VISTA (RANCHO ;1992;3;237.2;bruto;Guaira
2454016;BELA VISTA (RANCHO ;1992;4;264.1;bruto;Guaira
2454016;BELA VISTA (RANCHO ;1992;5;353.4;bruto;Guaira
2454016;BELA VISTA (RANCHO ;1992;6;122.7;bruto;Guaira
2454016;BELA VISTA (RANCHO ;1992;7;166.4;bruto;Guaira
2454016;BELA VISTA (RANCHO ;1992;8;106.5;bruto;Guaira
2454016;BELA VISTA (RANCHO ;1992;9;154.5;bruto;Guaira
2454016;BELA VISTA (RANCHO ;1992;10;221.1;bruto;Guaira
2454016;BELA VISTA (RANCHO ;1992;11;120.8;bruto;Guaira
2454016;BELA VISTA (RANCHO ;1992;12;68.8;bruto;Guaira
2454016;BELA VISTA (RANCHO ;1993;1;248.4;bruto;Guaira
2454016;BELA VISTA (RANCHO ;1993;2;74.3;bruto;Guaira
2454016;BELA VISTA (RANCHO ;1993;3;116.9;bruto;Guaira
2454016;BELA VISTA (RANCHO ;1993;4;72.6;bruto;Guaira
2454016;BELA VISTA (RANCHO ;1993;5;190.8;bruto;Guaira
2454016;BELA VISTA (RANCHO ;1993;6;94.3;bruto;Guaira
2454016;BELA VISTA (RANCHO ;1993;7;128.9;bruto;Guaira
2454016;BELA VISTA (RANCHO ;1993;8;1.6;bruto;Guaira
2454016;BELA VISTA (RANCHO ;1993;9;179.5;bruto;Guaira
2454016;BELA VISTA (RANCHO ;1993;10;166.6;bruto;Guaira
2454016;BELA VISTA (RANCHO ;1993;11;166.2;bruto;Guaira
2454016;BELA VISTA (RANCHO ;1993;12;200.9;bruto;Guaira
2454016;BELA VISTA (RANCHO ;1994;1;53.4;bruto;Guaira
2454016;BELA VISTA (RANCHO ;1994;2;109.1;bruto;Guaira
2454016;BELA VISTA (RANCHO ;1994;3;86.1;bruto;Guaira
2454016;BELA VISTA (RANCHO ;1994;4;90.1;bruto;Guaira
2454016;BELA VISTA (RANCHO ;1994;5;123.5;bruto;Guaira
2454016;BELA VISTA (RANCHO ;1994;6;168.5;bruto;Guaira
2454016;BELA VISTA (RANCHO ;1994;7;89.3;bruto;Guaira
2454016;BELA VISTA (RANCHO ;1994;8;23.1;bruto;Guaira
2454016;BELA VISTA (RANCHO ;1994;9;75.8;bruto;Guaira
2454016;BELA VISTA (RANCHO ;1994;10;186.6;bruto;Guaira
2454016;BELA VISTA (RANCHO ;1994;11;224.2;bruto;Guaira
2454016;BELA VISTA (RANCHO ;1994;12;161.8;bruto;Guaira
2454016;BELA VISTA (RANCHO ;1995;1;403.7;bruto;Guaira
2454016;BELA VISTA (RANCHO ;1995;2;82.3;bruto;Guaira
2454016;BELA VISTA (RANCHO ;1995;3;94.4;bruto;Guaira
2454016;BELA VISTA (RANCHO ;1995;4;193.6;bruto;Guaira
2454016;BELA VISTA (RANCHO ;1995;5;13.8;bruto;Guaira
2454016;BELA VISTA (RANCHO ;1995;6;59.6;bruto;Guaira
2454016;BELA VISTA (RANCHO ;1995;7;68.0;bruto;Guaira
2454016;BELA VISTA (RANCHO ;1995;8;22.8;bruto;Guaira
2454016;BELA VISTA (RANCHO ;1995;9;162.5;bruto;Guaira
2454016;BELA VISTA (RANCHO ;1995;10;255.8;bruto;Guaira
2454016;BELA VISTA (RANCHO ;1995;11;181.7;bruto;Guaira
2454016;BELA VISTA (RANCHO ;1995;12;116.3;bruto;Guaira
2454016;BELA VISTA (RANCHO ;1996;1;214.9;bruto;Guaira
2454016;BELA VISTA (RANCHO ;1996;2;124.5;bruto;Guaira
2454016;BELA VISTA (RANCHO ;1996;3;250.8;bruto;Guaira
2454016;BELA VISTA (RANCHO ;1996;4;62.9;bruto;Guaira
2454016;BELA VISTA (RANCHO ;1996;5;39.7;bruto;Guaira
2454016;BELA VISTA (RANCHO ;1996;6;40.5;bruto;Guaira
2454016;BELA VISTA (RANCHO ;1996;7;13.9;bruto;Guaira
2454016;BELA VISTA (RANCHO ;1996;8;27.1;bruto;Guaira
2454016;BELA VISTA (RANCHO ;1996;9;127.5;bruto;Guaira
2454016;BELA VISTA (RANCHO ;1996;10;264.8;bruto;Guaira
2454016;BELA VISTA (RANCHO ;1996;11;239.5;bruto;Guaira
2454016;BELA VISTA (RANCHO ;1996;12;310.7;bruto;Guaira
2454016;BELA VISTA (RANCHO ;1997;1;248.4;bruto;Guaira
2454016;BELA VISTA (RANCHO ;1997;2;288.7;bruto;Guaira
2454016;BELA VISTA (RANCHO ;1997;3;30.1;bruto;Guaira
2454016;BELA VISTA (RANCHO ;1997;4;16.1;bruto;Guaira
2454016;BELA VISTA (RANCHO ;1997;5;182.0;bruto;Guaira
2454016;BELA VISTA (RANCHO ;1997;6;231.6;bruto;Guaira
2454016;BELA VISTA (RANCHO ;1997;7;81.5;bruto;Guaira
2454016;BELA VISTA (RANCHO ;1997;8;110.2;bruto;Guaira
2454016;BELA VISTA (RANCHO ;1997;9;227.8;bruto;Guaira
2454016;BELA VISTA (RANCHO ;1997;10;189.2;bruto;Guaira
2454016;BELA VISTA (RANCHO ;1997;11;250.2;bruto;Guaira
2454016;BELA VISTA (RANCHO ;1997;12;119.3;bruto;Guaira
2454016;BELA VISTA (RANCHO ;1998;1;194.7;bruto;Guaira
2454016;BELA VISTA (RANCHO ;1998;2;195.4;bruto;Guaira
2454016;BELA VISTA (RANCHO ;1998;3;93.0;bruto;Guaira
2454016;BELA VISTA (RANCHO ;1998;4;386.6;bruto;Guaira
2454016;BELA VISTA (RANCHO ;1998;5;147.7;bruto;Guaira
2454016;BELA VISTA (RANCHO ;1998;6;63.9;bruto;Guaira
2454016;BELA VISTA (RANCHO ;1998;7;21.2;bruto;Guaira
2454016;BELA VISTA (RANCHO ;1998;8;260.9;bruto;Guaira
2454016;BELA VISTA (RANCHO ;1998;9;322.4;bruto;Guaira
2454016;BELA VISTA (RANCHO ;1998;10;179.5;bruto;Guaira
2454016;BELA VISTA (RANCHO ;1998;11;47.0;bruto;Guaira
2454016;BELA VISTA (RANCHO ;1998;12;191.7;bruto;Guaira
2454016;BELA VISTA (RANCHO ;1999;1;98.5;bruto;Guaira
2454016;BELA VISTA (RANCHO ;1999;2;184.4;bruto;Guaira
2454016;BELA VISTA (RANCHO ;1999;3;88.8;bruto;Guaira
2454016;BELA VISTA (RANCHO ;1999;4;126.0;bruto;Guaira
2454016;BELA VISTA (RANCHO ;1999;5;249.9;bruto;Guaira
2454016;BELA VISTA (RANCHO ;1999;6;182.7;bruto;Guaira
2454016;BELA VISTA (RANCHO ;1999;7;65.5;bruto;Guaira
2454016;BELA VISTA (RANCHO ;1999;8;1.5;bruto;Guaira
2454016;BELA VISTA (RANCHO ;1999;9;107.1;bruto;Guaira
2454016;BELA VISTA (RANCHO ;1999;10;56.7;bruto;Guaira
2454016;BELA VISTA (RANCHO ;1999;11;53.3;bruto;Guaira
2454016;BELA VISTA (RANCHO ;1999;12;176.5;bruto;Guaira
2454016;BELA VISTA (RANCHO ;2000;1;160.6;bruto;Guaira
2454016;BELA VISTA (RANCHO ;2000;2;187.3;bruto;Guaira
2454016;BELA VISTA (RANCHO ;2000;3;124.5;bruto;Guaira
2454016;BELA VISTA (RANCHO ;2000;4;97.0;bruto;Guaira
2454016;BELA VISTA (RANCHO ;2000;5;73.7;bruto;Guaira
2454016;BELA VISTA (RANCHO ;2000;6;150.2;bruto;Guaira
2454016;BELA VISTA (RANCHO ;2000;7;87.3;bruto;Guaira
2454016;BELA VISTA (RANCHO ;2000;8;136.3;bruto;Guaira
2454016;BELA VISTA (RANCHO ;2000;9;191.4;bruto;Guaira
2454016;BELA VISTA (RANCHO ;2000;10;202.4;bruto;Guaira
2454016;BELA VISTA (RANCHO ;2000;11;225.1;bruto;Guaira
2454016;BELA VISTA (RANCHO ;2000;12;264.2;bruto;Guaira
2454016;BELA VISTA (RANCHO ;2001;1;210.9;bruto;Guaira
2454016;BELA VISTA (RANCHO ;2001;2;289.1;bruto;Guaira
2454016;BELA VISTA (RANCHO ;2001;3;172.4;bruto;Guaira
2454016;BELA VISTA (RANCHO ;2001;4;144.9;bruto;Guaira
2454016;BELA VISTA (RANCHO ;2001;5;94.4;bruto;Guaira
2454016;BELA VISTA (RANCHO ;2001;6;104.0;bruto;Guaira
2454016;BELA VISTA (RANCHO ;2001;7;50.2;bruto;Guaira
2454016;BELA VISTA (RANCHO ;2001;8;37.8;bruto;Guaira
2454016;BELA VISTA (RANCHO ;2001;9;104.0;bruto;Guaira
2454016;BELA VISTA (RANCHO ;2001;10;79.0;bruto;Guaira
2454016;BELA VISTA (RANCHO ;2001;11;157.5;bruto;Guaira
2454016;BELA VISTA (RANCHO ;2001;12;126.4;bruto;Guaira
2454016;BELA VISTA (RANCHO ;2002;1;171.0;bruto;Guaira
2454016;BELA VISTA (RANCHO ;2002;2;69.2;bruto;Guaira
2454016;BELA VISTA (RANCHO ;2002;3;29.3;bruto;Guaira
2454016;BELA VISTA (RANCHO ;2002;4;74.4;bruto;Guaira
2454016;BELA VISTA (RANCHO ;2002;5;344.0;bruto;Guaira
2454016;BELA VISTA (RANCHO ;2002;6;13.5;bruto;Guaira
2454016;BELA VISTA (RANCHO ;2002;7;45.8;bruto;Guaira
2454016;BELA VISTA (RANCHO ;2002;8;64.0;bruto;Guaira
2454016;BELA VISTA (RANCHO ;2002;9;88.6;bruto;Guaira
2454016;BELA VISTA (RANCHO ;2002;10;174.1;bruto;Guaira
2454016;BELA VISTA (RANCHO ;2002;11;318.8;bruto;Guaira
2454016;BELA VISTA (RANCHO ;2002;12;132.3;bruto;Guaira
2454016;BELA VISTA (RANCHO ;2003;1;225.2;bruto;Guaira
2454016;BELA VISTA (RANCHO ;2003;2;287.2;bruto;Guaira
2454016;BELA VISTA (RANCHO ;2003;3;94.1;bruto;Guaira
2454016;BELA VISTA (RANCHO ;2003;4;149.7;bruto;Guaira
2454016;BELA VISTA (RANCHO ;2003;5;66.0;bruto;Guaira
2454016;BELA VISTA (RANCHO ;2003;6;98.1;bruto;Guaira
2454016;BELA VISTA (RANCHO ;2003;7;107.0;bruto;Guaira
2454016;BELA VISTA (RANCHO ;2003;8;37.3;bruto;Guaira
2454016;BELA VISTA (RANCHO ;2003;9;157.5;bruto;Guaira
2454016;BELA VISTA (RANCHO ;2003;10;210.5;bruto;Guaira
2454016;BELA VISTA (RANCHO ;2003;11;310.9;bruto;Guaira
2454016;BELA VISTA (RANCHO ;2003;12;213.9;bruto;Guaira
2454016;BELA VISTA (RANCHO ;2004;1;90.0;bruto;Guaira
2454016;BELA VISTA (RANCHO ;2004;2;48.5;bruto;Guaira
2454016;BELA VISTA (RANCHO ;2004;3;91.3;bruto;Guaira
2454016;BELA VISTA (RANCHO ;2004;4;143.2;bruto;Guaira
2454016;BELA VISTA (RANCHO ;2004;5;254.3;bruto;Guaira
2454016;BELA VISTA (RANCHO ;2004;6;103.8;bruto;Guaira
2454016;BELA VISTA (RANCHO ;2004;7;99.2;bruto;Guaira
2454016;BELA VISTA (RANCHO ;2004;8;29.8;bruto;Guaira
2454016;BELA VISTA (RANCHO ;2004;9;55.7;bruto;Guaira
2454016;BELA VISTA (RANCHO ;2004;10;245.1;bruto;Guaira
2454016;BELA VISTA (RANCHO ;2004;11;225.2;bruto;Guaira
2454016;BELA VISTA (RANCHO ;2004;12;143.8;bruto;Guaira
2454016;BELA VISTA (RANCHO ;2005;1;126.2;bruto;Guaira
2454016;BELA VISTA (RANCHO ;2005;2;51.5;bruto;Guaira
2454016;BELA VISTA (RANCHO ;2005;3;1.4;bruto;Guaira
2454016;BELA VISTA (RANCHO ;2005;4;185.3;bruto;Guaira
2454016;BELA VISTA (RANCHO ;2005;5;177.1;bruto;Guaira
2454016;BELA VISTA (RANCHO ;2005;6;153.6;bruto;Guaira
2454016;BELA VISTA (RANCHO ;2005;7;71.9;bruto;Guaira
2454016;BELA VISTA (RANCHO ;2005;8;95.5;bruto;Guaira
2454016;BELA VISTA (RANCHO ;2005;9;131.2;bruto;Guaira
2454016;BELA VISTA (RANCHO ;2005;10;385.1;bruto;Guaira
2454016;BELA VISTA (RANCHO ;2005;11;117.7;bruto;Guaira
2454016;BELA VISTA (RANCHO ;2005;12;52.4;bruto;Guaira
2454016;BELA VISTA (RANCHO ;2006;1;138.2;bruto;Guaira
2454016;BELA VISTA (RANCHO ;2006;2;84.0;bruto;Guaira
2454016;BELA VISTA (RANCHO ;2006;3;181.8;bruto;Guaira
2454016;BELA VISTA (RANCHO ;2006;4;90.4;bruto;Guaira
2454016;BELA VISTA (RANCHO ;2006;5;13.1;bruto;Guaira
2454016;BELA VISTA (RANCHO ;2006;6;68.4;bruto;Guaira
2454016;BELA VISTA (RANCHO ;2006;7;27.6;bruto;Guaira
2454016;BELA VISTA (RANCHO ;2006;8;84.7;bruto;Guaira
2454016;BELA VISTA (RANCHO ;2006;9;246.2;bruto;Guaira
2454016;BELA VISTA (RANCHO ;2006;10;97.1;bruto;Guaira
2454016;BELA VISTA (RANCHO ;2006;11;219.7;bruto;Guaira
2454016;BELA VISTA (RANCHO ;2006;12;185.2;bruto;Guaira
2454016;BELA VISTA (RANCHO ;2007;1;179.4;bruto;Guaira
2454016;BELA VISTA (RANCHO ;2007;2;159.3;bruto;Guaira
2454016;BELA VISTA (RANCHO ;2007;3;74.9;bruto;Guaira
2454016;BELA VISTA (RANCHO ;2007;4;214.8;bruto;Guaira
2454016;BELA VISTA (RANCHO ;2007;5;51.1;bruto;Guaira
2454016;BELA VISTA (RANCHO ;2007;6;1.4;bruto;Guaira
2454016;BELA VISTA (RANCHO ;2007;7;54.8;bruto;Guaira
2454016;BELA VISTA (RANCHO ;2007;8;11.6;bruto;Guaira
2454016;BELA VISTA (RANCHO ;2007;9;20.9;bruto;Guaira
2454016;BELA VISTA (RANCHO ;2007;10;47.6;bruto;Guaira
2454016;BELA VISTA (RANCHO ;2007;11;258.9;bruto;Guaira
2454016;BELA VISTA (RANCHO ;2007;12;91.7;bruto;Guaira
2454016;BELA VISTA (RANCHO ;2008;1;150.9;bruto;Guaira
2454016;BELA VISTA (RANCHO ;2008;2;218.1;bruto;Guaira
2454016;BELA VISTA (RANCHO ;2008;3;146.8;bruto;Guaira
2454016;BELA VISTA (RANCHO ;2008;4;143.2;bruto;Guaira
2454016;BELA VISTA (RANCHO ;2008;5;75.4;bruto;Guaira
2454016;BELA VISTA (RANCHO ;2008;6;80.7;bruto;Guaira
2454016;BELA VISTA (RANCHO ;2008;7;31.5;bruto;Guaira
2454016;BELA VISTA (RANCHO ;2008;8;193.9;bruto;Guaira
2454016;BELA VISTA (RANCHO ;2008;9;64.0;bruto;Guaira
2454016;BELA VISTA (RANCHO ;2008;10;328.1;bruto;Guaira
2454016;BELA VISTA (RANCHO ;2008;11;247.8;bruto;Guaira
2454016;BELA VISTA (RANCHO ;2008;12;114.8;bruto;Guaira
2454016;BELA VISTA (RANCHO ;2009;1;125.7;bruto;Guaira
2454016;BELA VISTA (RANCHO ;2009;2;181.9;bruto;Guaira
2454016;BELA VISTA (RANCHO ;2009;3;60.4;bruto;Guaira
2454016;BELA VISTA (RANCHO ;2009;4;25.0;bruto;Guaira
2454016;BELA VISTA (RANCHO ;2009;5;209.0;bruto;Guaira
2454016;BELA VISTA (RANCHO ;2009;6;95.9;bruto;Guaira
2454016;BELA VISTA (RANCHO ;2009;7;124.7;bruto;Guaira
2454016;BELA VISTA (RANCHO ;2009;8;60.4;bruto;Guaira
2454016;BELA VISTA (RANCHO ;2009;9;157.9;bruto;Guaira
2454016;BELA VISTA (RANCHO ;2009;10;297.8;bruto;Guaira
2454016;BELA VISTA (RANCHO ;2009;11;232.7;bruto;Guaira
2454016;BELA VISTA (RANCHO ;2009;12;305.0;bruto;Guaira
2454016;BELA VISTA (RANCHO ;2010;1;171.2;bruto;Guaira
2454016;BELA VISTA (RANCHO ;2010;2;137.9;bruto;Guaira
2454016;BELA VISTA (RANCHO ;2010;3;81.4;bruto;Guaira
2454016;BELA VISTA (RANCHO ;2010;4;157.9;bruto;Guaira
2454016;BELA VISTA (RANCHO ;2010;5;108.1;bruto;Guaira
2454016;BELA VISTA (RANCHO ;2010;6;44.7;bruto;Guaira
2454016;BELA VISTA (RANCHO ;2010;7;95.7;bruto;Guaira
2454016;BELA VISTA (RANCHO ;2010;8;3.7;bruto;Guaira
2454016;BELA VISTA (RANCHO ;2010;9;119.1;bruto;Guaira
2454016;BELA VISTA (RANCHO ;2010;10;201.8;bruto;Guaira
2454016;BELA VISTA (RANCHO ;2010;11;133.0;bruto;Guaira
2454016;BELA VISTA (RANCHO ;2010;12;234.4;bruto;Guaira
2454016;BELA VISTA (RANCHO ;2011;1;102.4;bruto;Guaira
2454016;BELA VISTA (RANCHO ;2011;2;297.7;bruto;Guaira
2454016;BELA VISTA (RANCHO ;2011;3;68.7;bruto;Guaira
2454016;BELA VISTA (RANCHO ;2011;4;99.7;bruto;Guaira
2454016;BELA VISTA (RANCHO ;2011;5;2.6;bruto;Guaira
2454016;BELA VISTA (RANCHO ;2011;6;74.2;bruto;Guaira
2454016;BELA VISTA (RANCHO ;2011;7;174.7;bruto;Guaira
2454016;BELA VISTA (RANCHO ;2011;8;233.3;bruto;Guaira
2454016;BELA VISTA (RANCHO ;2011;9;49.6;bruto;Guaira
2454016;BELA VISTA (RANCHO ;2011;10;214.4;bruto;Guaira
2454016;BELA VISTA (RANCHO ;2011;11;191.3;bruto;Guaira
2454016;BELA VISTA (RANCHO ;2011;12;58.3;bruto;Guaira
2454016;BELA VISTA (RANCHO ;2012;1;205.2;bruto;Guaira
2454016;BELA VISTA (RANCHO ;2012;2;162.4;bruto;Guaira
2454016;BELA VISTA (RANCHO ;2012;3;49.2;bruto;Guaira
2454016;BELA VISTA (RANCHO ;2012;4;262.6;bruto;Guaira
2454016;BELA VISTA (RANCHO ;2012;5;173.3;bruto;Guaira
2454016;BELA VISTA (RANCHO ;2012;6;267.5;bruto;Guaira
2454016;BELA VISTA (RANCHO ;2012;7;50.4;bruto;Guaira
2454016;BELA VISTA (RANCHO ;2012;8;3.5;bruto;Guaira
2454016;BELA VISTA (RANCHO ;2012;9;32.6;bruto;Guaira
2454016;BELA VISTA (RANCHO ;2012;10;147.4;bruto;Guaira
2454016;BELA VISTA (RANCHO ;2012;11;147.1;bruto;Guaira
2454016;BELA VISTA (RANCHO ;2012;12;116.9;bruto;Guaira
2454016;BELA VISTA (RANCHO ;2013;1;162.6;bruto;Guaira
2454016;BELA VISTA (RANCHO ;2013;2;286.6;bruto;Guaira
2454016;BELA VISTA (RANCHO ;2013;3;152.8;bruto;Guaira
2454016;BELA VISTA (RANCHO ;2013;4;111.2;bruto;Guaira
2454016;BELA VISTA (RANCHO ;2013;5;232.3;bruto;Guaira
2454016;BELA VISTA (RANCHO ;2013;6;346.5;bruto;Guaira
2454016;BELA VISTA (RANCHO ;2013;7;22.9;bruto;Guaira
2454016;BELA VISTA (RANCHO ;2013;8;15.2;bruto;Guaira
2454016;BELA VISTA (RANCHO ;2013;9;96.7;bruto;Guaira
2454016;BELA VISTA (RANCHO ;2013;10;146.1;bruto;Guaira
2454016;BELA VISTA (RANCHO ;2013;11;173.1;bruto;Guaira
2454016;BELA VISTA (RANCHO ;2013;12;117.7;bruto;Guaira
2454016;BELA VISTA (RANCHO ;2014;1;210.9;bruto;Guaira
2454016;BELA VISTA (RANCHO ;2014;2;54.0;bruto;Guaira
2454016;BELA VISTA (RANCHO ;2014;3;158.0;bruto;Guaira
2454016;BELA VISTA (RANCHO ;2014;4;240.1;bruto;Guaira
2454016;BELA VISTA (RANCHO ;2014;5;216.4;bruto;Guaira
2454016;BELA VISTA (RANCHO ;2014;6;237.8;bruto;Guaira
2454016;BELA VISTA (RANCHO ;2014;7;114.6;bruto;Guaira
2454016;BELA VISTA (RANCHO ;2014;8;12.5;bruto;Guaira
2454016;BELA VISTA (RANCHO ;2014;9;305.8;bruto;Guaira
2454016;BELA VISTA (RANCHO ;2014;10;58.6;bruto;Guaira
2454016;BELA VISTA (RANCHO ;2014;11;86.6;bruto;Guaira
2454016;BELA VISTA (RANCHO ;2014;12;107.8;bruto;Guaira
2454016;BELA VISTA (RANCHO ;2015;1;124.5;bruto;Guaira
2454016;BELA VISTA (RANCHO ;2015;2;205.4;bruto;Guaira
2454016;BELA VISTA (RANCHO ;2015;3;58.1;bruto;Guaira
2454016;BELA VISTA (RANCHO ;2015;4;122.5;bruto;Guaira
2454016;BELA VISTA (RANCHO ;2015;5;242.1;bruto;Guaira
2454016;BELA VISTA (RANCHO ;2015;6;74.6;bruto;Guaira
2454016;BELA VISTA (RANCHO ;2015;7;369.0;bruto;Guaira
2454016;BELA VISTA (RANCHO ;2015;8;85.8;bruto;Guaira
2454016;BELA VISTA (RANCHO ;2015;9;160.1;bruto;Guaira
2454016;BELA VISTA (RANCHO ;2015;10;111.1;bruto;Guaira
2454016;BELA VISTA (RANCHO ;2015;11;352.0;bruto;Guaira
2454016;BELA VISTA (RANCHO ;2015;12;451.7;bruto;Guaira
2454016;BELA VISTA (RANCHO ;2016;1;176.0;bruto;Guaira
2454016;BELA VISTA (RANCHO ;2016;2;120.9;bruto;Guaira
2454016;BELA VISTA (RANCHO ;2016;3;29.4;bruto;Guaira
2454016;BELA VISTA (RANCHO ;2016;4;77.8;bruto;Guaira
2454016;BELA VISTA (RANCHO ;2016;5;290.8;bruto;Guaira
2454016;BELA VISTA (RANCHO ;2016;6;102.3;bruto;Guaira
2454016;BELA VISTA (RANCHO ;2016;7;65.8;bruto;Guaira
2454016;BELA VISTA (RANCHO ;2016;8;317.1;bruto;Guaira
2454016;BELA VISTA (RANCHO ;2016;9;53.1;bruto;Guaira
2454016;BELA VISTA (RANCHO ;2016;10;223.7;bruto;Guaira
2454016;BELA VISTA (RANCHO ;2016;11;72.1;bruto;Guaira
2454016;BELA VISTA (RANCHO ;2016;12;131.4;bruto;Guaira
2454016;BELA VISTA (RANCHO ;2017;1;56.4;bruto;Guaira
2454016;BELA VISTA (RANCHO ;2017;2;110.0;bruto;Guaira
2454016;BELA VISTA (RANCHO ;2017;3;114.8;bruto;Guaira
2454016;BELA VISTA (RANCHO ;2017;4;219.0;bruto;Guaira
2454016;BELA VISTA (RANCHO ;2017;5;176.6;bruto;Guaira
2454016;BELA VISTA (RANCHO ;2017;6;82.4;bruto;Guaira
2454016;BELA VISTA (RANCHO ;2017;7;0.2;bruto;Guaira
2454016;BELA VISTA (RANCHO ;2017;8;97.4;bruto;Guaira
2454016;BELA VISTA (RANCHO ;2017;9;42.7;bruto;Guaira
2454016;BELA VISTA (RANCHO ;2017;10;429.5;bruto;Guaira
2454016;BELA VISTA (RANCHO ;2017;11;201.2;bruto;Guaira
2454016;BELA VISTA (RANCHO ;2017;12;291.6;bruto;Guaira
2454016;BELA VISTA (RANCHO ;2018;1;270.8;bruto;Guaira
2454016;BELA VISTA (RANCHO ;2018;2;182.8;bruto;Guaira
2454016;BELA VISTA (RANCHO ;2018;3;271.9;bruto;Guaira
2454016;BELA VISTA (RANCHO ;2018;4;11.3;bruto;Guaira
2454016;BELA VISTA (RANCHO ;2018;5;95.2;bruto;Guaira
2454016;BELA VISTA (RANCHO ;2018;6;84.3;bruto;Guaira
2454016;BELA VISTA (RANCHO ;2018;7;3.1;bruto;Guaira
2454016;BELA VISTA (RANCHO ;2018;8;99.1;bruto;Guaira
2454016;BELA VISTA (RANCHO ;2018;9;173.8;bruto;Guaira
2454016;BELA VISTA (RANCHO ;2018;10;202.0;bruto;Guaira
2454016;BELA VISTA (RANCHO ;2018;11;140.3;bruto;Guaira
2454016;BELA VISTA (RANCHO ;2018;12;22.5;bruto;Guaira
2454016;BELA VISTA (RANCHO ;2019;1;148.1;bruto;Guaira
2454016;BELA VISTA (RANCHO ;2019;2;125.1;bruto;Guaira
2454016;BELA VISTA (RANCHO ;2019;3;149.6;bruto;Guaira
2454016;BELA VISTA (RANCHO ;2019;4;118.8;bruto;Guaira
2454016;BELA VISTA (RANCHO ;2019;5;238.1;bruto;Guaira
2454016;BELA VISTA (RANCHO ;2019;6;20.5;bruto;Guaira
2454016;BELA VISTA (RANCHO ;2019;7;32.3;bruto;Guaira
2454016;BELA VISTA (RANCHO ;2019;8;6.6;bruto;Guaira
2454016;BELA VISTA (RANCHO ;2019;9;31.3;bruto;Guaira
2454016;BELA VISTA (RANCHO ;2019;10;115.5;bruto;Guaira
2454016;BELA VISTA (RANCHO ;2019;11;190.9;bruto;Guaira
2454016;BELA VISTA (RANCHO ;2019;12;470.0;bruto;Guaira
2454016;BELA VISTA (RANCHO ;2020;1;122.2;bruto;Guaira
2454016;BELA VISTA (RANCHO ;2020;2;57.3;bruto;Guaira
2454016;BELA VISTA (RANCHO ;2020;3;29.4;bruto;Guaira
2454016;BELA VISTA (RANCHO ;2020;4;48.8;bruto;Guaira
2454016;BELA VISTA (RANCHO ;2020;5;110.9;bruto;Guaira
2454016;BELA VISTA (RANCHO ;2020;6;67.5;bruto;Guaira
2454016;BELA VISTA (RANCHO ;2020;7;42.0;bruto;Guaira
2454016;BELA VISTA (RANCHO ;2020;8;181.8;bruto;Guaira
2454016;BELA VISTA (RANCHO ;2020;9;4.0;bruto;Guaira
2454016;BELA VISTA (RANCHO ;2020;10;73.1;bruto;Guaira
2454016;BELA VISTA (RANCHO ;2020;11;53.4;bruto;Guaira
2454016;BELA VISTA (RANCHO ;2020;12;360.6;bruto;Guaira
2454016;BELA VISTA (RANCHO ;2021;1;201.3;bruto;Guaira
2454016;BELA VISTA (RANCHO ;2021;2;88.1;bruto;Guaira
2454016;BELA VISTA (RANCHO ;2021;3;141.8;bruto;Guaira
2454016;BELA VISTA (RANCHO ;2021;4;11.7;bruto;Guaira
2454016;BELA VISTA (RANCHO ;2021;5;25.0;bruto;Guaira
2454016;BELA VISTA (RANCHO ;2021;6;100.7;bruto;Guaira
2454016;BELA VISTA (RANCHO ;2021;7;17.2;bruto;Guaira
2454016;BELA VISTA (RANCHO ;2021;8;13.9;bruto;Guaira
2454016;BELA VISTA (RANCHO ;2021;9;18.4;bruto;Guaira
2454016;BELA VISTA (RANCHO ;2021;10;470.5;bruto;Guaira
2454016;BELA VISTA (RANCHO ;2021;11;24.9;bruto;Guaira
2454016;BELA VISTA (RANCHO ;2021;12;7.9;bruto;Guaira
2454016;BELA VISTA (RANCHO ;2022;1;210.8;bruto;Guaira
2454016;BELA VISTA (RANCHO ;2022;2;70.0;bruto;Guaira
2454016;BELA VISTA (RANCHO ;2022;3;170.0;bruto;Guaira
2454016;BELA VISTA (RANCHO ;2022;4;226.2;bruto;Guaira
2454016;BELA VISTA (RANCHO ;2022;5;153.4;bruto;Guaira
2454016;BELA VISTA (RANCHO ;2022;6;98.4;bruto;Guaira
2454016;BELA VISTA (RANCHO ;2022;7;13.8;bruto;Guaira
2454016;BELA VISTA (RANCHO ;2022;8;119.5;bruto;Guaira
2454016;BELA VISTA (RANCHO ;2022;9;295.5;bruto;Guaira
2454016;BELA VISTA (RANCHO ;2022;10;325.1;bruto;Guaira
2454016;BELA VISTA (RANCHO ;2022;11;72.8;bruto;Guaira
2454016;BELA VISTA (RANCHO ;2022;12;34.5;bruto;Guaira
2454016;BELA VISTA (RANCHO ;2023;1;102.4;bruto;Guaira
2454016;BELA VISTA (RANCHO ;2023;2;381.5;bruto;Guaira
2454016;BELA VISTA (RANCHO ;2023;3;73.1;bruto;Guaira
2454016;BELA VISTA (RANCHO ;2023;4;153.6;bruto;Guaira
2454016;BELA VISTA (RANCHO ;2023;5;30.4;bruto;Guaira
2454016;BELA VISTA (RANCHO ;2023;6;63.7;bruto;Guaira
2454016;BELA VISTA (RANCHO ;2023;7;67.5;bruto;Guaira
2454016;BELA VISTA (RANCHO ;2023;8;121.5;bruto;Guaira
2454016;BELA VISTA (RANCHO ;2023;9;100.1;bruto;Guaira
2454016;BELA VISTA (RANCHO ;2023;10;234.6;bruto;Guaira
2454016;BELA VISTA (RANCHO ;2023;11;206.7;bruto;Guaira
2454016;BELA VISTA (RANCHO ;2023;12;176.2;bruto;Guaira
2454016;BELA VISTA (RANCHO ;2024;1;162.2;bruto;Guaira
2454016;BELA VISTA (RANCHO ;2024;2;77.5;bruto;Guaira
2454016;BELA VISTA (RANCHO ;2024;3;19.9;bruto;Guaira
2454016;BELA VISTA (RANCHO ;2024;4;120.5;bruto;Guaira
2454016;BELA VISTA (RANCHO ;2024;5;63.9;bruto;Guaira
2454016;BELA VISTA (RANCHO ;2024;6;1.2;bruto;Guaira
2454016;BELA VISTA (RANCHO ;2024;7;115.8;bruto;Guaira
2454016;BELA VISTA (RANCHO ;2024;8;29.7;bruto;Guaira
2454016;BELA VISTA (RANCHO ;2024;9;101.8;bruto;Guaira
2454016;BELA VISTA (RANCHO ;2024;10;81.2;bruto;Guaira
2454016;BELA VISTA (RANCHO ;2024;11;102.1;bruto;Guaira
2454016;BELA VISTA (RANCHO ;2024;12;284.3;bruto;Guaira
2454016;BELA VISTA (RANCHO ;2025;1;97.8;bruto;Guaira
2454016;BELA VISTA (RANCHO ;2025;2;183.3;bruto;Guaira
2454016;BELA VISTA (RANCHO ;2025;3;79.7;bruto;Guaira
2454016;BELA VISTA (RANCHO ;2025;4;97.2;bruto;Guaira
2454016;BELA VISTA (RANCHO ;2025;5;38.5;bruto;Guaira
2454016;BELA VISTA (RANCHO ;2025;6;126.7;bruto;Guaira
2454016;BELA VISTA (RANCHO ;2025;7;49.7;bruto;Guaira
2454016;BELA VISTA (RANCHO ;2025;8;75.3;bruto;Guaira
2454016;BELA VISTA (RANCHO ;2025;9;96.4;bruto;Guaira
2454016;BELA VISTA (RANCHO ;2025;10;296.3;bruto;Guaira
2454016;BELA VISTA (RANCHO ;2025;11;225.1;bruto;Guaira
2454016;BELA VISTA (RANCHO ;2025;12;297.2;bruto;Guaira
2454017;DOUTOR OLIVEIRA CASTRO;1986;1;108.8;bruto;Guaira
2454017;DOUTOR OLIVEIRA CASTRO;1986;2;259.3;bruto;Guaira
2454017;DOUTOR OLIVEIRA CASTRO;1986;3;77.6;bruto;Guaira
2454017;DOUTOR OLIVEIRA CASTRO;1986;4;96.7;bruto;Guaira
2454017;DOUTOR OLIVEIRA CASTRO;1986;5;190.0;bruto;Guaira
2454017;DOUTOR OLIVEIRA CASTRO;1986;6;66.5;bruto;Guaira
2454017;DOUTOR OLIVEIRA CASTRO;1986;7;80.1;bruto;Guaira
2454017;DOUTOR OLIVEIRA CASTRO;1986;8;130.5;bruto;Guaira
2454017;DOUTOR OLIVEIRA CASTRO;1986;9;118.6;bruto;Guaira
2454017;DOUTOR OLIVEIRA CASTRO;1986;10;93.5;bruto;Guaira
2454017;DOUTOR OLIVEIRA CASTRO;1986;11;48.6;bruto;Guaira
2454017;DOUTOR OLIVEIRA CASTRO;1986;12;127.4;bruto;Guaira
2454017;DOUTOR OLIVEIRA CASTRO;1987;1;150.2;bruto;Guaira
2454017;DOUTOR OLIVEIRA CASTRO;1987;2;121.0;bruto;Guaira
2454017;DOUTOR OLIVEIRA CASTRO;1987;3;65.0;bruto;Guaira
2454017;DOUTOR OLIVEIRA CASTRO;1987;4;187.9;bruto;Guaira
2454017;DOUTOR OLIVEIRA CASTRO;1987;5;292.7;bruto;Guaira
2454017;DOUTOR OLIVEIRA CASTRO;1987;6;119.6;bruto;Guaira
2454017;DOUTOR OLIVEIRA CASTRO;1987;7;85.1;bruto;Guaira
2454017;DOUTOR OLIVEIRA CASTRO;1987;8;49.3;bruto;Guaira
2454017;DOUTOR OLIVEIRA CASTRO;1987;9;15.0;bruto;Guaira
2454017;DOUTOR OLIVEIRA CASTRO;1987;10;146.5;bruto;Guaira
2454017;DOUTOR OLIVEIRA CASTRO;1987;11;181.0;bruto;Guaira
2454017;DOUTOR OLIVEIRA CASTRO;1987;12;115.1;bruto;Guaira
2454017;DOUTOR OLIVEIRA CASTRO;1988;1;56.5;bruto;Guaira
2454017;DOUTOR OLIVEIRA CASTRO;1988;2;84.0;bruto;Guaira
2454017;DOUTOR OLIVEIRA CASTRO;1988;3;66.0;bruto;Guaira
2454017;DOUTOR OLIVEIRA CASTRO;1988;4;222.9;bruto;Guaira
2454017;DOUTOR OLIVEIRA CASTRO;1988;5;176.6;consistido;Guaira
2454017;DOUTOR OLIVEIRA CASTRO;1988;6;68.3;consistido;Guaira
2454017;DOUTOR OLIVEIRA CASTRO;1988;7;1.5;consistido;Guaira
2454017;DOUTOR OLIVEIRA CASTRO;1988;8;14.7;bruto;Guaira
2454017;DOUTOR OLIVEIRA CASTRO;1988;9;5.4;bruto;Guaira
2454017;DOUTOR OLIVEIRA CASTRO;1988;10;242.4;bruto;Guaira
2454017;DOUTOR OLIVEIRA CASTRO;1988;11;104.0;bruto;Guaira
2454017;DOUTOR OLIVEIRA CASTRO;1988;12;203.1;bruto;Guaira
2454017;DOUTOR OLIVEIRA CASTRO;1989;1;257.9;bruto;Guaira
2454017;DOUTOR OLIVEIRA CASTRO;1989;2;206.0;bruto;Guaira
2454017;DOUTOR OLIVEIRA CASTRO;1989;3;172.3;bruto;Guaira
2454017;DOUTOR OLIVEIRA CASTRO;1989;4;98.2;bruto;Guaira
2454017;DOUTOR OLIVEIRA CASTRO;1989;5;58.8;bruto;Guaira
2454017;DOUTOR OLIVEIRA CASTRO;1989;6;134.2;bruto;Guaira
2454017;DOUTOR OLIVEIRA CASTRO;1989;7;99.1;bruto;Guaira
2454017;DOUTOR OLIVEIRA CASTRO;1989;8;262.5;bruto;Guaira
2454017;DOUTOR OLIVEIRA CASTRO;1989;9;234.2;bruto;Guaira
2454017;DOUTOR OLIVEIRA CASTRO;1989;10;144.3;bruto;Guaira
2454017;DOUTOR OLIVEIRA CASTRO;1989;11;61.6;bruto;Guaira
2454017;DOUTOR OLIVEIRA CASTRO;1989;12;107.9;bruto;Guaira
2454017;DOUTOR OLIVEIRA CASTRO;1990;1;306.7;bruto;Guaira
2454017;DOUTOR OLIVEIRA CASTRO;1990;2;82.8;bruto;Guaira
2454017;DOUTOR OLIVEIRA CASTRO;1990;3;121.4;bruto;Guaira
2454017;DOUTOR OLIVEIRA CASTRO;1990;4;303.0;bruto;Guaira
2454017;DOUTOR OLIVEIRA CASTRO;1990;5;129.3;bruto;Guaira
2454017;DOUTOR OLIVEIRA CASTRO;1990;6;117.4;bruto;Guaira
2454017;DOUTOR OLIVEIRA CASTRO;1990;7;308.8;bruto;Guaira
2454017;DOUTOR OLIVEIRA CASTRO;1990;8;197.7;bruto;Guaira
2454017;DOUTOR OLIVEIRA CASTRO;1990;9;167.7;bruto;Guaira
2454017;DOUTOR OLIVEIRA CASTRO;1990;10;259.8;bruto;Guaira
2454017;DOUTOR OLIVEIRA CASTRO;1990;11;;sem_leitura;Guaira
2454017;DOUTOR OLIVEIRA CASTRO;1990;12;;sem_leitura;Guaira
2454017;DOUTOR OLIVEIRA CASTRO;1991;1;;sem_leitura;Guaira
2454017;DOUTOR OLIVEIRA CASTRO;1991;2;;sem_leitura;Guaira
2454017;DOUTOR OLIVEIRA CASTRO;1991;3;;sem_leitura;Guaira
2454017;DOUTOR OLIVEIRA CASTRO;1991;4;;sem_leitura;Guaira
2454017;DOUTOR OLIVEIRA CASTRO;1991;5;;sem_leitura;Guaira
2454017;DOUTOR OLIVEIRA CASTRO;1991;6;;sem_leitura;Guaira
2454017;DOUTOR OLIVEIRA CASTRO;1991;7;;sem_leitura;Guaira
2454017;DOUTOR OLIVEIRA CASTRO;1991;8;;sem_leitura;Guaira
2454017;DOUTOR OLIVEIRA CASTRO;1991;9;;sem_leitura;Guaira
2454017;DOUTOR OLIVEIRA CASTRO;1991;10;;sem_leitura;Guaira
2454017;DOUTOR OLIVEIRA CASTRO;1991;11;;sem_leitura;Guaira
2454017;DOUTOR OLIVEIRA CASTRO;1991;12;;sem_leitura;Guaira
2454019;SANTA RITA DO OESTE;1986;1;229.7;bruto;Terra Roxa
2454019;SANTA RITA DO OESTE;1986;2;299.7;bruto;Terra Roxa
2454019;SANTA RITA DO OESTE;1986;3;120.0;bruto;Terra Roxa
2454019;SANTA RITA DO OESTE;1986;4;205.2;bruto;Terra Roxa
2454019;SANTA RITA DO OESTE;1986;5;181.2;bruto;Terra Roxa
2454019;SANTA RITA DO OESTE;1986;6;29.1;bruto;Terra Roxa
2454019;SANTA RITA DO OESTE;1986;7;58.0;bruto;Terra Roxa
2454019;SANTA RITA DO OESTE;1986;8;170.2;bruto;Terra Roxa
2454019;SANTA RITA DO OESTE;1986;9;151.2;bruto;Terra Roxa
2454019;SANTA RITA DO OESTE;1986;10;117.6;bruto;Terra Roxa
2454019;SANTA RITA DO OESTE;1986;11;116.4;bruto;Terra Roxa
2454019;SANTA RITA DO OESTE;1986;12;169.0;bruto;Terra Roxa
2454019;SANTA RITA DO OESTE;1987;1;184.0;bruto;Terra Roxa
2454019;SANTA RITA DO OESTE;1987;2;376.0;bruto;Terra Roxa
2454019;SANTA RITA DO OESTE;1987;3;130.0;bruto;Terra Roxa
2454019;SANTA RITA DO OESTE;1987;4;245.0;bruto;Terra Roxa
2454019;SANTA RITA DO OESTE;1987;5;302.0;bruto;Terra Roxa
2454019;SANTA RITA DO OESTE;1987;6;131.0;bruto;Terra Roxa
2454019;SANTA RITA DO OESTE;1987;7;93.8;bruto;Terra Roxa
2454019;SANTA RITA DO OESTE;1987;8;48.4;bruto;Terra Roxa
2454019;SANTA RITA DO OESTE;1987;9;16.4;bruto;Terra Roxa
2454019;SANTA RITA DO OESTE;1987;10;180.0;bruto;Terra Roxa
2454019;SANTA RITA DO OESTE;1987;11;174.0;bruto;Terra Roxa
2454019;SANTA RITA DO OESTE;1987;12;163.3;bruto;Terra Roxa
2454019;SANTA RITA DO OESTE;1988;1;72.2;bruto;Terra Roxa
2454019;SANTA RITA DO OESTE;1988;2;160.5;bruto;Terra Roxa
2454019;SANTA RITA DO OESTE;1988;3;32.9;bruto;Terra Roxa
2454019;SANTA RITA DO OESTE;1988;4;270.3;bruto;Terra Roxa
2454019;SANTA RITA DO OESTE;1988;5;203.8;bruto;Terra Roxa
2454019;SANTA RITA DO OESTE;1988;6;85.2;bruto;Terra Roxa
2454019;SANTA RITA DO OESTE;1988;7;3.2;bruto;Terra Roxa
2454019;SANTA RITA DO OESTE;1988;8;23.2;bruto;Terra Roxa
2454019;SANTA RITA DO OESTE;1988;9;15.7;bruto;Terra Roxa
2454019;SANTA RITA DO OESTE;1988;10;140.3;bruto;Terra Roxa
2454019;SANTA RITA DO OESTE;1988;11;73.0;bruto;Terra Roxa
2454019;SANTA RITA DO OESTE;1988;12;155.6;bruto;Terra Roxa
2454019;SANTA RITA DO OESTE;1989;1;180.9;bruto;Terra Roxa
2454019;SANTA RITA DO OESTE;1989;2;140.8;bruto;Terra Roxa
2454019;SANTA RITA DO OESTE;1989;3;72.0;bruto;Terra Roxa
2454019;SANTA RITA DO OESTE;1989;4;169.0;bruto;Terra Roxa
2454019;SANTA RITA DO OESTE;1989;5;109.9;bruto;Terra Roxa
2454019;SANTA RITA DO OESTE;1989;6;153.4;bruto;Terra Roxa
2454019;SANTA RITA DO OESTE;1989;7;172.8;bruto;Terra Roxa
2454019;SANTA RITA DO OESTE;1989;8;185.2;bruto;Terra Roxa
2454019;SANTA RITA DO OESTE;1989;9;236.6;bruto;Terra Roxa
2454019;SANTA RITA DO OESTE;1989;10;112.2;bruto;Terra Roxa
2454019;SANTA RITA DO OESTE;1989;11;97.4;bruto;Terra Roxa
2454019;SANTA RITA DO OESTE;1989;12;44.0;bruto;Terra Roxa
2454019;SANTA RITA DO OESTE;1990;1;315.4;bruto;Terra Roxa
2454019;SANTA RITA DO OESTE;1990;2;39.2;bruto;Terra Roxa
2454019;SANTA RITA DO OESTE;1990;3;205.8;bruto;Terra Roxa
2454019;SANTA RITA DO OESTE;1990;4;233.2;bruto;Terra Roxa
2454019;SANTA RITA DO OESTE;1990;5;175.8;bruto;Terra Roxa
2454019;SANTA RITA DO OESTE;1990;6;127.0;bruto;Terra Roxa
2454019;SANTA RITA DO OESTE;1990;7;170.8;bruto;Terra Roxa
2454019;SANTA RITA DO OESTE;1990;8;163.8;bruto;Terra Roxa
2454019;SANTA RITA DO OESTE;1990;9;272.0;bruto;Terra Roxa
2454019;SANTA RITA DO OESTE;1990;10;123.6;bruto;Terra Roxa
2454019;SANTA RITA DO OESTE;1990;11;164.0;bruto;Terra Roxa
2454019;SANTA RITA DO OESTE;1990;12;123.6;bruto;Terra Roxa
2454019;SANTA RITA DO OESTE;1991;1;262.6;bruto;Terra Roxa
2454019;SANTA RITA DO OESTE;1991;2;36.4;bruto;Terra Roxa
2454019;SANTA RITA DO OESTE;1991;3;93.8;bruto;Terra Roxa
2454019;SANTA RITA DO OESTE;1991;4;118.8;bruto;Terra Roxa
2454019;SANTA RITA DO OESTE;1991;5;53.2;bruto;Terra Roxa
2454019;SANTA RITA DO OESTE;1991;6;184.6;bruto;Terra Roxa
2454019;SANTA RITA DO OESTE;1991;7;47.8;bruto;Terra Roxa
2454019;SANTA RITA DO OESTE;1991;8;28.8;bruto;Terra Roxa
2454019;SANTA RITA DO OESTE;1991;9;118.3;bruto;Terra Roxa
2454019;SANTA RITA DO OESTE;1991;10;160.8;bruto;Terra Roxa
2454019;SANTA RITA DO OESTE;1991;11;97.4;bruto;Terra Roxa
2454019;SANTA RITA DO OESTE;1991;12;359.2;bruto;Terra Roxa
2454019;SANTA RITA DO OESTE;1992;1;20.6;bruto;Terra Roxa
2454019;SANTA RITA DO OESTE;1992;2;180.8;bruto;Terra Roxa
2454019;SANTA RITA DO OESTE;1992;3;215.8;bruto;Terra Roxa
2454019;SANTA RITA DO OESTE;1992;4;247.4;bruto;Terra Roxa
2454019;SANTA RITA DO OESTE;1992;5;414.2;bruto;Terra Roxa
2454019;SANTA RITA DO OESTE;1992;6;119.6;bruto;Terra Roxa
2454019;SANTA RITA DO OESTE;1992;7;168.3;bruto;Terra Roxa
2454019;SANTA RITA DO OESTE;1992;8;112.0;bruto;Terra Roxa
2454019;SANTA RITA DO OESTE;1992;9;166.1;bruto;Terra Roxa
2454019;SANTA RITA DO OESTE;1992;10;244.4;bruto;Terra Roxa
2454019;SANTA RITA DO OESTE;1992;11;139.1;bruto;Terra Roxa
2454019;SANTA RITA DO OESTE;1992;12;118.3;bruto;Terra Roxa
2454019;SANTA RITA DO OESTE;1993;1;145.2;bruto;Terra Roxa
2454019;SANTA RITA DO OESTE;1993;2;99.0;bruto;Terra Roxa
2454019;SANTA RITA DO OESTE;1993;3;75.3;bruto;Terra Roxa
2454019;SANTA RITA DO OESTE;1993;4;118.0;bruto;Terra Roxa
2454019;SANTA RITA DO OESTE;1993;5;203.3;bruto;Terra Roxa
2454019;SANTA RITA DO OESTE;1993;6;81.6;bruto;Terra Roxa
2454019;SANTA RITA DO OESTE;1993;7;126.6;bruto;Terra Roxa
2454019;SANTA RITA DO OESTE;1993;8;0.0;bruto;Terra Roxa
2454019;SANTA RITA DO OESTE;1993;9;229.9;bruto;Terra Roxa
2454019;SANTA RITA DO OESTE;1993;10;206.8;bruto;Terra Roxa
2454019;SANTA RITA DO OESTE;1993;11;155.6;bruto;Terra Roxa
2454019;SANTA RITA DO OESTE;1993;12;66.5;bruto;Terra Roxa
2454019;SANTA RITA DO OESTE;1994;1;118.9;bruto;Terra Roxa
2454019;SANTA RITA DO OESTE;1994;2;129.1;bruto;Terra Roxa
2454019;SANTA RITA DO OESTE;1994;3;62.8;bruto;Terra Roxa
2454019;SANTA RITA DO OESTE;1994;4;82.6;bruto;Terra Roxa
2454019;SANTA RITA DO OESTE;1994;5;115.9;bruto;Terra Roxa
2454019;SANTA RITA DO OESTE;1994;6;206.3;bruto;Terra Roxa
2454019;SANTA RITA DO OESTE;1994;7;113.7;bruto;Terra Roxa
2454019;SANTA RITA DO OESTE;1994;8;33.6;bruto;Terra Roxa
2454019;SANTA RITA DO OESTE;1994;9;82.2;bruto;Terra Roxa
2454019;SANTA RITA DO OESTE;1994;10;225.5;bruto;Terra Roxa
2454019;SANTA RITA DO OESTE;1994;11;228.5;bruto;Terra Roxa
2454019;SANTA RITA DO OESTE;1994;12;202.1;bruto;Terra Roxa
2454019;SANTA RITA DO OESTE;1995;1;360.5;consistido;Terra Roxa
2454019;SANTA RITA DO OESTE;1995;2;110.7;bruto;Terra Roxa
2454019;SANTA RITA DO OESTE;1995;3;76.9;bruto;Terra Roxa
2454019;SANTA RITA DO OESTE;1995;4;180.6;bruto;Terra Roxa
2454019;SANTA RITA DO OESTE;1995;5;34.5;bruto;Terra Roxa
2454019;SANTA RITA DO OESTE;1995;6;83.6;bruto;Terra Roxa
2454019;SANTA RITA DO OESTE;1995;7;80.2;bruto;Terra Roxa
2454019;SANTA RITA DO OESTE;1995;8;21.9;bruto;Terra Roxa
2454019;SANTA RITA DO OESTE;1995;9;188.2;bruto;Terra Roxa
2454019;SANTA RITA DO OESTE;1995;10;244.5;bruto;Terra Roxa
2454019;SANTA RITA DO OESTE;1995;11;119.6;bruto;Terra Roxa
2454019;SANTA RITA DO OESTE;1995;12;156.9;bruto;Terra Roxa
2454019;SANTA RITA DO OESTE;1996;1;194.1;bruto;Terra Roxa
2454019;SANTA RITA DO OESTE;1996;2;138.5;bruto;Terra Roxa
2454019;SANTA RITA DO OESTE;1996;3;250.5;bruto;Terra Roxa
2454019;SANTA RITA DO OESTE;1996;4;56.0;bruto;Terra Roxa
2454019;SANTA RITA DO OESTE;1996;5;44.5;bruto;Terra Roxa
2454019;SANTA RITA DO OESTE;1996;6;43.1;bruto;Terra Roxa
2454019;SANTA RITA DO OESTE;1996;7;21.3;bruto;Terra Roxa
2454019;SANTA RITA DO OESTE;1996;8;51.9;bruto;Terra Roxa
2454019;SANTA RITA DO OESTE;1996;9;140.8;bruto;Terra Roxa
2454019;SANTA RITA DO OESTE;1996;10;332.9;bruto;Terra Roxa
2454019;SANTA RITA DO OESTE;1996;11;245.1;bruto;Terra Roxa
2454019;SANTA RITA DO OESTE;1996;12;244.5;bruto;Terra Roxa
2454019;SANTA RITA DO OESTE;1997;1;331.9;bruto;Terra Roxa
2454019;SANTA RITA DO OESTE;1997;2;231.4;bruto;Terra Roxa
2454019;SANTA RITA DO OESTE;1997;3;95.3;bruto;Terra Roxa
2454019;SANTA RITA DO OESTE;1997;4;20.8;bruto;Terra Roxa
2454019;SANTA RITA DO OESTE;1997;5;174.0;bruto;Terra Roxa
2454019;SANTA RITA DO OESTE;1997;6;;sem_leitura;Terra Roxa
2454019;SANTA RITA DO OESTE;1997;7;;sem_leitura;Terra Roxa
2454019;SANTA RITA DO OESTE;1997;8;;sem_leitura;Terra Roxa
2454019;SANTA RITA DO OESTE;1997;9;;sem_leitura;Terra Roxa
2454019;SANTA RITA DO OESTE;1997;10;;sem_leitura;Terra Roxa
2454019;SANTA RITA DO OESTE;1997;11;;sem_leitura;Terra Roxa
2454019;SANTA RITA DO OESTE;1997;12;;sem_leitura;Terra Roxa
2454020;PIQUEROBI;1986;1;292.4;bruto;Terra Roxa
2454020;PIQUEROBI;1986;2;201.5;bruto;Terra Roxa
2454020;PIQUEROBI;1986;3;132.7;bruto;Terra Roxa
2454020;PIQUEROBI;1986;4;174.1;bruto;Terra Roxa
2454020;PIQUEROBI;1986;5;323.2;bruto;Terra Roxa
2454020;PIQUEROBI;1986;6;21.5;bruto;Terra Roxa
2454020;PIQUEROBI;1986;7;49.3;bruto;Terra Roxa
2454020;PIQUEROBI;1986;8;177.8;bruto;Terra Roxa
2454020;PIQUEROBI;1986;9;113.5;bruto;Terra Roxa
2454020;PIQUEROBI;1986;10;127.1;bruto;Terra Roxa
2454020;PIQUEROBI;1986;11;95.7;bruto;Terra Roxa
2454020;PIQUEROBI;1986;12;172.5;bruto;Terra Roxa
2454020;PIQUEROBI;1987;1;155.4;bruto;Terra Roxa
2454020;PIQUEROBI;1987;2;248.3;bruto;Terra Roxa
2454020;PIQUEROBI;1987;3;25.7;bruto;Terra Roxa
2454020;PIQUEROBI;1987;4;158.0;bruto;Terra Roxa
2454020;PIQUEROBI;1987;5;288.4;bruto;Terra Roxa
2454020;PIQUEROBI;1987;6;;sem_leitura;Terra Roxa
2454020;PIQUEROBI;1987;7;;sem_leitura;Terra Roxa
2454020;PIQUEROBI;1987;8;;sem_leitura;Terra Roxa
2454020;PIQUEROBI;1987;9;;sem_leitura;Terra Roxa
2454020;PIQUEROBI;1987;10;;sem_leitura;Terra Roxa
2454020;PIQUEROBI;1987;11;;sem_leitura;Terra Roxa
2454020;PIQUEROBI;1987;12;;sem_leitura;Terra Roxa
2454024;SANTA HELENA -INEMET;1986;1;208.0;bruto;Santa Helena
2454024;SANTA HELENA -INEMET;1986;2;284.0;bruto;Santa Helena
2454024;SANTA HELENA -INEMET;1986;3;126.9;bruto;Santa Helena
2454024;SANTA HELENA -INEMET;1986;4;140.1;bruto;Santa Helena
2454024;SANTA HELENA -INEMET;1986;5;281.0;bruto;Santa Helena
2454024;SANTA HELENA -INEMET;1986;6;36.8;bruto;Santa Helena
2454024;SANTA HELENA -INEMET;1986;7;81.8;consistido;Santa Helena
2454024;SANTA HELENA -INEMET;1986;8;135.0;bruto;Santa Helena
2454024;SANTA HELENA -INEMET;1986;9;172.6;consistido;Santa Helena
2454024;SANTA HELENA -INEMET;1986;10;99.3;bruto;Santa Helena
2454024;SANTA HELENA -INEMET;1986;11;123.1;bruto;Santa Helena
2454024;SANTA HELENA -INEMET;1986;12;197.0;bruto;Santa Helena
2454024;SANTA HELENA -INEMET;1987;1;62.9;bruto;Santa Helena
2454024;SANTA HELENA -INEMET;1987;2;258.7;bruto;Santa Helena
2454024;SANTA HELENA -INEMET;1987;3;102.8;consistido;Santa Helena
2454024;SANTA HELENA -INEMET;1987;4;195.2;bruto;Santa Helena
2454024;SANTA HELENA -INEMET;1987;5;362.7;bruto;Santa Helena
2454024;SANTA HELENA -INEMET;1987;6;100.6;bruto;Santa Helena
2454024;SANTA HELENA -INEMET;1987;7;115.9;consistido;Santa Helena
2454024;SANTA HELENA -INEMET;1987;8;33.0;bruto;Santa Helena
2454024;SANTA HELENA -INEMET;1987;9;14.3;bruto;Santa Helena
2454024;SANTA HELENA -INEMET;1987;10;233.8;bruto;Santa Helena
2454024;SANTA HELENA -INEMET;1987;11;178.3;bruto;Santa Helena
2454024;SANTA HELENA -INEMET;1987;12;142.0;bruto;Santa Helena
2454024;SANTA HELENA -INEMET;1988;1;126.0;bruto;Santa Helena
2454024;SANTA HELENA -INEMET;1988;2;54.7;bruto;Santa Helena
2454024;SANTA HELENA -INEMET;1988;3;0.0;bruto;Santa Helena
2454024;SANTA HELENA -INEMET;1988;4;168.5;bruto;Santa Helena
2454024;SANTA HELENA -INEMET;1988;5;282.3;bruto;Santa Helena
2454024;SANTA HELENA -INEMET;1988;6;151.9;bruto;Santa Helena
2454024;SANTA HELENA -INEMET;1988;7;10.9;consistido;Santa Helena
2454024;SANTA HELENA -INEMET;1988;8;18.3;bruto;Santa Helena
2454024;SANTA HELENA -INEMET;1988;9;21.0;bruto;Santa Helena
2454024;SANTA HELENA -INEMET;1988;10;186.0;bruto;Santa Helena
2454024;SANTA HELENA -INEMET;1988;11;59.5;bruto;Santa Helena
2454024;SANTA HELENA -INEMET;1988;12;62.1;bruto;Santa Helena
2454024;SANTA HELENA -INEMET;1989;1;229.1;bruto;Santa Helena
2454024;SANTA HELENA -INEMET;1989;2;76.4;bruto;Santa Helena
2454024;SANTA HELENA -INEMET;1989;3;133.6;bruto;Santa Helena
2454024;SANTA HELENA -INEMET;1989;4;130.3;bruto;Santa Helena
2454024;SANTA HELENA -INEMET;1989;5;39.5;bruto;Santa Helena
2454024;SANTA HELENA -INEMET;1989;6;137.8;bruto;Santa Helena
2454024;SANTA HELENA -INEMET;1989;7;100.9;consistido;Santa Helena
2454024;SANTA HELENA -INEMET;1989;8;253.9;bruto;Santa Helena
2454024;SANTA HELENA -INEMET;1989;9;188.0;bruto;Santa Helena
2454024;SANTA HELENA -INEMET;1989;10;80.2;bruto;Santa Helena
2454024;SANTA HELENA -INEMET;1989;11;87.5;bruto;Santa Helena
2454024;SANTA HELENA -INEMET;1989;12;99.3;bruto;Santa Helena
2454026;GUAIRA - SE COPEL;1987;1;;sem_leitura;Guaira
2454026;GUAIRA - SE COPEL;1987;2;260.9;consistido;Guaira
2454026;GUAIRA - SE COPEL;1987;3;120.3;consistido;Guaira
2454026;GUAIRA - SE COPEL;1987;4;291.9;bruto;Guaira
2454026;GUAIRA - SE COPEL;1987;5;296.7;bruto;Guaira
2454026;GUAIRA - SE COPEL;1987;6;110.9;bruto;Guaira
2454026;GUAIRA - SE COPEL;1987;7;101.7;bruto;Guaira
2454026;GUAIRA - SE COPEL;1987;8;55.0;bruto;Guaira
2454026;GUAIRA - SE COPEL;1987;9;35.0;bruto;Guaira
2454026;GUAIRA - SE COPEL;1987;10;157.9;bruto;Guaira
2454026;GUAIRA - SE COPEL;1987;11;132.4;bruto;Guaira
2454026;GUAIRA - SE COPEL;1987;12;103.5;bruto;Guaira
2454026;GUAIRA - SE COPEL;1988;1;57.4;bruto;Guaira
2454026;GUAIRA - SE COPEL;1988;2;61.5;bruto;Guaira
2454026;GUAIRA - SE COPEL;1988;3;5.7;bruto;Guaira
2454026;GUAIRA - SE COPEL;1988;4;225.4;bruto;Guaira
2454026;GUAIRA - SE COPEL;1988;5;203.0;bruto;Guaira
2454026;GUAIRA - SE COPEL;1988;6;80.7;bruto;Guaira
2454026;GUAIRA - SE COPEL;1988;7;1.5;bruto;Guaira
2454026;GUAIRA - SE COPEL;1988;8;19.0;bruto;Guaira
2454026;GUAIRA - SE COPEL;1988;9;14.0;bruto;Guaira
2454026;GUAIRA - SE COPEL;1988;10;169.5;bruto;Guaira
2454026;GUAIRA - SE COPEL;1988;11;124.2;bruto;Guaira
2454026;GUAIRA - SE COPEL;1988;12;165.7;bruto;Guaira
2454026;GUAIRA - SE COPEL;1989;1;351.6;bruto;Guaira
2454026;GUAIRA - SE COPEL;1989;2;163.0;bruto;Guaira
2454026;GUAIRA - SE COPEL;1989;3;153.8;bruto;Guaira
2454026;GUAIRA - SE COPEL;1989;4;94.0;bruto;Guaira
2454026;GUAIRA - SE COPEL;1989;5;61.8;bruto;Guaira
2454026;GUAIRA - SE COPEL;1989;6;128.3;bruto;Guaira
2454026;GUAIRA - SE COPEL;1989;7;79.8;bruto;Guaira
2454026;GUAIRA - SE COPEL;1989;8;224.7;bruto;Guaira
2454026;GUAIRA - SE COPEL;1989;9;232.4;bruto;Guaira
2454026;GUAIRA - SE COPEL;1989;10;163.9;bruto;Guaira
2454026;GUAIRA - SE COPEL;1989;11;143.3;bruto;Guaira
2454026;GUAIRA - SE COPEL;1989;12;94.4;bruto;Guaira
2454026;GUAIRA - SE COPEL;1990;1;286.2;bruto;Guaira
2454026;GUAIRA - SE COPEL;1990;2;79.9;bruto;Guaira
2454026;GUAIRA - SE COPEL;1990;3;120.7;bruto;Guaira
2454026;GUAIRA - SE COPEL;1990;4;190.3;bruto;Guaira
2454026;GUAIRA - SE COPEL;1990;5;142.3;bruto;Guaira
2454026;GUAIRA - SE COPEL;1990;6;118.6;bruto;Guaira
2454026;GUAIRA - SE COPEL;1990;7;102.6;bruto;Guaira
2454026;GUAIRA - SE COPEL;1990;8;146.7;bruto;Guaira
2454026;GUAIRA - SE COPEL;1990;9;253.4;bruto;Guaira
2454026;GUAIRA - SE COPEL;1990;10;124.0;bruto;Guaira
2454026;GUAIRA - SE COPEL;1990;11;167.6;bruto;Guaira
2454026;GUAIRA - SE COPEL;1990;12;97.2;bruto;Guaira
2454026;GUAIRA - SE COPEL;1991;1;146.6;bruto;Guaira
2454026;GUAIRA - SE COPEL;1991;2;11.8;bruto;Guaira
2454026;GUAIRA - SE COPEL;1991;3;102.2;bruto;Guaira
2454026;GUAIRA - SE COPEL;1991;4;102.7;bruto;Guaira
2454026;GUAIRA - SE COPEL;1991;5;50.6;bruto;Guaira
2454026;GUAIRA - SE COPEL;1991;6;210.7;bruto;Guaira
2454026;GUAIRA - SE COPEL;1991;7;16.0;bruto;Guaira
2454026;GUAIRA - SE COPEL;1991;8;29.6;bruto;Guaira
2454026;GUAIRA - SE COPEL;1991;9;227.8;bruto;Guaira
2454026;GUAIRA - SE COPEL;1991;10;100.8;bruto;Guaira
2454026;GUAIRA - SE COPEL;1991;11;176.9;bruto;Guaira
2454026;GUAIRA - SE COPEL;1991;12;279.5;bruto;Guaira
2454026;GUAIRA - SE COPEL;1992;1;15.6;bruto;Guaira
2454026;GUAIRA - SE COPEL;1992;2;296.1;bruto;Guaira
2454026;GUAIRA - SE COPEL;1992;3;203.2;bruto;Guaira
2454026;GUAIRA - SE COPEL;1992;4;295.8;bruto;Guaira
2454026;GUAIRA - SE COPEL;1992;5;426.0;bruto;Guaira
2454026;GUAIRA - SE COPEL;1992;6;88.6;bruto;Guaira
2454026;GUAIRA - SE COPEL;1992;7;108.5;bruto;Guaira
2454026;GUAIRA - SE COPEL;1992;8;94.9;bruto;Guaira
2454026;GUAIRA - SE COPEL;1992;9;142.6;consistido;Guaira
2454026;GUAIRA - SE COPEL;1992;10;315.1;bruto;Guaira
2454026;GUAIRA - SE COPEL;1992;11;149.7;bruto;Guaira
2454026;GUAIRA - SE COPEL;1992;12;68.2;bruto;Guaira
2454026;GUAIRA - SE COPEL;1993;1;210.5;bruto;Guaira
2454026;GUAIRA - SE COPEL;1993;2;57.9;bruto;Guaira
2454026;GUAIRA - SE COPEL;1993;3;158.5;bruto;Guaira
2454026;GUAIRA - SE COPEL;1993;4;110.6;bruto;Guaira
2454026;GUAIRA - SE COPEL;1993;5;155.9;consistido;Guaira
2454026;GUAIRA - SE COPEL;1993;6;66.4;consistido;Guaira
2454026;GUAIRA - SE COPEL;1993;7;86.6;bruto;Guaira
2454026;GUAIRA - SE COPEL;1993;8;1.4;bruto;Guaira
2454026;GUAIRA - SE COPEL;1993;9;128.3;bruto;Guaira
2454026;GUAIRA - SE COPEL;1993;10;169.1;consistido;Guaira
2454026;GUAIRA - SE COPEL;1993;11;175.9;consistido;Guaira
2454026;GUAIRA - SE COPEL;1993;12;162.5;consistido;Guaira
2454026;GUAIRA - SE COPEL;1994;1;41.8;consistido;Guaira
2454026;GUAIRA - SE COPEL;1994;2;156.7;bruto;Guaira
2454026;GUAIRA - SE COPEL;1994;3;76.0;bruto;Guaira
2454026;GUAIRA - SE COPEL;1994;4;71.6;bruto;Guaira
2454026;GUAIRA - SE COPEL;1994;5;138.8;bruto;Guaira
2454026;GUAIRA - SE COPEL;1994;6;157.3;bruto;Guaira
2454026;GUAIRA - SE COPEL;1994;7;121.3;bruto;Guaira
2454026;GUAIRA - SE COPEL;1994;8;27.2;bruto;Guaira
2454026;GUAIRA - SE COPEL;1994;9;101.2;bruto;Guaira
2454026;GUAIRA - SE COPEL;1994;10;143.8;bruto;Guaira
2454026;GUAIRA - SE COPEL;1994;11;240.0;bruto;Guaira
2454026;GUAIRA - SE COPEL;1994;12;121.4;bruto;Guaira
2454026;GUAIRA - SE COPEL;1995;1;299.3;bruto;Guaira
2454026;GUAIRA - SE COPEL;1995;2;124.4;bruto;Guaira
2454026;GUAIRA - SE COPEL;1995;3;113.7;bruto;Guaira
2454026;GUAIRA - SE COPEL;1995;4;141.6;bruto;Guaira
2454026;GUAIRA - SE COPEL;1995;5;18.3;bruto;Guaira
2454026;GUAIRA - SE COPEL;1995;6;90.2;bruto;Guaira
2454026;GUAIRA - SE COPEL;1995;7;72.5;bruto;Guaira
2454026;GUAIRA - SE COPEL;1995;8;11.5;bruto;Guaira
2454026;GUAIRA - SE COPEL;1995;9;81.7;bruto;Guaira
2454026;GUAIRA - SE COPEL;1995;10;184.0;bruto;Guaira
2454026;GUAIRA - SE COPEL;1995;11;84.8;bruto;Guaira
2454026;GUAIRA - SE COPEL;1995;12;186.4;bruto;Guaira
2454026;GUAIRA - SE COPEL;1996;1;117.9;bruto;Guaira
2454026;GUAIRA - SE COPEL;1996;2;138.2;bruto;Guaira
2454026;GUAIRA - SE COPEL;1996;3;239.5;bruto;Guaira
2454026;GUAIRA - SE COPEL;1996;4;97.2;bruto;Guaira
2454026;GUAIRA - SE COPEL;1996;5;53.0;bruto;Guaira
2454026;GUAIRA - SE COPEL;1996;6;34.2;bruto;Guaira
2454026;GUAIRA - SE COPEL;1996;7;3.7;bruto;Guaira
2454026;GUAIRA - SE COPEL;1996;8;27.5;bruto;Guaira
2454026;GUAIRA - SE COPEL;1996;9;135.5;bruto;Guaira
2454026;GUAIRA - SE COPEL;1996;10;299.0;bruto;Guaira
2454026;GUAIRA - SE COPEL;1996;11;138.1;bruto;Guaira
2454026;GUAIRA - SE COPEL;1996;12;208.1;bruto;Guaira
2454026;GUAIRA - SE COPEL;1997;1;287.5;bruto;Guaira
2454026;GUAIRA - SE COPEL;1997;2;184.3;bruto;Guaira
2454026;GUAIRA - SE COPEL;1997;3;30.3;bruto;Guaira
2454026;GUAIRA - SE COPEL;1997;4;48.3;bruto;Guaira
2454026;GUAIRA - SE COPEL;1997;5;131.6;bruto;Guaira
2454026;GUAIRA - SE COPEL;1997;6;220.7;bruto;Guaira
2454026;GUAIRA - SE COPEL;1997;7;170.7;bruto;Guaira
2454026;GUAIRA - SE COPEL;1997;8;44.3;bruto;Guaira
2454026;GUAIRA - SE COPEL;1997;9;219.9;bruto;Guaira
2454026;GUAIRA - SE COPEL;1997;10;320.1;bruto;Guaira
2454026;GUAIRA - SE COPEL;1997;11;228.9;bruto;Guaira
2454026;GUAIRA - SE COPEL;1997;12;136.4;bruto;Guaira
2454026;GUAIRA - SE COPEL;1998;1;163.0;bruto;Guaira
2454026;GUAIRA - SE COPEL;1998;2;161.5;bruto;Guaira
2454026;GUAIRA - SE COPEL;1998;3;162.6;bruto;Guaira
2454026;GUAIRA - SE COPEL;1998;4;432.0;bruto;Guaira
2454026;GUAIRA - SE COPEL;1998;5;113.8;bruto;Guaira
2454026;GUAIRA - SE COPEL;1998;6;61.0;bruto;Guaira
2454026;GUAIRA - SE COPEL;1998;7;23.0;bruto;Guaira
2454026;GUAIRA - SE COPEL;1998;8;233.4;bruto;Guaira
2454026;GUAIRA - SE COPEL;1998;9;364.7;bruto;Guaira
2454026;GUAIRA - SE COPEL;1998;10;195.8;bruto;Guaira
2454026;GUAIRA - SE COPEL;1998;11;48.5;bruto;Guaira
2454026;GUAIRA - SE COPEL;1998;12;182.3;bruto;Guaira
2454026;GUAIRA - SE COPEL;1999;1;86.9;bruto;Guaira
2454026;GUAIRA - SE COPEL;1999;2;172.2;bruto;Guaira
2454026;GUAIRA - SE COPEL;1999;3;102.9;bruto;Guaira
2454026;GUAIRA - SE COPEL;1999;4;107.8;bruto;Guaira
2454026;GUAIRA - SE COPEL;1999;5;196.8;bruto;Guaira
2454026;GUAIRA - SE COPEL;1999;6;143.9;bruto;Guaira
2454026;GUAIRA - SE COPEL;1999;7;83.1;bruto;Guaira
2454026;GUAIRA - SE COPEL;1999;8;0.0;bruto;Guaira
2454026;GUAIRA - SE COPEL;1999;9;99.9;bruto;Guaira
2454026;GUAIRA - SE COPEL;1999;10;61.8;bruto;Guaira
2454026;GUAIRA - SE COPEL;1999;11;45.2;bruto;Guaira
2454026;GUAIRA - SE COPEL;1999;12;125.7;bruto;Guaira
2454026;GUAIRA - SE COPEL;2000;1;112.0;bruto;Guaira
2454026;GUAIRA - SE COPEL;2000;2;211.6;bruto;Guaira
2454026;GUAIRA - SE COPEL;2000;3;154.1;bruto;Guaira
2454026;GUAIRA - SE COPEL;2000;4;38.0;bruto;Guaira
2454026;GUAIRA - SE COPEL;2000;5;79.1;bruto;Guaira
2454026;GUAIRA - SE COPEL;2000;6;122.4;bruto;Guaira
2454026;GUAIRA - SE COPEL;2000;7;71.2;bruto;Guaira
2454026;GUAIRA - SE COPEL;2000;8;173.8;bruto;Guaira
2454026;GUAIRA - SE COPEL;2000;9;;sem_leitura;Guaira
2454026;GUAIRA - SE COPEL;2000;10;;sem_leitura;Guaira
2454026;GUAIRA - SE COPEL;2000;11;;sem_leitura;Guaira
2454026;GUAIRA - SE COPEL;2000;12;;sem_leitura;Guaira
2552000;QUEDAS IGUACU (CAMPO ;1986;1;267.2;bruto;Quedas do Iguaçu
2552000;QUEDAS IGUACU (CAMPO ;1986;2;267.7;bruto;Quedas do Iguaçu
2552000;QUEDAS IGUACU (CAMPO ;1986;3;127.0;bruto;Quedas do Iguaçu
2552000;QUEDAS IGUACU (CAMPO ;1986;4;244.1;bruto;Quedas do Iguaçu
2552000;QUEDAS IGUACU (CAMPO ;1986;5;269.1;bruto;Quedas do Iguaçu
2552000;QUEDAS IGUACU (CAMPO ;1986;6;17.2;bruto;Quedas do Iguaçu
2552000;QUEDAS IGUACU (CAMPO ;1986;7;60.9;bruto;Quedas do Iguaçu
2552000;QUEDAS IGUACU (CAMPO ;1986;8;124.7;bruto;Quedas do Iguaçu
2552000;QUEDAS IGUACU (CAMPO ;1986;9;203.7;bruto;Quedas do Iguaçu
2552000;QUEDAS IGUACU (CAMPO ;1986;10;133.4;bruto;Quedas do Iguaçu
2552000;QUEDAS IGUACU (CAMPO ;1986;11;172.0;bruto;Quedas do Iguaçu
2552000;QUEDAS IGUACU (CAMPO ;1986;12;191.7;bruto;Quedas do Iguaçu
2552000;QUEDAS IGUACU (CAMPO ;1987;1;111.4;bruto;Quedas do Iguaçu
2552000;QUEDAS IGUACU (CAMPO ;1987;2;291.7;bruto;Quedas do Iguaçu
2552000;QUEDAS IGUACU (CAMPO ;1987;3;80.1;bruto;Quedas do Iguaçu
2552000;QUEDAS IGUACU (CAMPO ;1987;4;222.8;bruto;Quedas do Iguaçu
2552000;QUEDAS IGUACU (CAMPO ;1987;5;355.0;bruto;Quedas do Iguaçu
2552000;QUEDAS IGUACU (CAMPO ;1987;6;216.9;bruto;Quedas do Iguaçu
2552000;QUEDAS IGUACU (CAMPO ;1987;7;162.8;bruto;Quedas do Iguaçu
2552000;QUEDAS IGUACU (CAMPO ;1987;8;63.7;bruto;Quedas do Iguaçu
2552000;QUEDAS IGUACU (CAMPO ;1987;9;36.7;bruto;Quedas do Iguaçu
2552000;QUEDAS IGUACU (CAMPO ;1987;10;202.7;bruto;Quedas do Iguaçu
2552000;QUEDAS IGUACU (CAMPO ;1987;11;193.4;bruto;Quedas do Iguaçu
2552000;QUEDAS IGUACU (CAMPO ;1987;12;152.5;bruto;Quedas do Iguaçu
2552000;QUEDAS IGUACU (CAMPO ;1988;1;306.3;bruto;Quedas do Iguaçu
2552000;QUEDAS IGUACU (CAMPO ;1988;2;106.4;bruto;Quedas do Iguaçu
2552000;QUEDAS IGUACU (CAMPO ;1988;3;108.2;bruto;Quedas do Iguaçu
2552000;QUEDAS IGUACU (CAMPO ;1988;4;180.9;bruto;Quedas do Iguaçu
2552000;QUEDAS IGUACU (CAMPO ;1988;5;259.8;bruto;Quedas do Iguaçu
2552000;QUEDAS IGUACU (CAMPO ;1988;6;120.8;bruto;Quedas do Iguaçu
2552000;QUEDAS IGUACU (CAMPO ;1988;7;12.8;bruto;Quedas do Iguaçu
2552000;QUEDAS IGUACU (CAMPO ;1988;8;13.5;bruto;Quedas do Iguaçu
2552000;QUEDAS IGUACU (CAMPO ;1988;9;16.7;bruto;Quedas do Iguaçu
2552000;QUEDAS IGUACU (CAMPO ;1988;10;205.2;bruto;Quedas do Iguaçu
2552000;QUEDAS IGUACU (CAMPO ;1988;11;57.9;bruto;Quedas do Iguaçu
2552000;QUEDAS IGUACU (CAMPO ;1988;12;177.4;bruto;Quedas do Iguaçu
2552000;QUEDAS IGUACU (CAMPO ;1989;1;251.7;bruto;Quedas do Iguaçu
2552000;QUEDAS IGUACU (CAMPO ;1989;2;272.8;bruto;Quedas do Iguaçu
2552000;QUEDAS IGUACU (CAMPO ;1989;3;182.6;bruto;Quedas do Iguaçu
2552000;QUEDAS IGUACU (CAMPO ;1989;4;112.2;bruto;Quedas do Iguaçu
2552000;QUEDAS IGUACU (CAMPO ;1989;5;72.7;bruto;Quedas do Iguaçu
2552000;QUEDAS IGUACU (CAMPO ;1989;6;97.6;bruto;Quedas do Iguaçu
2552000;QUEDAS IGUACU (CAMPO ;1989;7;196.5;bruto;Quedas do Iguaçu
2552000;QUEDAS IGUACU (CAMPO ;1989;8;191.0;bruto;Quedas do Iguaçu
2552000;QUEDAS IGUACU (CAMPO ;1989;9;304.9;bruto;Quedas do Iguaçu
2552000;QUEDAS IGUACU (CAMPO ;1989;10;259.0;bruto;Quedas do Iguaçu
2552000;QUEDAS IGUACU (CAMPO ;1989;11;130.5;bruto;Quedas do Iguaçu
2552000;QUEDAS IGUACU (CAMPO ;1989;12;76.9;bruto;Quedas do Iguaçu
2552000;QUEDAS IGUACU (CAMPO ;1990;1;416.9;bruto;Quedas do Iguaçu
2552000;QUEDAS IGUACU (CAMPO ;1990;2;71.0;bruto;Quedas do Iguaçu
2552000;QUEDAS IGUACU (CAMPO ;1990;3;126.4;bruto;Quedas do Iguaçu
2552000;QUEDAS IGUACU (CAMPO ;1990;4;218.3;bruto;Quedas do Iguaçu
2552000;QUEDAS IGUACU (CAMPO ;1990;5;146.5;bruto;Quedas do Iguaçu
2552000;QUEDAS IGUACU (CAMPO ;1990;6;155.3;bruto;Quedas do Iguaçu
2552000;QUEDAS IGUACU (CAMPO ;1990;7;215.4;bruto;Quedas do Iguaçu
2552000;QUEDAS IGUACU (CAMPO ;1990;8;246.2;bruto;Quedas do Iguaçu
2552000;QUEDAS IGUACU (CAMPO ;1990;9;291.2;bruto;Quedas do Iguaçu
2552000;QUEDAS IGUACU (CAMPO ;1990;10;200.5;bruto;Quedas do Iguaçu
2552000;QUEDAS IGUACU (CAMPO ;1990;11;241.5;bruto;Quedas do Iguaçu
2552000;QUEDAS IGUACU (CAMPO ;1990;12;162.7;bruto;Quedas do Iguaçu
2552000;QUEDAS IGUACU (CAMPO ;1991;1;106.5;bruto;Quedas do Iguaçu
2552000;QUEDAS IGUACU (CAMPO ;1991;2;33.7;bruto;Quedas do Iguaçu
2552000;QUEDAS IGUACU (CAMPO ;1991;3;154.9;bruto;Quedas do Iguaçu
2552000;QUEDAS IGUACU (CAMPO ;1991;4;168.8;bruto;Quedas do Iguaçu
2552000;QUEDAS IGUACU (CAMPO ;1991;5;40.1;bruto;Quedas do Iguaçu
2552000;QUEDAS IGUACU (CAMPO ;1991;6;219.7;bruto;Quedas do Iguaçu
2552000;QUEDAS IGUACU (CAMPO ;1991;7;56.1;bruto;Quedas do Iguaçu
2552000;QUEDAS IGUACU (CAMPO ;1991;8;49.8;bruto;Quedas do Iguaçu
2552000;QUEDAS IGUACU (CAMPO ;1991;9;71.6;bruto;Quedas do Iguaçu
2552000;QUEDAS IGUACU (CAMPO ;1991;10;179.2;bruto;Quedas do Iguaçu
2552000;QUEDAS IGUACU (CAMPO ;1991;11;123.2;bruto;Quedas do Iguaçu
2552000;QUEDAS IGUACU (CAMPO ;1991;12;262.1;bruto;Quedas do Iguaçu
2552000;QUEDAS IGUACU (CAMPO ;1992;1;139.9;bruto;Quedas do Iguaçu
2552000;QUEDAS IGUACU (CAMPO ;1992;2;230.7;bruto;Quedas do Iguaçu
2552000;QUEDAS IGUACU (CAMPO ;1992;3;164.6;bruto;Quedas do Iguaçu
2552000;QUEDAS IGUACU (CAMPO ;1992;4;168.3;bruto;Quedas do Iguaçu
2552000;QUEDAS IGUACU (CAMPO ;1992;5;609.0;bruto;Quedas do Iguaçu
2552000;QUEDAS IGUACU (CAMPO ;1992;6;141.2;bruto;Quedas do Iguaçu
2552000;QUEDAS IGUACU (CAMPO ;1992;7;160.7;bruto;Quedas do Iguaçu
2552000;QUEDAS IGUACU (CAMPO ;1992;8;172.0;bruto;Quedas do Iguaçu
2552000;QUEDAS IGUACU (CAMPO ;1992;9;135.6;bruto;Quedas do Iguaçu
2552000;QUEDAS IGUACU (CAMPO ;1992;10;179.4;bruto;Quedas do Iguaçu
2552000;QUEDAS IGUACU (CAMPO ;1992;11;151.8;bruto;Quedas do Iguaçu
2552000;QUEDAS IGUACU (CAMPO ;1992;12;60.4;bruto;Quedas do Iguaçu
2552000;QUEDAS IGUACU (CAMPO ;1993;1;261.3;bruto;Quedas do Iguaçu
2552000;QUEDAS IGUACU (CAMPO ;1993;2;38.8;bruto;Quedas do Iguaçu
2552000;QUEDAS IGUACU (CAMPO ;1993;3;109.5;bruto;Quedas do Iguaçu
2552000;QUEDAS IGUACU (CAMPO ;1993;4;191.2;bruto;Quedas do Iguaçu
2552000;QUEDAS IGUACU (CAMPO ;1993;5;368.4;bruto;Quedas do Iguaçu
2552000;QUEDAS IGUACU (CAMPO ;1993;6;76.2;bruto;Quedas do Iguaçu
2552000;QUEDAS IGUACU (CAMPO ;1993;7;141.6;bruto;Quedas do Iguaçu
2552000;QUEDAS IGUACU (CAMPO ;1993;8;14.9;bruto;Quedas do Iguaçu
2552000;QUEDAS IGUACU (CAMPO ;1993;9;367.0;bruto;Quedas do Iguaçu
2552000;QUEDAS IGUACU (CAMPO ;1993;10;243.2;bruto;Quedas do Iguaçu
2552000;QUEDAS IGUACU (CAMPO ;1993;11;104.0;bruto;Quedas do Iguaçu
2552000;QUEDAS IGUACU (CAMPO ;1993;12;249.8;bruto;Quedas do Iguaçu
2552000;QUEDAS IGUACU (CAMPO ;1994;1;72.2;bruto;Quedas do Iguaçu
2552000;QUEDAS IGUACU (CAMPO ;1994;2;179.1;bruto;Quedas do Iguaçu
2552000;QUEDAS IGUACU (CAMPO ;1994;3;132.6;bruto;Quedas do Iguaçu
2552000;QUEDAS IGUACU (CAMPO ;1994;4;118.5;bruto;Quedas do Iguaçu
2552000;QUEDAS IGUACU (CAMPO ;1994;5;177.4;bruto;Quedas do Iguaçu
2552000;QUEDAS IGUACU (CAMPO ;1994;6;269.5;bruto;Quedas do Iguaçu
2552000;QUEDAS IGUACU (CAMPO ;1994;7;117.6;bruto;Quedas do Iguaçu
2552000;QUEDAS IGUACU (CAMPO ;1994;8;19.0;bruto;Quedas do Iguaçu
2552000;QUEDAS IGUACU (CAMPO ;1994;9;98.1;bruto;Quedas do Iguaçu
2552000;QUEDAS IGUACU (CAMPO ;1994;10;222.2;bruto;Quedas do Iguaçu
2552000;QUEDAS IGUACU (CAMPO ;1994;11;172.1;bruto;Quedas do Iguaçu
2552000;QUEDAS IGUACU (CAMPO ;1994;12;232.6;bruto;Quedas do Iguaçu
2552000;QUEDAS IGUACU (CAMPO ;1995;1;411.4;bruto;Quedas do Iguaçu
2552000;QUEDAS IGUACU (CAMPO ;1995;2;120.6;bruto;Quedas do Iguaçu
2552000;QUEDAS IGUACU (CAMPO ;1995;3;167.9;bruto;Quedas do Iguaçu
2552000;QUEDAS IGUACU (CAMPO ;1995;4;139.1;bruto;Quedas do Iguaçu
2552000;QUEDAS IGUACU (CAMPO ;1995;5;15.1;bruto;Quedas do Iguaçu
2552000;QUEDAS IGUACU (CAMPO ;1995;6;100.6;bruto;Quedas do Iguaçu
2552000;QUEDAS IGUACU (CAMPO ;1995;7;98.6;bruto;Quedas do Iguaçu
2552000;QUEDAS IGUACU (CAMPO ;1995;8;10.0;bruto;Quedas do Iguaçu
2552000;QUEDAS IGUACU (CAMPO ;1995;9;131.9;bruto;Quedas do Iguaçu
2552000;QUEDAS IGUACU (CAMPO ;1995;10;199.0;bruto;Quedas do Iguaçu
2552000;QUEDAS IGUACU (CAMPO ;1995;11;139.1;bruto;Quedas do Iguaçu
2552000;QUEDAS IGUACU (CAMPO ;1995;12;206.8;bruto;Quedas do Iguaçu
2552000;QUEDAS IGUACU (CAMPO ;1996;1;267.0;bruto;Quedas do Iguaçu
2552000;QUEDAS IGUACU (CAMPO ;1996;2;247.1;bruto;Quedas do Iguaçu
2552000;QUEDAS IGUACU (CAMPO ;1996;3;202.2;bruto;Quedas do Iguaçu
2552000;QUEDAS IGUACU (CAMPO ;1996;4;72.2;bruto;Quedas do Iguaçu
2552000;QUEDAS IGUACU (CAMPO ;1996;5;21.5;bruto;Quedas do Iguaçu
2552000;QUEDAS IGUACU (CAMPO ;1996;6;115.7;bruto;Quedas do Iguaçu
2552000;QUEDAS IGUACU (CAMPO ;1996;7;69.8;bruto;Quedas do Iguaçu
2552000;QUEDAS IGUACU (CAMPO ;1996;8;35.2;bruto;Quedas do Iguaçu
2552000;QUEDAS IGUACU (CAMPO ;1996;9;208.4;bruto;Quedas do Iguaçu
2552000;QUEDAS IGUACU (CAMPO ;1996;10;554.8;bruto;Quedas do Iguaçu
2552000;QUEDAS IGUACU (CAMPO ;1996;11;135.5;bruto;Quedas do Iguaçu
2552000;QUEDAS IGUACU (CAMPO ;1996;12;221.0;bruto;Quedas do Iguaçu
2552000;QUEDAS IGUACU (CAMPO ;1997;1;231.8;bruto;Quedas do Iguaçu
2552000;QUEDAS IGUACU (CAMPO ;1997;2;194.1;bruto;Quedas do Iguaçu
2552000;QUEDAS IGUACU (CAMPO ;1997;3;16.8;bruto;Quedas do Iguaçu
2552000;QUEDAS IGUACU (CAMPO ;1997;4;78.1;bruto;Quedas do Iguaçu
2552000;QUEDAS IGUACU (CAMPO ;1997;5;229.7;bruto;Quedas do Iguaçu
2552000;QUEDAS IGUACU (CAMPO ;1997;6;201.3;bruto;Quedas do Iguaçu
2552000;QUEDAS IGUACU (CAMPO ;1997;7;68.0;bruto;Quedas do Iguaçu
2552000;QUEDAS IGUACU (CAMPO ;1997;8;214.9;bruto;Quedas do Iguaçu
2552000;QUEDAS IGUACU (CAMPO ;1997;9;232.6;bruto;Quedas do Iguaçu
2552000;QUEDAS IGUACU (CAMPO ;1997;10;423.1;bruto;Quedas do Iguaçu
2552000;QUEDAS IGUACU (CAMPO ;1997;11;352.2;bruto;Quedas do Iguaçu
2552000;QUEDAS IGUACU (CAMPO ;1997;12;158.5;bruto;Quedas do Iguaçu
2552000;QUEDAS IGUACU (CAMPO ;1998;1;189.6;bruto;Quedas do Iguaçu
2552000;QUEDAS IGUACU (CAMPO ;1998;2;255.8;bruto;Quedas do Iguaçu
2552000;QUEDAS IGUACU (CAMPO ;1998;3;267.3;bruto;Quedas do Iguaçu
2552000;QUEDAS IGUACU (CAMPO ;1998;4;427.9;bruto;Quedas do Iguaçu
2552000;QUEDAS IGUACU (CAMPO ;1998;5;186.1;bruto;Quedas do Iguaçu
2552000;QUEDAS IGUACU (CAMPO ;1998;6;74.3;bruto;Quedas do Iguaçu
2552000;QUEDAS IGUACU (CAMPO ;1998;7;106.3;bruto;Quedas do Iguaçu
2552000;QUEDAS IGUACU (CAMPO ;1998;8;241.4;bruto;Quedas do Iguaçu
2552000;QUEDAS IGUACU (CAMPO ;1998;9;304.6;bruto;Quedas do Iguaçu
2552000;QUEDAS IGUACU (CAMPO ;1998;10;345.5;bruto;Quedas do Iguaçu
2552000;QUEDAS IGUACU (CAMPO ;1998;11;87.1;bruto;Quedas do Iguaçu
2552000;QUEDAS IGUACU (CAMPO ;1998;12;250.6;bruto;Quedas do Iguaçu
2552000;QUEDAS IGUACU (CAMPO ;1999;1;216.6;bruto;Quedas do Iguaçu
2552000;QUEDAS IGUACU (CAMPO ;1999;2;230.7;bruto;Quedas do Iguaçu
2552000;QUEDAS IGUACU (CAMPO ;1999;3;60.2;bruto;Quedas do Iguaçu
2552000;QUEDAS IGUACU (CAMPO ;1999;4;139.7;bruto;Quedas do Iguaçu
2552000;QUEDAS IGUACU (CAMPO ;1999;5;156.1;bruto;Quedas do Iguaçu
2552000;QUEDAS IGUACU (CAMPO ;1999;6;246.2;bruto;Quedas do Iguaçu
2552000;QUEDAS IGUACU (CAMPO ;1999;7;81.1;bruto;Quedas do Iguaçu
2552000;QUEDAS IGUACU (CAMPO ;1999;8;3.1;bruto;Quedas do Iguaçu
2552000;QUEDAS IGUACU (CAMPO ;1999;9;186.3;bruto;Quedas do Iguaçu
2552000;QUEDAS IGUACU (CAMPO ;1999;10;69.0;bruto;Quedas do Iguaçu
2552000;QUEDAS IGUACU (CAMPO ;1999;11;41.1;bruto;Quedas do Iguaçu
2552000;QUEDAS IGUACU (CAMPO ;1999;12;223.3;bruto;Quedas do Iguaçu
2552000;QUEDAS IGUACU (CAMPO ;2000;1;230.5;bruto;Quedas do Iguaçu
2552000;QUEDAS IGUACU (CAMPO ;2000;2;267.0;bruto;Quedas do Iguaçu
2552000;QUEDAS IGUACU (CAMPO ;2000;3;59.2;bruto;Quedas do Iguaçu
2552000;QUEDAS IGUACU (CAMPO ;2000;4;123.1;bruto;Quedas do Iguaçu
2552000;QUEDAS IGUACU (CAMPO ;2000;5;160.1;bruto;Quedas do Iguaçu
2552000;QUEDAS IGUACU (CAMPO ;2000;6;135.8;bruto;Quedas do Iguaçu
2552000;QUEDAS IGUACU (CAMPO ;2000;7;117.1;bruto;Quedas do Iguaçu
2552000;QUEDAS IGUACU (CAMPO ;2000;8;100.6;bruto;Quedas do Iguaçu
2552000;QUEDAS IGUACU (CAMPO ;2000;9;298.1;bruto;Quedas do Iguaçu
2552000;QUEDAS IGUACU (CAMPO ;2000;10;237.3;bruto;Quedas do Iguaçu
2552000;QUEDAS IGUACU (CAMPO ;2000;11;77.1;bruto;Quedas do Iguaçu
2552000;QUEDAS IGUACU (CAMPO ;2000;12;167.2;bruto;Quedas do Iguaçu
2552000;QUEDAS IGUACU (CAMPO ;2001;1;186.8;bruto;Quedas do Iguaçu
2552000;QUEDAS IGUACU (CAMPO ;2001;2;312.2;bruto;Quedas do Iguaçu
2552000;QUEDAS IGUACU (CAMPO ;2001;3;93.3;bruto;Quedas do Iguaçu
2552000;QUEDAS IGUACU (CAMPO ;2001;4;178.6;bruto;Quedas do Iguaçu
2552000;QUEDAS IGUACU (CAMPO ;2001;5;106.8;bruto;Quedas do Iguaçu
2552000;QUEDAS IGUACU (CAMPO ;2001;6;144.3;bruto;Quedas do Iguaçu
2552000;QUEDAS IGUACU (CAMPO ;2001;7;129.2;bruto;Quedas do Iguaçu
2552000;QUEDAS IGUACU (CAMPO ;2001;8;52.7;bruto;Quedas do Iguaçu
2552000;QUEDAS IGUACU (CAMPO ;2001;9;110.5;bruto;Quedas do Iguaçu
2552000;QUEDAS IGUACU (CAMPO ;2001;10;234.7;bruto;Quedas do Iguaçu
2552000;QUEDAS IGUACU (CAMPO ;2001;11;205.0;bruto;Quedas do Iguaçu
2552000;QUEDAS IGUACU (CAMPO ;2001;12;201.3;bruto;Quedas do Iguaçu
2552000;QUEDAS IGUACU (CAMPO ;2002;1;307.1;bruto;Quedas do Iguaçu
2552000;QUEDAS IGUACU (CAMPO ;2002;2;38.3;bruto;Quedas do Iguaçu
2552000;QUEDAS IGUACU (CAMPO ;2002;3;130.2;bruto;Quedas do Iguaçu
2552000;QUEDAS IGUACU (CAMPO ;2002;4;93.3;bruto;Quedas do Iguaçu
2552000;QUEDAS IGUACU (CAMPO ;2002;5;373.2;bruto;Quedas do Iguaçu
2552000;QUEDAS IGUACU (CAMPO ;2002;6;26.5;bruto;Quedas do Iguaçu
2552000;QUEDAS IGUACU (CAMPO ;2002;7;54.0;bruto;Quedas do Iguaçu
2552000;QUEDAS IGUACU (CAMPO ;2002;8;118.2;bruto;Quedas do Iguaçu
2552000;QUEDAS IGUACU (CAMPO ;2002;9;197.4;bruto;Quedas do Iguaçu
2552000;QUEDAS IGUACU (CAMPO ;2002;10;327.8;bruto;Quedas do Iguaçu
2552000;QUEDAS IGUACU (CAMPO ;2002;11;375.8;bruto;Quedas do Iguaçu
2552000;QUEDAS IGUACU (CAMPO ;2002;12;149.7;bruto;Quedas do Iguaçu
2552000;QUEDAS IGUACU (CAMPO ;2003;1;202.5;bruto;Quedas do Iguaçu
2552000;QUEDAS IGUACU (CAMPO ;2003;2;296.9;bruto;Quedas do Iguaçu
2552000;QUEDAS IGUACU (CAMPO ;2003;3;135.7;bruto;Quedas do Iguaçu
2552000;QUEDAS IGUACU (CAMPO ;2003;4;88.9;bruto;Quedas do Iguaçu
2552000;QUEDAS IGUACU (CAMPO ;2003;5;29.3;bruto;Quedas do Iguaçu
2552000;QUEDAS IGUACU (CAMPO ;2003;6;116.9;bruto;Quedas do Iguaçu
2552000;QUEDAS IGUACU (CAMPO ;2003;7;101.1;bruto;Quedas do Iguaçu
2552000;QUEDAS IGUACU (CAMPO ;2003;8;40.8;bruto;Quedas do Iguaçu
2552000;QUEDAS IGUACU (CAMPO ;2003;9;118.6;bruto;Quedas do Iguaçu
2552000;QUEDAS IGUACU (CAMPO ;2003;10;211.7;bruto;Quedas do Iguaçu
2552000;QUEDAS IGUACU (CAMPO ;2003;11;224.1;bruto;Quedas do Iguaçu
2552000;QUEDAS IGUACU (CAMPO ;2003;12;257.3;bruto;Quedas do Iguaçu
2552000;QUEDAS IGUACU (CAMPO ;2004;1;142.5;bruto;Quedas do Iguaçu
2552000;QUEDAS IGUACU (CAMPO ;2004;2;69.9;bruto;Quedas do Iguaçu
2552000;QUEDAS IGUACU (CAMPO ;2004;3;69.2;bruto;Quedas do Iguaçu
2552000;QUEDAS IGUACU (CAMPO ;2004;4;94.5;bruto;Quedas do Iguaçu
2552000;QUEDAS IGUACU (CAMPO ;2004;5;362.3;bruto;Quedas do Iguaçu
2552000;QUEDAS IGUACU (CAMPO ;2004;6;72.7;bruto;Quedas do Iguaçu
2552000;QUEDAS IGUACU (CAMPO ;2004;7;223.7;bruto;Quedas do Iguaçu
2552000;QUEDAS IGUACU (CAMPO ;2004;8;30.9;bruto;Quedas do Iguaçu
2552000;QUEDAS IGUACU (CAMPO ;2004;9;98.0;bruto;Quedas do Iguaçu
2552000;QUEDAS IGUACU (CAMPO ;2004;10;392.6;bruto;Quedas do Iguaçu
2552000;QUEDAS IGUACU (CAMPO ;2004;11;196.9;bruto;Quedas do Iguaçu
2552000;QUEDAS IGUACU (CAMPO ;2004;12;86.4;bruto;Quedas do Iguaçu
2552000;QUEDAS IGUACU (CAMPO ;2005;1;143.2;bruto;Quedas do Iguaçu
2552000;QUEDAS IGUACU (CAMPO ;2005;2;12.3;bruto;Quedas do Iguaçu
2552000;QUEDAS IGUACU (CAMPO ;2005;3;69.7;bruto;Quedas do Iguaçu
2552000;QUEDAS IGUACU (CAMPO ;2005;4;118.5;bruto;Quedas do Iguaçu
2552000;QUEDAS IGUACU (CAMPO ;2005;5;193.8;bruto;Quedas do Iguaçu
2552000;QUEDAS IGUACU (CAMPO ;2005;6;216.6;bruto;Quedas do Iguaçu
2552000;QUEDAS IGUACU (CAMPO ;2005;7;82.9;bruto;Quedas do Iguaçu
2552000;QUEDAS IGUACU (CAMPO ;2005;8;114.0;bruto;Quedas do Iguaçu
2552000;QUEDAS IGUACU (CAMPO ;2005;9;218.7;bruto;Quedas do Iguaçu
2552000;QUEDAS IGUACU (CAMPO ;2005;10;520.1;bruto;Quedas do Iguaçu
2552000;QUEDAS IGUACU (CAMPO ;2005;11;51.0;bruto;Quedas do Iguaçu
2552000;QUEDAS IGUACU (CAMPO ;2005;12;66.9;bruto;Quedas do Iguaçu
2552000;QUEDAS IGUACU (CAMPO ;2006;1;341.7;bruto;Quedas do Iguaçu
2552000;QUEDAS IGUACU (CAMPO ;2006;2;29.9;bruto;Quedas do Iguaçu
2552000;QUEDAS IGUACU (CAMPO ;2006;3;128.4;bruto;Quedas do Iguaçu
2552000;QUEDAS IGUACU (CAMPO ;2006;4;74.3;bruto;Quedas do Iguaçu
2552000;QUEDAS IGUACU (CAMPO ;2006;5;7.5;bruto;Quedas do Iguaçu
2552000;QUEDAS IGUACU (CAMPO ;2006;6;73.4;bruto;Quedas do Iguaçu
2552000;QUEDAS IGUACU (CAMPO ;2006;7;64.2;bruto;Quedas do Iguaçu
2552000;QUEDAS IGUACU (CAMPO ;2006;8;98.3;bruto;Quedas do Iguaçu
2552000;QUEDAS IGUACU (CAMPO ;2006;9;195.4;bruto;Quedas do Iguaçu
2552000;QUEDAS IGUACU (CAMPO ;2006;10;191.1;bruto;Quedas do Iguaçu
2552000;QUEDAS IGUACU (CAMPO ;2006;11;204.4;bruto;Quedas do Iguaçu
2552000;QUEDAS IGUACU (CAMPO ;2006;12;240.7;bruto;Quedas do Iguaçu
2552000;QUEDAS IGUACU (CAMPO ;2007;1;268.8;bruto;Quedas do Iguaçu
2552000;QUEDAS IGUACU (CAMPO ;2007;2;79.0;bruto;Quedas do Iguaçu
2552000;QUEDAS IGUACU (CAMPO ;2007;3;52.7;bruto;Quedas do Iguaçu
2552000;QUEDAS IGUACU (CAMPO ;2007;4;253.8;bruto;Quedas do Iguaçu
2552000;QUEDAS IGUACU (CAMPO ;2007;5;210.8;bruto;Quedas do Iguaçu
2552000;QUEDAS IGUACU (CAMPO ;2007;6;30.0;bruto;Quedas do Iguaçu
2552000;QUEDAS IGUACU (CAMPO ;2007;7;38.5;bruto;Quedas do Iguaçu
2552000;QUEDAS IGUACU (CAMPO ;2007;8;13.7;bruto;Quedas do Iguaçu
2552000;QUEDAS IGUACU (CAMPO ;2007;9;9.6;bruto;Quedas do Iguaçu
2552000;QUEDAS IGUACU (CAMPO ;2007;10;211.2;bruto;Quedas do Iguaçu
2552000;QUEDAS IGUACU (CAMPO ;2007;11;209.8;bruto;Quedas do Iguaçu
2552000;QUEDAS IGUACU (CAMPO ;2007;12;233.5;bruto;Quedas do Iguaçu
2552000;QUEDAS IGUACU (CAMPO ;2008;1;86.8;bruto;Quedas do Iguaçu
2552000;QUEDAS IGUACU (CAMPO ;2008;2;82.8;bruto;Quedas do Iguaçu
2552000;QUEDAS IGUACU (CAMPO ;2008;3;101.8;bruto;Quedas do Iguaçu
2552000;QUEDAS IGUACU (CAMPO ;2008;4;236.3;bruto;Quedas do Iguaçu
2552000;QUEDAS IGUACU (CAMPO ;2008;5;46.5;bruto;Quedas do Iguaçu
2552000;QUEDAS IGUACU (CAMPO ;2008;6;213.6;bruto;Quedas do Iguaçu
2552000;QUEDAS IGUACU (CAMPO ;2008;7;72.9;bruto;Quedas do Iguaçu
2552000;QUEDAS IGUACU (CAMPO ;2008;8;162.8;bruto;Quedas do Iguaçu
2552000;QUEDAS IGUACU (CAMPO ;2008;9;92.5;bruto;Quedas do Iguaçu
2552000;QUEDAS IGUACU (CAMPO ;2008;10;306.7;bruto;Quedas do Iguaçu
2552000;QUEDAS IGUACU (CAMPO ;2008;11;109.3;bruto;Quedas do Iguaçu
2552000;QUEDAS IGUACU (CAMPO ;2008;12;67.0;bruto;Quedas do Iguaçu
2552000;QUEDAS IGUACU (CAMPO ;2009;1;163.1;bruto;Quedas do Iguaçu
2552000;QUEDAS IGUACU (CAMPO ;2009;2;145.8;bruto;Quedas do Iguaçu
2552000;QUEDAS IGUACU (CAMPO ;2009;3;107.6;bruto;Quedas do Iguaçu
2552000;QUEDAS IGUACU (CAMPO ;2009;4;91.3;bruto;Quedas do Iguaçu
2552000;QUEDAS IGUACU (CAMPO ;2009;5;267.1;bruto;Quedas do Iguaçu
2552000;QUEDAS IGUACU (CAMPO ;2009;6;119.4;bruto;Quedas do Iguaçu
2552000;QUEDAS IGUACU (CAMPO ;2009;7;169.0;bruto;Quedas do Iguaçu
2552000;QUEDAS IGUACU (CAMPO ;2009;8;178.7;bruto;Quedas do Iguaçu
2552000;QUEDAS IGUACU (CAMPO ;2009;9;187.2;bruto;Quedas do Iguaçu
2552000;QUEDAS IGUACU (CAMPO ;2009;10;256.4;bruto;Quedas do Iguaçu
2552000;QUEDAS IGUACU (CAMPO ;2009;11;267.3;bruto;Quedas do Iguaçu
2552000;QUEDAS IGUACU (CAMPO ;2009;12;250.3;bruto;Quedas do Iguaçu
2552000;QUEDAS IGUACU (CAMPO ;2010;1;203.5;bruto;Quedas do Iguaçu
2552000;QUEDAS IGUACU (CAMPO ;2010;2;201.3;bruto;Quedas do Iguaçu
2552000;QUEDAS IGUACU (CAMPO ;2010;3;179.8;bruto;Quedas do Iguaçu
2552000;QUEDAS IGUACU (CAMPO ;2010;4;249.0;bruto;Quedas do Iguaçu
2552000;QUEDAS IGUACU (CAMPO ;2010;5;80.3;bruto;Quedas do Iguaçu
2552000;QUEDAS IGUACU (CAMPO ;2010;6;47.4;bruto;Quedas do Iguaçu
2552000;QUEDAS IGUACU (CAMPO ;2010;7;105.5;bruto;Quedas do Iguaçu
2552000;QUEDAS IGUACU (CAMPO ;2010;8;22.8;bruto;Quedas do Iguaçu
2552000;QUEDAS IGUACU (CAMPO ;2010;9;51.4;bruto;Quedas do Iguaçu
2552000;QUEDAS IGUACU (CAMPO ;2010;10;181.9;bruto;Quedas do Iguaçu
2552000;QUEDAS IGUACU (CAMPO ;2010;11;85.2;bruto;Quedas do Iguaçu
2552000;QUEDAS IGUACU (CAMPO ;2010;12;281.3;bruto;Quedas do Iguaçu
2552000;QUEDAS IGUACU (CAMPO ;2011;1;265.0;bruto;Quedas do Iguaçu
2552000;QUEDAS IGUACU (CAMPO ;2011;2;231.2;bruto;Quedas do Iguaçu
2552000;QUEDAS IGUACU (CAMPO ;2011;3;53.2;bruto;Quedas do Iguaçu
2552000;QUEDAS IGUACU (CAMPO ;2011;4;74.2;bruto;Quedas do Iguaçu
2552000;QUEDAS IGUACU (CAMPO ;2011;5;5.1;bruto;Quedas do Iguaçu
2552000;QUEDAS IGUACU (CAMPO ;2011;6;146.5;bruto;Quedas do Iguaçu
2552000;QUEDAS IGUACU (CAMPO ;2011;7;238.9;bruto;Quedas do Iguaçu
2552000;QUEDAS IGUACU (CAMPO ;2011;8;234.8;bruto;Quedas do Iguaçu
2552000;QUEDAS IGUACU (CAMPO ;2011;9;106.4;bruto;Quedas do Iguaçu
2552000;QUEDAS IGUACU (CAMPO ;2011;10;246.6;bruto;Quedas do Iguaçu
2552000;QUEDAS IGUACU (CAMPO ;2011;11;155.5;bruto;Quedas do Iguaçu
2552000;QUEDAS IGUACU (CAMPO ;2011;12;92.1;bruto;Quedas do Iguaçu
2552000;QUEDAS IGUACU (CAMPO ;2012;1;176.3;bruto;Quedas do Iguaçu
2552000;QUEDAS IGUACU (CAMPO ;2012;2;158.0;bruto;Quedas do Iguaçu
2552000;QUEDAS IGUACU (CAMPO ;2012;3;27.7;bruto;Quedas do Iguaçu
2552000;QUEDAS IGUACU (CAMPO ;2012;4;288.2;bruto;Quedas do Iguaçu
2552000;QUEDAS IGUACU (CAMPO ;2012;5;92.4;bruto;Quedas do Iguaçu
2552000;QUEDAS IGUACU (CAMPO ;2012;6;243.2;bruto;Quedas do Iguaçu
2552000;QUEDAS IGUACU (CAMPO ;2012;7;105.4;bruto;Quedas do Iguaçu
2552000;QUEDAS IGUACU (CAMPO ;2012;8;0.0;bruto;Quedas do Iguaçu
2552000;QUEDAS IGUACU (CAMPO ;2012;9;60.1;bruto;Quedas do Iguaçu
2552000;QUEDAS IGUACU (CAMPO ;2012;10;197.5;bruto;Quedas do Iguaçu
2552000;QUEDAS IGUACU (CAMPO ;2012;11;28.5;bruto;Quedas do Iguaçu
2552000;QUEDAS IGUACU (CAMPO ;2012;12;262.9;bruto;Quedas do Iguaçu
2552000;QUEDAS IGUACU (CAMPO ;2013;1;179.2;bruto;Quedas do Iguaçu
2552000;QUEDAS IGUACU (CAMPO ;2013;2;256.6;bruto;Quedas do Iguaçu
2552000;QUEDAS IGUACU (CAMPO ;2013;3;296.4;bruto;Quedas do Iguaçu
2552000;QUEDAS IGUACU (CAMPO ;2013;4;47.5;bruto;Quedas do Iguaçu
2552000;QUEDAS IGUACU (CAMPO ;2013;5;193.6;bruto;Quedas do Iguaçu
2552000;QUEDAS IGUACU (CAMPO ;2013;6;525.2;bruto;Quedas do Iguaçu
2552000;QUEDAS IGUACU (CAMPO ;2013;7;70.4;bruto;Quedas do Iguaçu
2552000;QUEDAS IGUACU (CAMPO ;2013;8;48.7;bruto;Quedas do Iguaçu
2552000;QUEDAS IGUACU (CAMPO ;2013;9;167.9;bruto;Quedas do Iguaçu
2552000;QUEDAS IGUACU (CAMPO ;2013;10;150.9;bruto;Quedas do Iguaçu
2552000;QUEDAS IGUACU (CAMPO ;2013;11;134.0;bruto;Quedas do Iguaçu
2552000;QUEDAS IGUACU (CAMPO ;2013;12;138.3;bruto;Quedas do Iguaçu
2552000;QUEDAS IGUACU (CAMPO ;2014;1;173.7;bruto;Quedas do Iguaçu
2552000;QUEDAS IGUACU (CAMPO ;2014;2;106.1;bruto;Quedas do Iguaçu
2552000;QUEDAS IGUACU (CAMPO ;2014;3;265.0;bruto;Quedas do Iguaçu
2552000;QUEDAS IGUACU (CAMPO ;2014;4;232.2;bruto;Quedas do Iguaçu
2552000;QUEDAS IGUACU (CAMPO ;2014;5;155.9;bruto;Quedas do Iguaçu
2552000;QUEDAS IGUACU (CAMPO ;2014;6;440.3;bruto;Quedas do Iguaçu
2552000;QUEDAS IGUACU (CAMPO ;2014;7;118.3;bruto;Quedas do Iguaçu
2552000;QUEDAS IGUACU (CAMPO ;2014;8;59.2;bruto;Quedas do Iguaçu
2552000;QUEDAS IGUACU (CAMPO ;2014;9;345.1;bruto;Quedas do Iguaçu
2552000;QUEDAS IGUACU (CAMPO ;2014;10;70.6;bruto;Quedas do Iguaçu
2552000;QUEDAS IGUACU (CAMPO ;2014;11;71.4;bruto;Quedas do Iguaçu
2552000;QUEDAS IGUACU (CAMPO ;2014;12;216.6;bruto;Quedas do Iguaçu
2552000;QUEDAS IGUACU (CAMPO ;2015;1;186.6;bruto;Quedas do Iguaçu
2552000;QUEDAS IGUACU (CAMPO ;2015;2;142.4;bruto;Quedas do Iguaçu
2552000;QUEDAS IGUACU (CAMPO ;2015;3;158.3;bruto;Quedas do Iguaçu
2552000;QUEDAS IGUACU (CAMPO ;2015;4;129.0;bruto;Quedas do Iguaçu
2552000;QUEDAS IGUACU (CAMPO ;2015;5;164.3;bruto;Quedas do Iguaçu
2552000;QUEDAS IGUACU (CAMPO ;2015;6;95.8;bruto;Quedas do Iguaçu
2552000;QUEDAS IGUACU (CAMPO ;2015;7;329.1;bruto;Quedas do Iguaçu
2552000;QUEDAS IGUACU (CAMPO ;2015;8;70.2;bruto;Quedas do Iguaçu
2552000;QUEDAS IGUACU (CAMPO ;2015;9;177.3;bruto;Quedas do Iguaçu
2552000;QUEDAS IGUACU (CAMPO ;2015;10;124.9;bruto;Quedas do Iguaçu
2552000;QUEDAS IGUACU (CAMPO ;2015;11;241.2;bruto;Quedas do Iguaçu
2552000;QUEDAS IGUACU (CAMPO ;2015;12;329.0;bruto;Quedas do Iguaçu
2552000;QUEDAS IGUACU (CAMPO ;2016;1;142.2;bruto;Quedas do Iguaçu
2552000;QUEDAS IGUACU (CAMPO ;2016;2;288.2;bruto;Quedas do Iguaçu
2552000;QUEDAS IGUACU (CAMPO ;2016;3;89.3;bruto;Quedas do Iguaçu
2552000;QUEDAS IGUACU (CAMPO ;2016;4;84.8;bruto;Quedas do Iguaçu
2552000;QUEDAS IGUACU (CAMPO ;2016;5;187.5;bruto;Quedas do Iguaçu
2552000;QUEDAS IGUACU (CAMPO ;2016;6;74.5;bruto;Quedas do Iguaçu
2552000;QUEDAS IGUACU (CAMPO ;2016;7;119.0;bruto;Quedas do Iguaçu
2552000;QUEDAS IGUACU (CAMPO ;2016;8;180.1;bruto;Quedas do Iguaçu
2552000;QUEDAS IGUACU (CAMPO ;2016;9;44.0;bruto;Quedas do Iguaçu
2552000;QUEDAS IGUACU (CAMPO ;2016;10;163.9;bruto;Quedas do Iguaçu
2552000;QUEDAS IGUACU (CAMPO ;2016;11;154.9;bruto;Quedas do Iguaçu
2552000;QUEDAS IGUACU (CAMPO ;2016;12;168.4;bruto;Quedas do Iguaçu
2552000;QUEDAS IGUACU (CAMPO ;2017;1;111.4;bruto;Quedas do Iguaçu
2552000;QUEDAS IGUACU (CAMPO ;2017;2;214.2;bruto;Quedas do Iguaçu
2552000;QUEDAS IGUACU (CAMPO ;2017;3;126.7;bruto;Quedas do Iguaçu
2552000;QUEDAS IGUACU (CAMPO ;2017;4;194.5;bruto;Quedas do Iguaçu
2552000;QUEDAS IGUACU (CAMPO ;2017;5;215.1;bruto;Quedas do Iguaçu
2552000;QUEDAS IGUACU (CAMPO ;2017;6;95.7;bruto;Quedas do Iguaçu
2552000;QUEDAS IGUACU (CAMPO ;2017;7;0.0;bruto;Quedas do Iguaçu
2552000;QUEDAS IGUACU (CAMPO ;2017;8;88.8;bruto;Quedas do Iguaçu
2552000;QUEDAS IGUACU (CAMPO ;2017;9;54.0;bruto;Quedas do Iguaçu
2552000;QUEDAS IGUACU (CAMPO ;2017;10;459.0;bruto;Quedas do Iguaçu
2552000;QUEDAS IGUACU (CAMPO ;2017;11;293.7;bruto;Quedas do Iguaçu
2552000;QUEDAS IGUACU (CAMPO ;2017;12;144.2;bruto;Quedas do Iguaçu
2552000;QUEDAS IGUACU (CAMPO ;2018;1;334.4;bruto;Quedas do Iguaçu
2552000;QUEDAS IGUACU (CAMPO ;2018;2;139.7;bruto;Quedas do Iguaçu
2552000;QUEDAS IGUACU (CAMPO ;2018;3;182.0;bruto;Quedas do Iguaçu
2552000;QUEDAS IGUACU (CAMPO ;2018;4;15.7;bruto;Quedas do Iguaçu
2552000;QUEDAS IGUACU (CAMPO ;2018;5;112.8;bruto;Quedas do Iguaçu
2552000;QUEDAS IGUACU (CAMPO ;2018;6;94.3;bruto;Quedas do Iguaçu
2552000;QUEDAS IGUACU (CAMPO ;2018;7;4.7;bruto;Quedas do Iguaçu
2552000;QUEDAS IGUACU (CAMPO ;2018;8;102.9;bruto;Quedas do Iguaçu
2552000;QUEDAS IGUACU (CAMPO ;2018;9;190.5;bruto;Quedas do Iguaçu
2552000;QUEDAS IGUACU (CAMPO ;2018;10;203.2;bruto;Quedas do Iguaçu
2552000;QUEDAS IGUACU (CAMPO ;2018;11;122.3;bruto;Quedas do Iguaçu
2552000;QUEDAS IGUACU (CAMPO ;2018;12;86.5;bruto;Quedas do Iguaçu
2552000;QUEDAS IGUACU (CAMPO ;2019;1;190.6;bruto;Quedas do Iguaçu
2552000;QUEDAS IGUACU (CAMPO ;2019;2;132.0;bruto;Quedas do Iguaçu
2552000;QUEDAS IGUACU (CAMPO ;2019;3;122.6;bruto;Quedas do Iguaçu
2552000;QUEDAS IGUACU (CAMPO ;2019;4;134.6;bruto;Quedas do Iguaçu
2552000;QUEDAS IGUACU (CAMPO ;2019;5;276.4;bruto;Quedas do Iguaçu
2552000;QUEDAS IGUACU (CAMPO ;2019;6;41.7;bruto;Quedas do Iguaçu
2552000;QUEDAS IGUACU (CAMPO ;2019;7;32.1;bruto;Quedas do Iguaçu
2552000;QUEDAS IGUACU (CAMPO ;2019;8;10.0;bruto;Quedas do Iguaçu
2552000;QUEDAS IGUACU (CAMPO ;2019;9;31.4;bruto;Quedas do Iguaçu
2552000;QUEDAS IGUACU (CAMPO ;2019;10;100.6;bruto;Quedas do Iguaçu
2552000;QUEDAS IGUACU (CAMPO ;2019;11;130.6;bruto;Quedas do Iguaçu
2552000;QUEDAS IGUACU (CAMPO ;2019;12;249.5;bruto;Quedas do Iguaçu
2552000;QUEDAS IGUACU (CAMPO ;2020;1;159.1;bruto;Quedas do Iguaçu
2552000;QUEDAS IGUACU (CAMPO ;2020;2;161.2;bruto;Quedas do Iguaçu
2552000;QUEDAS IGUACU (CAMPO ;2020;3;52.0;bruto;Quedas do Iguaçu
2552000;QUEDAS IGUACU (CAMPO ;2020;4;42.5;bruto;Quedas do Iguaçu
2552000;QUEDAS IGUACU (CAMPO ;2020;5;172.2;bruto;Quedas do Iguaçu
2552000;QUEDAS IGUACU (CAMPO ;2020;6;179.1;bruto;Quedas do Iguaçu
2552000;QUEDAS IGUACU (CAMPO ;2020;7;41.1;bruto;Quedas do Iguaçu
2552000;QUEDAS IGUACU (CAMPO ;2020;8;154.4;bruto;Quedas do Iguaçu
2552000;QUEDAS IGUACU (CAMPO ;2020;9;40.5;bruto;Quedas do Iguaçu
2552000;QUEDAS IGUACU (CAMPO ;2020;10;70.1;bruto;Quedas do Iguaçu
2552000;QUEDAS IGUACU (CAMPO ;2020;11;88.7;bruto;Quedas do Iguaçu
2552000;QUEDAS IGUACU (CAMPO ;2020;12;160.2;bruto;Quedas do Iguaçu
2552000;QUEDAS IGUACU (CAMPO ;2021;1;331.5;bruto;Quedas do Iguaçu
2552000;QUEDAS IGUACU (CAMPO ;2021;2;11.6;bruto;Quedas do Iguaçu
2552000;QUEDAS IGUACU (CAMPO ;2021;3;86.4;bruto;Quedas do Iguaçu
2552000;QUEDAS IGUACU (CAMPO ;2021;4;2.3;bruto;Quedas do Iguaçu
2552000;QUEDAS IGUACU (CAMPO ;2021;5;35.3;bruto;Quedas do Iguaçu
2552000;QUEDAS IGUACU (CAMPO ;2021;6;103.9;bruto;Quedas do Iguaçu
2552000;QUEDAS IGUACU (CAMPO ;2021;7;44.8;bruto;Quedas do Iguaçu
2552000;QUEDAS IGUACU (CAMPO ;2021;8;76.0;bruto;Quedas do Iguaçu
2552000;QUEDAS IGUACU (CAMPO ;2021;9;100.1;bruto;Quedas do Iguaçu
2552000;QUEDAS IGUACU (CAMPO ;2021;10;407.8;bruto;Quedas do Iguaçu
2552000;QUEDAS IGUACU (CAMPO ;2021;11;117.3;bruto;Quedas do Iguaçu
2552000;QUEDAS IGUACU (CAMPO ;2021;12;15.7;bruto;Quedas do Iguaçu
2552000;QUEDAS IGUACU (CAMPO ;2022;1;111.2;bruto;Quedas do Iguaçu
2552000;QUEDAS IGUACU (CAMPO ;2022;2;71.8;bruto;Quedas do Iguaçu
2552000;QUEDAS IGUACU (CAMPO ;2022;3;216.8;bruto;Quedas do Iguaçu
2552000;QUEDAS IGUACU (CAMPO ;2022;4;201.7;bruto;Quedas do Iguaçu
2552000;QUEDAS IGUACU (CAMPO ;2022;5;199.0;bruto;Quedas do Iguaçu
2552000;QUEDAS IGUACU (CAMPO ;2022;6;172.9;bruto;Quedas do Iguaçu
2552000;QUEDAS IGUACU (CAMPO ;2022;7;58.5;bruto;Quedas do Iguaçu
2552000;QUEDAS IGUACU (CAMPO ;2022;8;174.8;bruto;Quedas do Iguaçu
2552000;QUEDAS IGUACU (CAMPO ;2022;9;259.5;bruto;Quedas do Iguaçu
2552000;QUEDAS IGUACU (CAMPO ;2022;10;368.4;bruto;Quedas do Iguaçu
2552000;QUEDAS IGUACU (CAMPO ;2022;11;150.2;bruto;Quedas do Iguaçu
2552000;QUEDAS IGUACU (CAMPO ;2022;12;125.7;bruto;Quedas do Iguaçu
2552000;QUEDAS IGUACU (CAMPO ;2023;1;170.3;bruto;Quedas do Iguaçu
2552000;QUEDAS IGUACU (CAMPO ;2023;2;227.9;bruto;Quedas do Iguaçu
2552000;QUEDAS IGUACU (CAMPO ;2023;3;151.4;bruto;Quedas do Iguaçu
2552000;QUEDAS IGUACU (CAMPO ;2023;4;134.8;bruto;Quedas do Iguaçu
2552000;QUEDAS IGUACU (CAMPO ;2023;5;138.5;bruto;Quedas do Iguaçu
2552000;QUEDAS IGUACU (CAMPO ;2023;6;199.7;bruto;Quedas do Iguaçu
2552000;QUEDAS IGUACU (CAMPO ;2023;7;168.1;bruto;Quedas do Iguaçu
2552000;QUEDAS IGUACU (CAMPO ;2023;8;111.3;bruto;Quedas do Iguaçu
2552000;QUEDAS IGUACU (CAMPO ;2023;9;178.8;bruto;Quedas do Iguaçu
2552000;QUEDAS IGUACU (CAMPO ;2023;10;446.1;bruto;Quedas do Iguaçu
2552000;QUEDAS IGUACU (CAMPO ;2023;11;290.7;bruto;Quedas do Iguaçu
2552000;QUEDAS IGUACU (CAMPO ;2023;12;160.2;bruto;Quedas do Iguaçu
2552000;QUEDAS IGUACU (CAMPO ;2024;1;173.5;bruto;Quedas do Iguaçu
2552000;QUEDAS IGUACU (CAMPO ;2024;2;99.1;bruto;Quedas do Iguaçu
2552000;QUEDAS IGUACU (CAMPO ;2024;3;212.8;bruto;Quedas do Iguaçu
2552000;QUEDAS IGUACU (CAMPO ;2024;4;281.4;bruto;Quedas do Iguaçu
2552000;QUEDAS IGUACU (CAMPO ;2024;5;267.0;bruto;Quedas do Iguaçu
2552000;QUEDAS IGUACU (CAMPO ;2024;6;60.7;bruto;Quedas do Iguaçu
2552000;QUEDAS IGUACU (CAMPO ;2024;7;236.3;bruto;Quedas do Iguaçu
2552000;QUEDAS IGUACU (CAMPO ;2024;8;15.0;bruto;Quedas do Iguaçu
2552000;QUEDAS IGUACU (CAMPO ;2024;9;93.3;bruto;Quedas do Iguaçu
2552000;QUEDAS IGUACU (CAMPO ;2024;10;162.1;bruto;Quedas do Iguaçu
2552000;QUEDAS IGUACU (CAMPO ;2024;11;166.7;bruto;Quedas do Iguaçu
2552000;QUEDAS IGUACU (CAMPO ;2024;12;281.7;bruto;Quedas do Iguaçu
2552000;QUEDAS IGUACU (CAMPO ;2025;1;151.5;bruto;Quedas do Iguaçu
2552000;QUEDAS IGUACU (CAMPO ;2025;2;77.2;bruto;Quedas do Iguaçu
2552000;QUEDAS IGUACU (CAMPO ;2025;3;65.9;bruto;Quedas do Iguaçu
2552000;QUEDAS IGUACU (CAMPO ;2025;4;80.7;bruto;Quedas do Iguaçu
2552000;QUEDAS IGUACU (CAMPO ;2025;5;132.5;bruto;Quedas do Iguaçu
2552000;QUEDAS IGUACU (CAMPO ;2025;6;285.7;bruto;Quedas do Iguaçu
2552000;QUEDAS IGUACU (CAMPO ;2025;7;51.3;bruto;Quedas do Iguaçu
2552000;QUEDAS IGUACU (CAMPO ;2025;8;175.7;bruto;Quedas do Iguaçu
2552000;QUEDAS IGUACU (CAMPO ;2025;9;128.3;bruto;Quedas do Iguaçu
2552000;QUEDAS IGUACU (CAMPO ;2025;10;329.9;bruto;Quedas do Iguaçu
2552000;QUEDAS IGUACU (CAMPO ;2025;11;185.2;bruto;Quedas do Iguaçu
2552000;QUEDAS IGUACU (CAMPO ;2025;12;153.0;bruto;Quedas do Iguaçu
2552046;LINHA MIRIM;1986;1;148.4;bruto;Quedas do Iguaçu
2552046;LINHA MIRIM;1986;2;279.9;bruto;Quedas do Iguaçu
2552046;LINHA MIRIM;1986;3;86.8;bruto;Quedas do Iguaçu
2552046;LINHA MIRIM;1986;4;176.3;bruto;Quedas do Iguaçu
2552046;LINHA MIRIM;1986;5;261.5;bruto;Quedas do Iguaçu
2552046;LINHA MIRIM;1986;6;36.1;bruto;Quedas do Iguaçu
2552046;LINHA MIRIM;1986;7;74.2;bruto;Quedas do Iguaçu
2552046;LINHA MIRIM;1986;8;154.9;bruto;Quedas do Iguaçu
2552046;LINHA MIRIM;1986;9;199.2;bruto;Quedas do Iguaçu
2552046;LINHA MIRIM;1986;10;162.7;bruto;Quedas do Iguaçu
2552046;LINHA MIRIM;1986;11;122.2;bruto;Quedas do Iguaçu
2552046;LINHA MIRIM;1986;12;355.9;bruto;Quedas do Iguaçu
2552046;LINHA MIRIM;1987;1;109.2;bruto;Quedas do Iguaçu
2552046;LINHA MIRIM;1987;2;349.6;bruto;Quedas do Iguaçu
2552046;LINHA MIRIM;1987;3;62.5;bruto;Quedas do Iguaçu
2552046;LINHA MIRIM;1987;4;156.3;bruto;Quedas do Iguaçu
2552046;LINHA MIRIM;1987;5;396.2;bruto;Quedas do Iguaçu
2552046;LINHA MIRIM;1987;6;120.0;bruto;Quedas do Iguaçu
2552046;LINHA MIRIM;1987;7;113.8;bruto;Quedas do Iguaçu
2552046;LINHA MIRIM;1987;8;56.5;bruto;Quedas do Iguaçu
2552046;LINHA MIRIM;1987;9;16.6;bruto;Quedas do Iguaçu
2552046;LINHA MIRIM;1987;10;167.3;bruto;Quedas do Iguaçu
2552046;LINHA MIRIM;1987;11;211.4;bruto;Quedas do Iguaçu
2552046;LINHA MIRIM;1987;12;108.3;bruto;Quedas do Iguaçu
2552046;LINHA MIRIM;1988;1;218.6;bruto;Quedas do Iguaçu
2552046;LINHA MIRIM;1988;2;49.2;bruto;Quedas do Iguaçu
2552046;LINHA MIRIM;1988;3;52.7;bruto;Quedas do Iguaçu
2552046;LINHA MIRIM;1988;4;130.8;bruto;Quedas do Iguaçu
2552046;LINHA MIRIM;1988;5;180.9;bruto;Quedas do Iguaçu
2552046;LINHA MIRIM;1988;6;50.6;bruto;Quedas do Iguaçu
2552046;LINHA MIRIM;1988;7;4.4;bruto;Quedas do Iguaçu
2552046;LINHA MIRIM;1988;8;18.5;bruto;Quedas do Iguaçu
2552046;LINHA MIRIM;1988;9;19.1;bruto;Quedas do Iguaçu
2552046;LINHA MIRIM;1988;10;205.7;bruto;Quedas do Iguaçu
2552046;LINHA MIRIM;1988;11;36.5;bruto;Quedas do Iguaçu
2552046;LINHA MIRIM;1988;12;127.2;bruto;Quedas do Iguaçu
2552046;LINHA MIRIM;1989;1;228.0;bruto;Quedas do Iguaçu
2552046;LINHA MIRIM;1989;2;395.9;bruto;Quedas do Iguaçu
2552046;LINHA MIRIM;1989;3;160.1;bruto;Quedas do Iguaçu
2552046;LINHA MIRIM;1989;4;144.4;bruto;Quedas do Iguaçu
2552046;LINHA MIRIM;1989;5;71.3;bruto;Quedas do Iguaçu
2552046;LINHA MIRIM;1989;6;91.4;bruto;Quedas do Iguaçu
2552046;LINHA MIRIM;1989;7;136.8;bruto;Quedas do Iguaçu
2552046;LINHA MIRIM;1989;8;187.0;bruto;Quedas do Iguaçu
2552046;LINHA MIRIM;1989;9;303.2;bruto;Quedas do Iguaçu
2552046;LINHA MIRIM;1989;10;221.4;bruto;Quedas do Iguaçu
2552046;LINHA MIRIM;1989;11;170.6;bruto;Quedas do Iguaçu
2552046;LINHA MIRIM;1989;12;90.7;bruto;Quedas do Iguaçu
2552046;LINHA MIRIM;1990;1;331.4;bruto;Quedas do Iguaçu
2552046;LINHA MIRIM;1990;2;70.8;bruto;Quedas do Iguaçu
2552046;LINHA MIRIM;1990;3;142.0;bruto;Quedas do Iguaçu
2552046;LINHA MIRIM;1990;4;305.6;bruto;Quedas do Iguaçu
2552046;LINHA MIRIM;1990;5;72.0;bruto;Quedas do Iguaçu
2552046;LINHA MIRIM;1990;6;169.9;bruto;Quedas do Iguaçu
2552046;LINHA MIRIM;1990;7;167.1;bruto;Quedas do Iguaçu
2552046;LINHA MIRIM;1990;8;223.3;bruto;Quedas do Iguaçu
2552046;LINHA MIRIM;1990;9;175.2;bruto;Quedas do Iguaçu
2552046;LINHA MIRIM;1990;10;281.1;bruto;Quedas do Iguaçu
2552046;LINHA MIRIM;1990;11;209.4;bruto;Quedas do Iguaçu
2552046;LINHA MIRIM;1990;12;130.2;bruto;Quedas do Iguaçu
2552046;LINHA MIRIM;1991;1;49.1;bruto;Quedas do Iguaçu
2552046;LINHA MIRIM;1991;2;24.0;bruto;Quedas do Iguaçu
2552046;LINHA MIRIM;1991;3;114.8;bruto;Quedas do Iguaçu
2552046;LINHA MIRIM;1991;4;176.0;bruto;Quedas do Iguaçu
2552046;LINHA MIRIM;1991;5;61.5;bruto;Quedas do Iguaçu
2552046;LINHA MIRIM;1991;6;250.2;bruto;Quedas do Iguaçu
2552046;LINHA MIRIM;1991;7;54.7;bruto;Quedas do Iguaçu
2552046;LINHA MIRIM;1991;8;35.5;bruto;Quedas do Iguaçu
2552046;LINHA MIRIM;1991;9;86.8;bruto;Quedas do Iguaçu
2552046;LINHA MIRIM;1991;10;99.8;bruto;Quedas do Iguaçu
2552046;LINHA MIRIM;1991;11;80.9;bruto;Quedas do Iguaçu
2552046;LINHA MIRIM;1991;12;76.7;bruto;Quedas do Iguaçu
2552046;LINHA MIRIM;1992;1;67.5;bruto;Quedas do Iguaçu
2552046;LINHA MIRIM;1992;2;134.6;bruto;Quedas do Iguaçu
2552046;LINHA MIRIM;1992;3;187.6;bruto;Quedas do Iguaçu
2552046;LINHA MIRIM;1992;4;206.6;bruto;Quedas do Iguaçu
2552046;LINHA MIRIM;1992;5;430.6;bruto;Quedas do Iguaçu
2552046;LINHA MIRIM;1992;6;149.3;bruto;Quedas do Iguaçu
2552046;LINHA MIRIM;1992;7;96.0;bruto;Quedas do Iguaçu
2552046;LINHA MIRIM;1992;8;204.4;bruto;Quedas do Iguaçu
2552046;LINHA MIRIM;1992;9;144.2;bruto;Quedas do Iguaçu
2552046;LINHA MIRIM;1992;10;201.3;bruto;Quedas do Iguaçu
2552046;LINHA MIRIM;1992;11;183.4;bruto;Quedas do Iguaçu
2552046;LINHA MIRIM;1992;12;68.1;bruto;Quedas do Iguaçu
2552046;LINHA MIRIM;1993;1;311.5;bruto;Quedas do Iguaçu
2552046;LINHA MIRIM;1993;2;34.9;bruto;Quedas do Iguaçu
2552046;LINHA MIRIM;1993;3;89.6;bruto;Quedas do Iguaçu
2552046;LINHA MIRIM;1993;4;93.3;bruto;Quedas do Iguaçu
2552046;LINHA MIRIM;1993;5;326.7;bruto;Quedas do Iguaçu
2552046;LINHA MIRIM;1993;6;574.9;bruto;Quedas do Iguaçu
2552046;LINHA MIRIM;1993;7;201.9;bruto;Quedas do Iguaçu
2552046;LINHA MIRIM;1993;8;55.9;bruto;Quedas do Iguaçu
2552046;LINHA MIRIM;1993;9;728.4;bruto;Quedas do Iguaçu
2552046;LINHA MIRIM;1993;10;559.7;bruto;Quedas do Iguaçu
2552046;LINHA MIRIM;1993;11;267.7;bruto;Quedas do Iguaçu
2552046;LINHA MIRIM;1993;12;692.1;bruto;Quedas do Iguaçu
2552046;LINHA MIRIM;1994;1;423.2;bruto;Quedas do Iguaçu
2552046;LINHA MIRIM;1994;2;1173.0;bruto;Quedas do Iguaçu
2552046;LINHA MIRIM;1994;3;445.9;bruto;Quedas do Iguaçu
2552046;LINHA MIRIM;1994;4;672.1;bruto;Quedas do Iguaçu
2552046;LINHA MIRIM;1994;5;500.3;bruto;Quedas do Iguaçu
2552046;LINHA MIRIM;1994;6;933.2;bruto;Quedas do Iguaçu
2552046;LINHA MIRIM;1994;7;410.5;bruto;Quedas do Iguaçu
2552046;LINHA MIRIM;1994;8;67.6;bruto;Quedas do Iguaçu
2552046;LINHA MIRIM;1994;9;343.0;bruto;Quedas do Iguaçu
2552046;LINHA MIRIM;1994;10;577.4;bruto;Quedas do Iguaçu
2552046;LINHA MIRIM;1994;11;595.7;bruto;Quedas do Iguaçu
2552046;LINHA MIRIM;1994;12;607.0;bruto;Quedas do Iguaçu
2552046;LINHA MIRIM;1995;1;1354.0;bruto;Quedas do Iguaçu
2552046;LINHA MIRIM;1995;2;359.9;bruto;Quedas do Iguaçu
2552046;LINHA MIRIM;1995;3;344.7;bruto;Quedas do Iguaçu
2552046;LINHA MIRIM;1995;4;402.7;bruto;Quedas do Iguaçu
2552046;LINHA MIRIM;1995;5;454.9;bruto;Quedas do Iguaçu
2552046;LINHA MIRIM;1995;6;248.6;bruto;Quedas do Iguaçu
2552046;LINHA MIRIM;1995;7;139.2;bruto;Quedas do Iguaçu
2552046;LINHA MIRIM;1995;8;30.2;bruto;Quedas do Iguaçu
2552046;LINHA MIRIM;1995;9;220.2;bruto;Quedas do Iguaçu
2552046;LINHA MIRIM;1995;10;268.5;bruto;Quedas do Iguaçu
2552046;LINHA MIRIM;1995;11;140.9;bruto;Quedas do Iguaçu
2552046;LINHA MIRIM;1995;12;209.8;bruto;Quedas do Iguaçu
2552046;LINHA MIRIM;1996;1;341.4;bruto;Quedas do Iguaçu
2552046;LINHA MIRIM;1996;2;298.2;bruto;Quedas do Iguaçu
2552046;LINHA MIRIM;1996;3;377.0;bruto;Quedas do Iguaçu
2552046;LINHA MIRIM;1996;4;267.7;bruto;Quedas do Iguaçu
2552046;LINHA MIRIM;1996;5;28.2;bruto;Quedas do Iguaçu
2552046;LINHA MIRIM;1996;6;162.0;bruto;Quedas do Iguaçu
2552046;LINHA MIRIM;1996;7;21.5;bruto;Quedas do Iguaçu
2552046;LINHA MIRIM;1996;8;66.4;bruto;Quedas do Iguaçu
2552046;LINHA MIRIM;1996;9;242.0;bruto;Quedas do Iguaçu
2552046;LINHA MIRIM;1996;10;528.5;bruto;Quedas do Iguaçu
2552046;LINHA MIRIM;1996;11;116.2;bruto;Quedas do Iguaçu
2552046;LINHA MIRIM;1996;12;382.2;bruto;Quedas do Iguaçu
2552046;LINHA MIRIM;1997;1;314.4;bruto;Quedas do Iguaçu
2552046;LINHA MIRIM;1997;2;247.0;bruto;Quedas do Iguaçu
2552046;LINHA MIRIM;1997;3;29.1;bruto;Quedas do Iguaçu
2552046;LINHA MIRIM;1997;4;99.7;bruto;Quedas do Iguaçu
2552046;LINHA MIRIM;1997;5;246.6;bruto;Quedas do Iguaçu
2552046;LINHA MIRIM;1997;6;181.4;bruto;Quedas do Iguaçu
2552046;LINHA MIRIM;1997;7;61.2;bruto;Quedas do Iguaçu
2552046;LINHA MIRIM;1997;8;222.0;bruto;Quedas do Iguaçu
2552046;LINHA MIRIM;1997;9;208.1;bruto;Quedas do Iguaçu
2552046;LINHA MIRIM;1997;10;340.8;bruto;Quedas do Iguaçu
2552046;LINHA MIRIM;1997;11;366.4;bruto;Quedas do Iguaçu
2552046;LINHA MIRIM;1997;12;113.6;bruto;Quedas do Iguaçu
2552046;LINHA MIRIM;1998;1;226.3;bruto;Quedas do Iguaçu
2552046;LINHA MIRIM;1998;2;305.5;bruto;Quedas do Iguaçu
2552046;LINHA MIRIM;1998;3;303.4;bruto;Quedas do Iguaçu
2552046;LINHA MIRIM;1998;4;392.3;bruto;Quedas do Iguaçu
2552046;LINHA MIRIM;1998;5;182.6;bruto;Quedas do Iguaçu
2552046;LINHA MIRIM;1998;6;69.7;bruto;Quedas do Iguaçu
2552046;LINHA MIRIM;1998;7;84.3;bruto;Quedas do Iguaçu
2552046;LINHA MIRIM;1998;8;244.7;bruto;Quedas do Iguaçu
2552046;LINHA MIRIM;1998;9;375.6;bruto;Quedas do Iguaçu
2552046;LINHA MIRIM;1998;10;413.4;bruto;Quedas do Iguaçu
2552046;LINHA MIRIM;1998;11;37.7;bruto;Quedas do Iguaçu
2552046;LINHA MIRIM;1998;12;207.5;bruto;Quedas do Iguaçu
2552046;LINHA MIRIM;1999;1;259.0;bruto;Quedas do Iguaçu
2552046;LINHA MIRIM;1999;2;202.6;bruto;Quedas do Iguaçu
2552046;LINHA MIRIM;1999;3;106.1;bruto;Quedas do Iguaçu
2552046;LINHA MIRIM;1999;4;156.5;bruto;Quedas do Iguaçu
2552046;LINHA MIRIM;1999;5;138.3;bruto;Quedas do Iguaçu
2552046;LINHA MIRIM;1999;6;250.5;bruto;Quedas do Iguaçu
2552046;LINHA MIRIM;1999;7;150.2;bruto;Quedas do Iguaçu
2552046;LINHA MIRIM;1999;8;0.4;bruto;Quedas do Iguaçu
2552046;LINHA MIRIM;1999;9;207.5;bruto;Quedas do Iguaçu
2552046;LINHA MIRIM;1999;10;66.2;bruto;Quedas do Iguaçu
2552046;LINHA MIRIM;1999;11;36.9;bruto;Quedas do Iguaçu
2552046;LINHA MIRIM;1999;12;219.8;bruto;Quedas do Iguaçu
2552046;LINHA MIRIM;2000;1;315.4;bruto;Quedas do Iguaçu
2552046;LINHA MIRIM;2000;2;330.3;bruto;Quedas do Iguaçu
2552046;LINHA MIRIM;2000;3;142.5;bruto;Quedas do Iguaçu
2552046;LINHA MIRIM;2000;4;103.2;bruto;Quedas do Iguaçu
2552046;LINHA MIRIM;2000;5;165.5;bruto;Quedas do Iguaçu
2552046;LINHA MIRIM;2000;6;214.8;bruto;Quedas do Iguaçu
2552046;LINHA MIRIM;2000;7;137.6;bruto;Quedas do Iguaçu
2552046;LINHA MIRIM;2000;8;121.7;bruto;Quedas do Iguaçu
2552046;LINHA MIRIM;2000;9;381.1;bruto;Quedas do Iguaçu
2552046;LINHA MIRIM;2000;10;309.1;bruto;Quedas do Iguaçu
2552046;LINHA MIRIM;2000;11;91.9;bruto;Quedas do Iguaçu
2552046;LINHA MIRIM;2000;12;185.8;bruto;Quedas do Iguaçu
2552046;LINHA MIRIM;2001;1;311.7;bruto;Quedas do Iguaçu
2552046;LINHA MIRIM;2001;2;445.0;bruto;Quedas do Iguaçu
2552046;LINHA MIRIM;2001;3;202.9;bruto;Quedas do Iguaçu
2552046;LINHA MIRIM;2001;4;206.4;bruto;Quedas do Iguaçu
2552046;LINHA MIRIM;2001;5;116.0;bruto;Quedas do Iguaçu
2552046;LINHA MIRIM;2001;6;200.9;bruto;Quedas do Iguaçu
2552046;LINHA MIRIM;2001;7;112.9;bruto;Quedas do Iguaçu
2552046;LINHA MIRIM;2001;8;51.4;bruto;Quedas do Iguaçu
2552046;LINHA MIRIM;2001;9;132.3;bruto;Quedas do Iguaçu
2552046;LINHA MIRIM;2001;10;291.8;bruto;Quedas do Iguaçu
2552046;LINHA MIRIM;2001;11;269.8;bruto;Quedas do Iguaçu
2552046;LINHA MIRIM;2001;12;177.9;bruto;Quedas do Iguaçu
2552046;LINHA MIRIM;2002;1;307.0;bruto;Quedas do Iguaçu
2552046;LINHA MIRIM;2002;2;56.2;bruto;Quedas do Iguaçu
2552046;LINHA MIRIM;2002;3;168.6;bruto;Quedas do Iguaçu
2552046;LINHA MIRIM;2002;4;44.6;bruto;Quedas do Iguaçu
2552046;LINHA MIRIM;2002;5;431.5;bruto;Quedas do Iguaçu
2552046;LINHA MIRIM;2002;6;20.3;bruto;Quedas do Iguaçu
2552046;LINHA MIRIM;2002;7;52.0;bruto;Quedas do Iguaçu
2552046;LINHA MIRIM;2002;8;111.9;bruto;Quedas do Iguaçu
2552046;LINHA MIRIM;2002;9;212.7;bruto;Quedas do Iguaçu
2552046;LINHA MIRIM;2002;10;244.9;bruto;Quedas do Iguaçu
2552046;LINHA MIRIM;2002;11;282.1;bruto;Quedas do Iguaçu
2552046;LINHA MIRIM;2002;12;134.6;bruto;Quedas do Iguaçu
2552046;LINHA MIRIM;2003;1;179.7;bruto;Quedas do Iguaçu
2552046;LINHA MIRIM;2003;2;283.3;bruto;Quedas do Iguaçu
2552046;LINHA MIRIM;2003;3;212.0;bruto;Quedas do Iguaçu
2552046;LINHA MIRIM;2003;4;86.6;bruto;Quedas do Iguaçu
2552046;LINHA MIRIM;2003;5;35.0;consistido;Quedas do Iguaçu
2552046;LINHA MIRIM;2003;6;102.3;consistido;Quedas do Iguaçu
2552046;LINHA MIRIM;2003;7;152.1;bruto;Quedas do Iguaçu
2552046;LINHA MIRIM;2003;8;51.4;bruto;Quedas do Iguaçu
2552046;LINHA MIRIM;2003;9;150.6;bruto;Quedas do Iguaçu
2552046;LINHA MIRIM;2003;10;214.6;bruto;Quedas do Iguaçu
2552046;LINHA MIRIM;2003;11;279.2;bruto;Quedas do Iguaçu
2552046;LINHA MIRIM;2003;12;226.5;bruto;Quedas do Iguaçu
2552046;LINHA MIRIM;2004;1;89.8;bruto;Quedas do Iguaçu
2552046;LINHA MIRIM;2004;2;135.5;bruto;Quedas do Iguaçu
2552046;LINHA MIRIM;2004;3;81.9;bruto;Quedas do Iguaçu
2552046;LINHA MIRIM;2004;4;107.2;bruto;Quedas do Iguaçu
2552046;LINHA MIRIM;2004;5;372.6;bruto;Quedas do Iguaçu
2552046;LINHA MIRIM;2004;6;138.0;bruto;Quedas do Iguaçu
2552046;LINHA MIRIM;2004;7;305.4;bruto;Quedas do Iguaçu
2552046;LINHA MIRIM;2004;8;30.4;bruto;Quedas do Iguaçu
2552046;LINHA MIRIM;2004;9;110.1;bruto;Quedas do Iguaçu
2552046;LINHA MIRIM;2004;10;454.5;bruto;Quedas do Iguaçu
2552046;LINHA MIRIM;2004;11;287.3;bruto;Quedas do Iguaçu
2552046;LINHA MIRIM;2004;12;104.3;bruto;Quedas do Iguaçu
2552046;LINHA MIRIM;2005;1;225.1;bruto;Quedas do Iguaçu
2552046;LINHA MIRIM;2005;2;37.9;bruto;Quedas do Iguaçu
2552046;LINHA MIRIM;2005;3;78.0;bruto;Quedas do Iguaçu
2552046;LINHA MIRIM;2005;4;169.6;bruto;Quedas do Iguaçu
2552046;LINHA MIRIM;2005;5;318.9;bruto;Quedas do Iguaçu
2552046;LINHA MIRIM;2005;6;277.8;bruto;Quedas do Iguaçu
2552046;LINHA MIRIM;2005;7;110.5;bruto;Quedas do Iguaçu
2552046;LINHA MIRIM;2005;8;128.1;bruto;Quedas do Iguaçu
2552046;LINHA MIRIM;2005;9;250.3;bruto;Quedas do Iguaçu
2552046;LINHA MIRIM;2005;10;706.9;bruto;Quedas do Iguaçu
2552046;LINHA MIRIM;2005;11;70.2;bruto;Quedas do Iguaçu
2552046;LINHA MIRIM;2005;12;41.3;bruto;Quedas do Iguaçu
2552046;LINHA MIRIM;2006;1;317.2;bruto;Quedas do Iguaçu
2552046;LINHA MIRIM;2006;2;115.1;bruto;Quedas do Iguaçu
2552046;LINHA MIRIM;2006;3;189.3;bruto;Quedas do Iguaçu
2552046;LINHA MIRIM;2006;4;95.6;bruto;Quedas do Iguaçu
2552046;LINHA MIRIM;2006;5;11.6;bruto;Quedas do Iguaçu
2552046;LINHA MIRIM;2006;6;94.9;bruto;Quedas do Iguaçu
2552046;LINHA MIRIM;2006;7;43.8;bruto;Quedas do Iguaçu
2552046;LINHA MIRIM;2006;8;79.9;bruto;Quedas do Iguaçu
2552046;LINHA MIRIM;2006;9;210.4;bruto;Quedas do Iguaçu
2552046;LINHA MIRIM;2006;10;171.1;bruto;Quedas do Iguaçu
2552046;LINHA MIRIM;2006;11;161.3;bruto;Quedas do Iguaçu
2552046;LINHA MIRIM;2006;12;204.9;bruto;Quedas do Iguaçu
2552046;LINHA MIRIM;2007;1;208.2;bruto;Quedas do Iguaçu
2552046;LINHA MIRIM;2007;2;102.3;bruto;Quedas do Iguaçu
2552046;LINHA MIRIM;2007;3;76.9;bruto;Quedas do Iguaçu
2552046;LINHA MIRIM;2007;4;302.2;bruto;Quedas do Iguaçu
2552046;LINHA MIRIM;2007;5;221.1;bruto;Quedas do Iguaçu
2552046;LINHA MIRIM;2007;6;24.4;bruto;Quedas do Iguaçu
2552046;LINHA MIRIM;2007;7;53.1;bruto;Quedas do Iguaçu
2552046;LINHA MIRIM;2007;8;22.5;bruto;Quedas do Iguaçu
2552046;LINHA MIRIM;2007;9;14.1;bruto;Quedas do Iguaçu
2552046;LINHA MIRIM;2007;10;146.9;bruto;Quedas do Iguaçu
2552046;LINHA MIRIM;2007;11;235.0;bruto;Quedas do Iguaçu
2552046;LINHA MIRIM;2007;12;173.7;bruto;Quedas do Iguaçu
2552046;LINHA MIRIM;2008;1;131.2;bruto;Quedas do Iguaçu
2552046;LINHA MIRIM;2008;2;130.4;bruto;Quedas do Iguaçu
2552046;LINHA MIRIM;2008;3;92.6;bruto;Quedas do Iguaçu
2552046;LINHA MIRIM;2008;4;262.1;bruto;Quedas do Iguaçu
2552046;LINHA MIRIM;2008;5;44.5;bruto;Quedas do Iguaçu
2552046;LINHA MIRIM;2008;6;278.7;bruto;Quedas do Iguaçu
2552046;LINHA MIRIM;2008;7;93.7;bruto;Quedas do Iguaçu
2552046;LINHA MIRIM;2008;8;172.8;bruto;Quedas do Iguaçu
2552046;LINHA MIRIM;2008;9;95.8;bruto;Quedas do Iguaçu
2552046;LINHA MIRIM;2008;10;291.6;bruto;Quedas do Iguaçu
2552046;LINHA MIRIM;2008;11;136.4;bruto;Quedas do Iguaçu
2552046;LINHA MIRIM;2008;12;67.3;bruto;Quedas do Iguaçu
2552046;LINHA MIRIM;2009;1;186.0;bruto;Quedas do Iguaçu
2552046;LINHA MIRIM;2009;2;71.9;bruto;Quedas do Iguaçu
2552046;LINHA MIRIM;2009;3;88.5;bruto;Quedas do Iguaçu
2552046;LINHA MIRIM;2009;4;88.3;bruto;Quedas do Iguaçu
2552046;LINHA MIRIM;2009;5;276.9;bruto;Quedas do Iguaçu
2552046;LINHA MIRIM;2009;6;118.5;bruto;Quedas do Iguaçu
2552046;LINHA MIRIM;2009;7;200.9;bruto;Quedas do Iguaçu
2552046;LINHA MIRIM;2009;8;203.7;bruto;Quedas do Iguaçu
2552046;LINHA MIRIM;2009;9;284.8;bruto;Quedas do Iguaçu
2552046;LINHA MIRIM;2009;10;328.8;bruto;Quedas do Iguaçu
2552046;LINHA MIRIM;2009;11;257.2;bruto;Quedas do Iguaçu
2552046;LINHA MIRIM;2009;12;243.9;bruto;Quedas do Iguaçu
2552046;LINHA MIRIM;2010;1;250.4;bruto;Quedas do Iguaçu
2552046;LINHA MIRIM;2010;2;361.8;bruto;Quedas do Iguaçu
2552046;LINHA MIRIM;2010;3;214.7;bruto;Quedas do Iguaçu
2552046;LINHA MIRIM;2010;4;192.7;bruto;Quedas do Iguaçu
2552046;LINHA MIRIM;2010;5;127.4;bruto;Quedas do Iguaçu
2552046;LINHA MIRIM;2010;6;28.4;bruto;Quedas do Iguaçu
2552046;LINHA MIRIM;2010;7;113.8;bruto;Quedas do Iguaçu
2552046;LINHA MIRIM;2010;8;27.6;bruto;Quedas do Iguaçu
2552046;LINHA MIRIM;2010;9;58.1;bruto;Quedas do Iguaçu
2552046;LINHA MIRIM;2010;10;254.8;bruto;Quedas do Iguaçu
2552046;LINHA MIRIM;2010;11;103.7;bruto;Quedas do Iguaçu
2552046;LINHA MIRIM;2010;12;301.8;bruto;Quedas do Iguaçu
2552046;LINHA MIRIM;2011;1;282.6;bruto;Quedas do Iguaçu
2552046;LINHA MIRIM;2011;2;357.2;bruto;Quedas do Iguaçu
2552046;LINHA MIRIM;2011;3;76.0;bruto;Quedas do Iguaçu
2552046;LINHA MIRIM;2011;4;86.9;bruto;Quedas do Iguaçu
2552046;LINHA MIRIM;2011;5;7.5;bruto;Quedas do Iguaçu
2552046;LINHA MIRIM;2011;6;79.3;bruto;Quedas do Iguaçu
2552046;LINHA MIRIM;2011;7;239.5;bruto;Quedas do Iguaçu
2552046;LINHA MIRIM;2011;8;393.1;bruto;Quedas do Iguaçu
2552046;LINHA MIRIM;2011;9;120.9;bruto;Quedas do Iguaçu
2552046;LINHA MIRIM;2011;10;261.0;bruto;Quedas do Iguaçu
2552046;LINHA MIRIM;2011;11;129.3;bruto;Quedas do Iguaçu
2552046;LINHA MIRIM;2011;12;75.8;bruto;Quedas do Iguaçu
2552046;LINHA MIRIM;2012;1;132.6;bruto;Quedas do Iguaçu
2552046;LINHA MIRIM;2012;2;188.0;bruto;Quedas do Iguaçu
2552046;LINHA MIRIM;2012;3;46.9;bruto;Quedas do Iguaçu
2552046;LINHA MIRIM;2012;4;275.0;bruto;Quedas do Iguaçu
2552046;LINHA MIRIM;2012;5;85.6;bruto;Quedas do Iguaçu
2552046;LINHA MIRIM;2012;6;227.6;bruto;Quedas do Iguaçu
2552046;LINHA MIRIM;2012;7;115.1;bruto;Quedas do Iguaçu
2552046;LINHA MIRIM;2012;8;1.8;bruto;Quedas do Iguaçu
2552046;LINHA MIRIM;2012;9;59.8;bruto;Quedas do Iguaçu
2552046;LINHA MIRIM;2012;10;214.4;bruto;Quedas do Iguaçu
2552046;LINHA MIRIM;2012;11;50.0;bruto;Quedas do Iguaçu
2552046;LINHA MIRIM;2012;12;316.5;bruto;Quedas do Iguaçu
2552046;LINHA MIRIM;2013;1;140.2;bruto;Quedas do Iguaçu
2552046;LINHA MIRIM;2013;2;293.0;bruto;Quedas do Iguaçu
2552046;LINHA MIRIM;2013;3;333.7;bruto;Quedas do Iguaçu
2552046;LINHA MIRIM;2013;4;54.6;bruto;Quedas do Iguaçu
2552046;LINHA MIRIM;2013;5;202.9;bruto;Quedas do Iguaçu
2552046;LINHA MIRIM;2013;6;512.9;bruto;Quedas do Iguaçu
2552046;LINHA MIRIM;2013;7;90.2;bruto;Quedas do Iguaçu
2552046;LINHA MIRIM;2013;8;56.4;bruto;Quedas do Iguaçu
2552046;LINHA MIRIM;2013;9;193.7;bruto;Quedas do Iguaçu
2552046;LINHA MIRIM;2013;10;172.6;bruto;Quedas do Iguaçu
2552046;LINHA MIRIM;2013;11;147.9;bruto;Quedas do Iguaçu
2552046;LINHA MIRIM;2013;12;131.9;bruto;Quedas do Iguaçu
2552046;LINHA MIRIM;2014;1;197.0;bruto;Quedas do Iguaçu
2552046;LINHA MIRIM;2014;2;74.0;bruto;Quedas do Iguaçu
2552046;LINHA MIRIM;2014;3;285.5;bruto;Quedas do Iguaçu
2552046;LINHA MIRIM;2014;4;203.9;bruto;Quedas do Iguaçu
2552046;LINHA MIRIM;2014;5;189.0;bruto;Quedas do Iguaçu
2552046;LINHA MIRIM;2014;6;570.9;bruto;Quedas do Iguaçu
2552046;LINHA MIRIM;2014;7;111.2;bruto;Quedas do Iguaçu
2552046;LINHA MIRIM;2014;8;24.9;bruto;Quedas do Iguaçu
2552046;LINHA MIRIM;2014;9;302.5;bruto;Quedas do Iguaçu
2552046;LINHA MIRIM;2014;10;109.2;bruto;Quedas do Iguaçu
2552046;LINHA MIRIM;2014;11;108.6;bruto;Quedas do Iguaçu
2552046;LINHA MIRIM;2014;12;186.6;bruto;Quedas do Iguaçu
2552046;LINHA MIRIM;2015;1;337.2;bruto;Quedas do Iguaçu
2552046;LINHA MIRIM;2015;2;230.1;bruto;Quedas do Iguaçu
2552046;LINHA MIRIM;2015;3;167.3;bruto;Quedas do Iguaçu
2552046;LINHA MIRIM;2015;4;87.5;bruto;Quedas do Iguaçu
2552046;LINHA MIRIM;2015;5;209.1;bruto;Quedas do Iguaçu
2552046;LINHA MIRIM;2015;6;95.4;bruto;Quedas do Iguaçu
2552046;LINHA MIRIM;2015;7;354.3;bruto;Quedas do Iguaçu
2552046;LINHA MIRIM;2015;8;58.2;bruto;Quedas do Iguaçu
2552046;LINHA MIRIM;2015;9;168.9;bruto;Quedas do Iguaçu
2552046;LINHA MIRIM;2015;10;127.4;bruto;Quedas do Iguaçu
2552046;LINHA MIRIM;2015;11;219.1;bruto;Quedas do Iguaçu
2552046;LINHA MIRIM;2015;12;302.0;bruto;Quedas do Iguaçu
2552046;LINHA MIRIM;2016;1;112.6;bruto;Quedas do Iguaçu
2552046;LINHA MIRIM;2016;2;264.7;bruto;Quedas do Iguaçu
2552046;LINHA MIRIM;2016;3;88.0;bruto;Quedas do Iguaçu
2552046;LINHA MIRIM;2016;4;79.5;bruto;Quedas do Iguaçu
2552046;LINHA MIRIM;2016;5;164.4;bruto;Quedas do Iguaçu
2552046;LINHA MIRIM;2016;6;81.6;bruto;Quedas do Iguaçu
2552046;LINHA MIRIM;2016;7;115.2;bruto;Quedas do Iguaçu
2552046;LINHA MIRIM;2016;8;183.1;bruto;Quedas do Iguaçu
2552046;LINHA MIRIM;2016;9;64.0;bruto;Quedas do Iguaçu
2552046;LINHA MIRIM;2016;10;154.4;bruto;Quedas do Iguaçu
2552046;LINHA MIRIM;2016;11;120.7;bruto;Quedas do Iguaçu
2552046;LINHA MIRIM;2016;12;190.5;bruto;Quedas do Iguaçu
2552046;LINHA MIRIM;2017;1;134.6;bruto;Quedas do Iguaçu
2552046;LINHA MIRIM;2017;2;230.1;bruto;Quedas do Iguaçu
2552046;LINHA MIRIM;2017;3;146.9;bruto;Quedas do Iguaçu
2552046;LINHA MIRIM;2017;4;123.4;bruto;Quedas do Iguaçu
2552046;LINHA MIRIM;2017;5;149.1;bruto;Quedas do Iguaçu
2552046;LINHA MIRIM;2017;6;89.3;bruto;Quedas do Iguaçu
2552046;LINHA MIRIM;2017;7;5.4;bruto;Quedas do Iguaçu
2552046;LINHA MIRIM;2017;8;90.0;bruto;Quedas do Iguaçu
2552046;LINHA MIRIM;2017;9;57.2;bruto;Quedas do Iguaçu
2552046;LINHA MIRIM;2017;10;446.9;bruto;Quedas do Iguaçu
2552046;LINHA MIRIM;2017;11;225.8;bruto;Quedas do Iguaçu
2552046;LINHA MIRIM;2017;12;181.4;bruto;Quedas do Iguaçu
2552046;LINHA MIRIM;2018;1;278.5;bruto;Quedas do Iguaçu
2552046;LINHA MIRIM;2018;2;169.1;bruto;Quedas do Iguaçu
2552046;LINHA MIRIM;2018;3;239.7;bruto;Quedas do Iguaçu
2552046;LINHA MIRIM;2018;4;12.4;bruto;Quedas do Iguaçu
2552046;LINHA MIRIM;2018;5;105.3;bruto;Quedas do Iguaçu
2552046;LINHA MIRIM;2018;6;151.2;bruto;Quedas do Iguaçu
2552046;LINHA MIRIM;2018;7;5.4;bruto;Quedas do Iguaçu
2552046;LINHA MIRIM;2018;8;90.1;bruto;Quedas do Iguaçu
2552046;LINHA MIRIM;2018;9;141.0;bruto;Quedas do Iguaçu
2552046;LINHA MIRIM;2018;10;246.8;bruto;Quedas do Iguaçu
2552046;LINHA MIRIM;2018;11;122.5;bruto;Quedas do Iguaçu
2552046;LINHA MIRIM;2018;12;83.7;bruto;Quedas do Iguaçu
2552046;LINHA MIRIM;2019;1;241.3;bruto;Quedas do Iguaçu
2552046;LINHA MIRIM;2019;2;213.8;bruto;Quedas do Iguaçu
2552046;LINHA MIRIM;2019;3;191.2;bruto;Quedas do Iguaçu
2552046;LINHA MIRIM;2019;4;156.2;bruto;Quedas do Iguaçu
2552046;LINHA MIRIM;2019;5;291.2;bruto;Quedas do Iguaçu
2552046;LINHA MIRIM;2019;6;67.6;bruto;Quedas do Iguaçu
2552046;LINHA MIRIM;2019;7;47.1;bruto;Quedas do Iguaçu
2552046;LINHA MIRIM;2019;8;14.5;bruto;Quedas do Iguaçu
2552046;LINHA MIRIM;2019;9;26.3;bruto;Quedas do Iguaçu
2552046;LINHA MIRIM;2019;10;135.9;bruto;Quedas do Iguaçu
2552046;LINHA MIRIM;2019;11;231.4;bruto;Quedas do Iguaçu
2552046;LINHA MIRIM;2019;12;185.8;bruto;Quedas do Iguaçu
2552046;LINHA MIRIM;2020;1;116.4;bruto;Quedas do Iguaçu
2552046;LINHA MIRIM;2020;2;183.8;bruto;Quedas do Iguaçu
2552046;LINHA MIRIM;2020;3;44.6;bruto;Quedas do Iguaçu
2552046;LINHA MIRIM;2020;4;44.8;bruto;Quedas do Iguaçu
2552046;LINHA MIRIM;2020;5;196.6;bruto;Quedas do Iguaçu
2552046;LINHA MIRIM;2020;6;118.8;bruto;Quedas do Iguaçu
2552046;LINHA MIRIM;2020;7;74.6;bruto;Quedas do Iguaçu
2552046;LINHA MIRIM;2020;8;162.4;bruto;Quedas do Iguaçu
2552046;LINHA MIRIM;2020;9;54.0;bruto;Quedas do Iguaçu
2552046;LINHA MIRIM;2020;10;67.9;bruto;Quedas do Iguaçu
2552046;LINHA MIRIM;2020;11;84.0;bruto;Quedas do Iguaçu
2552046;LINHA MIRIM;2020;12;296.2;bruto;Quedas do Iguaçu
2552046;LINHA MIRIM;2021;1;357.6;bruto;Quedas do Iguaçu
2552046;LINHA MIRIM;2021;2;29.6;bruto;Quedas do Iguaçu
2552046;LINHA MIRIM;2021;3;104.7;bruto;Quedas do Iguaçu
2552046;LINHA MIRIM;2021;4;3.5;bruto;Quedas do Iguaçu
2552046;LINHA MIRIM;2021;5;36.2;bruto;Quedas do Iguaçu
2552046;LINHA MIRIM;2021;6;102.0;bruto;Quedas do Iguaçu
2552046;LINHA MIRIM;2021;7;45.7;bruto;Quedas do Iguaçu
2552046;LINHA MIRIM;2021;8;44.7;bruto;Quedas do Iguaçu
2552046;LINHA MIRIM;2021;9;83.1;bruto;Quedas do Iguaçu
2552046;LINHA MIRIM;2021;10;333.7;bruto;Quedas do Iguaçu
2552046;LINHA MIRIM;2021;11;78.1;bruto;Quedas do Iguaçu
2552046;LINHA MIRIM;2021;12;10.8;bruto;Quedas do Iguaçu
2552046;LINHA MIRIM;2022;1;148.7;bruto;Quedas do Iguaçu
2552046;LINHA MIRIM;2022;2;83.8;bruto;Quedas do Iguaçu
2552046;LINHA MIRIM;2022;3;177.5;bruto;Quedas do Iguaçu
2552046;LINHA MIRIM;2022;4;218.4;bruto;Quedas do Iguaçu
2552046;LINHA MIRIM;2022;5;181.6;bruto;Quedas do Iguaçu
2552046;LINHA MIRIM;2022;6;181.0;bruto;Quedas do Iguaçu
2552046;LINHA MIRIM;2022;7;58.9;bruto;Quedas do Iguaçu
2552046;LINHA MIRIM;2022;8;174.7;bruto;Quedas do Iguaçu
2552046;LINHA MIRIM;2022;9;241.7;bruto;Quedas do Iguaçu
2552046;LINHA MIRIM;2022;10;468.8;bruto;Quedas do Iguaçu
2552046;LINHA MIRIM;2022;11;186.6;bruto;Quedas do Iguaçu
2552046;LINHA MIRIM;2022;12;126.1;bruto;Quedas do Iguaçu
2552046;LINHA MIRIM;2023;1;264.9;bruto;Quedas do Iguaçu
2552046;LINHA MIRIM;2023;2;282.1;bruto;Quedas do Iguaçu
2552046;LINHA MIRIM;2023;3;106.6;bruto;Quedas do Iguaçu
2552046;LINHA MIRIM;2023;4;109.9;bruto;Quedas do Iguaçu
2552046;LINHA MIRIM;2023;5;72.3;bruto;Quedas do Iguaçu
2552046;LINHA MIRIM;2023;6;155.4;bruto;Quedas do Iguaçu
2552046;LINHA MIRIM;2023;7;151.1;bruto;Quedas do Iguaçu
2552046;LINHA MIRIM;2023;8;122.8;bruto;Quedas do Iguaçu
2552046;LINHA MIRIM;2023;9;166.8;bruto;Quedas do Iguaçu
2552046;LINHA MIRIM;2023;10;454.2;bruto;Quedas do Iguaçu
2552046;LINHA MIRIM;2023;11;263.6;bruto;Quedas do Iguaçu
2552046;LINHA MIRIM;2023;12;133.4;bruto;Quedas do Iguaçu
2552046;LINHA MIRIM;2024;1;179.2;bruto;Quedas do Iguaçu
2552046;LINHA MIRIM;2024;2;118.1;bruto;Quedas do Iguaçu
2552046;LINHA MIRIM;2024;3;163.7;bruto;Quedas do Iguaçu
2552046;LINHA MIRIM;2024;4;365.4;bruto;Quedas do Iguaçu
2552046;LINHA MIRIM;2024;5;167.0;bruto;Quedas do Iguaçu
2552046;LINHA MIRIM;2024;6;43.0;bruto;Quedas do Iguaçu
2552046;LINHA MIRIM;2024;7;199.6;bruto;Quedas do Iguaçu
2552046;LINHA MIRIM;2024;8;20.6;bruto;Quedas do Iguaçu
2552046;LINHA MIRIM;2024;9;91.2;bruto;Quedas do Iguaçu
2552046;LINHA MIRIM;2024;10;181.3;bruto;Quedas do Iguaçu
2552046;LINHA MIRIM;2024;11;93.3;bruto;Quedas do Iguaçu
2552046;LINHA MIRIM;2024;12;246.3;bruto;Quedas do Iguaçu
2552046;LINHA MIRIM;2025;1;197.8;bruto;Quedas do Iguaçu
2552046;LINHA MIRIM;2025;2;59.4;bruto;Quedas do Iguaçu
2552046;LINHA MIRIM;2025;3;52.3;bruto;Quedas do Iguaçu
2552046;LINHA MIRIM;2025;4;60.8;bruto;Quedas do Iguaçu
2552046;LINHA MIRIM;2025;5;138.1;bruto;Quedas do Iguaçu
2552046;LINHA MIRIM;2025;6;293.9;bruto;Quedas do Iguaçu
2552046;LINHA MIRIM;2025;7;58.3;bruto;Quedas do Iguaçu
2552046;LINHA MIRIM;2025;8;145.0;bruto;Quedas do Iguaçu
2552046;LINHA MIRIM;2025;9;156.4;bruto;Quedas do Iguaçu
2552046;LINHA MIRIM;2025;10;300.5;bruto;Quedas do Iguaçu
2552046;LINHA MIRIM;2025;11;168.6;bruto;Quedas do Iguaçu
2552046;LINHA MIRIM;2025;12;181.7;bruto;Quedas do Iguaçu
2552053;QUEDAS DO  IGUACU - SE ;1987;1;;sem_leitura;Quedas do Iguaçu
2552053;QUEDAS DO  IGUACU - SE ;1987;2;;sem_leitura;Quedas do Iguaçu
2552053;QUEDAS DO  IGUACU - SE ;1987;3;;sem_leitura;Quedas do Iguaçu
2552053;QUEDAS DO  IGUACU - SE ;1987;4;;sem_leitura;Quedas do Iguaçu
2552053;QUEDAS DO  IGUACU - SE ;1987;5;;sem_leitura;Quedas do Iguaçu
2552053;QUEDAS DO  IGUACU - SE ;1987;6;;sem_leitura;Quedas do Iguaçu
2552053;QUEDAS DO  IGUACU - SE ;1987;7;;sem_leitura;Quedas do Iguaçu
2552053;QUEDAS DO  IGUACU - SE ;1987;8;;sem_leitura;Quedas do Iguaçu
2552053;QUEDAS DO  IGUACU - SE ;1987;9;;sem_leitura;Quedas do Iguaçu
2552053;QUEDAS DO  IGUACU - SE ;1987;10;;sem_leitura;Quedas do Iguaçu
2552053;QUEDAS DO  IGUACU - SE ;1987;11;;sem_leitura;Quedas do Iguaçu
2552053;QUEDAS DO  IGUACU - SE ;1987;12;;sem_leitura;Quedas do Iguaçu
2552053;QUEDAS DO  IGUACU - SE ;1988;1;135.1;bruto;Quedas do Iguaçu
2552053;QUEDAS DO  IGUACU - SE ;1988;2;94.5;bruto;Quedas do Iguaçu
2552053;QUEDAS DO  IGUACU - SE ;1988;3;114.2;bruto;Quedas do Iguaçu
2552053;QUEDAS DO  IGUACU - SE ;1988;4;183.6;bruto;Quedas do Iguaçu
2552053;QUEDAS DO  IGUACU - SE ;1988;5;276.9;bruto;Quedas do Iguaçu
2552053;QUEDAS DO  IGUACU - SE ;1988;6;122.5;bruto;Quedas do Iguaçu
2552053;QUEDAS DO  IGUACU - SE ;1988;7;13.0;bruto;Quedas do Iguaçu
2552053;QUEDAS DO  IGUACU - SE ;1988;8;15.2;bruto;Quedas do Iguaçu
2552053;QUEDAS DO  IGUACU - SE ;1988;9;14.3;bruto;Quedas do Iguaçu
2552053;QUEDAS DO  IGUACU - SE ;1988;10;203.7;bruto;Quedas do Iguaçu
2552053;QUEDAS DO  IGUACU - SE ;1988;11;59.7;bruto;Quedas do Iguaçu
2552053;QUEDAS DO  IGUACU - SE ;1988;12;176.1;bruto;Quedas do Iguaçu
2552053;QUEDAS DO  IGUACU - SE ;1989;1;;sem_leitura;Quedas do Iguaçu
2552053;QUEDAS DO  IGUACU - SE ;1989;2;;sem_leitura;Quedas do Iguaçu
2552053;QUEDAS DO  IGUACU - SE ;1989;3;;sem_leitura;Quedas do Iguaçu
2552053;QUEDAS DO  IGUACU - SE ;1989;4;;sem_leitura;Quedas do Iguaçu
2552053;QUEDAS DO  IGUACU - SE ;1989;5;;sem_leitura;Quedas do Iguaçu
2552053;QUEDAS DO  IGUACU - SE ;1989;6;;sem_leitura;Quedas do Iguaçu
2552053;QUEDAS DO  IGUACU - SE ;1989;7;;sem_leitura;Quedas do Iguaçu
2552053;QUEDAS DO  IGUACU - SE ;1989;8;;sem_leitura;Quedas do Iguaçu
2552053;QUEDAS DO  IGUACU - SE ;1989;9;;sem_leitura;Quedas do Iguaçu
2552053;QUEDAS DO  IGUACU - SE ;1989;10;;sem_leitura;Quedas do Iguaçu
2552053;QUEDAS DO  IGUACU - SE ;1989;11;;sem_leitura;Quedas do Iguaçu
2552053;QUEDAS DO  IGUACU - SE ;1989;12;;sem_leitura;Quedas do Iguaçu
2552053;QUEDAS DO  IGUACU - SE ;1990;1;414.6;bruto;Quedas do Iguaçu
2552053;QUEDAS DO  IGUACU - SE ;1990;2;76.2;bruto;Quedas do Iguaçu
2552053;QUEDAS DO  IGUACU - SE ;1990;3;130.7;bruto;Quedas do Iguaçu
2552053;QUEDAS DO  IGUACU - SE ;1990;4;247.9;bruto;Quedas do Iguaçu
2552053;QUEDAS DO  IGUACU - SE ;1990;5;149.9;bruto;Quedas do Iguaçu
2552053;QUEDAS DO  IGUACU - SE ;1990;6;160.8;bruto;Quedas do Iguaçu
2552053;QUEDAS DO  IGUACU - SE ;1990;7;204.9;bruto;Quedas do Iguaçu
2552053;QUEDAS DO  IGUACU - SE ;1990;8;259.2;bruto;Quedas do Iguaçu
2552053;QUEDAS DO  IGUACU - SE ;1990;9;325.6;bruto;Quedas do Iguaçu
2552053;QUEDAS DO  IGUACU - SE ;1990;10;211.6;bruto;Quedas do Iguaçu
2552053;QUEDAS DO  IGUACU - SE ;1990;11;253.8;bruto;Quedas do Iguaçu
2552053;QUEDAS DO  IGUACU - SE ;1990;12;175.4;bruto;Quedas do Iguaçu
2552053;QUEDAS DO  IGUACU - SE ;1991;1;114.6;bruto;Quedas do Iguaçu
2552053;QUEDAS DO  IGUACU - SE ;1991;2;33.6;bruto;Quedas do Iguaçu
2552053;QUEDAS DO  IGUACU - SE ;1991;3;154.2;bruto;Quedas do Iguaçu
2552053;QUEDAS DO  IGUACU - SE ;1991;4;177.7;bruto;Quedas do Iguaçu
2552053;QUEDAS DO  IGUACU - SE ;1991;5;46.3;bruto;Quedas do Iguaçu
2552053;QUEDAS DO  IGUACU - SE ;1991;6;222.4;bruto;Quedas do Iguaçu
2552053;QUEDAS DO  IGUACU - SE ;1991;7;60.5;bruto;Quedas do Iguaçu
2552053;QUEDAS DO  IGUACU - SE ;1991;8;58.6;bruto;Quedas do Iguaçu
2552053;QUEDAS DO  IGUACU - SE ;1991;9;77.1;bruto;Quedas do Iguaçu
2552053;QUEDAS DO  IGUACU - SE ;1991;10;193.5;bruto;Quedas do Iguaçu
2552053;QUEDAS DO  IGUACU - SE ;1991;11;126.9;bruto;Quedas do Iguaçu
2552053;QUEDAS DO  IGUACU - SE ;1991;12;283.1;bruto;Quedas do Iguaçu
2552053;QUEDAS DO  IGUACU - SE ;1992;1;146.0;bruto;Quedas do Iguaçu
2552053;QUEDAS DO  IGUACU - SE ;1992;2;249.0;bruto;Quedas do Iguaçu
2552053;QUEDAS DO  IGUACU - SE ;1992;3;194.9;bruto;Quedas do Iguaçu
2552053;QUEDAS DO  IGUACU - SE ;1992;4;175.5;bruto;Quedas do Iguaçu
2552053;QUEDAS DO  IGUACU - SE ;1992;5;637.7;bruto;Quedas do Iguaçu
2552053;QUEDAS DO  IGUACU - SE ;1992;6;147.3;bruto;Quedas do Iguaçu
2552053;QUEDAS DO  IGUACU - SE ;1992;7;174.6;bruto;Quedas do Iguaçu
2552053;QUEDAS DO  IGUACU - SE ;1992;8;185.4;bruto;Quedas do Iguaçu
2552053;QUEDAS DO  IGUACU - SE ;1992;9;157.3;bruto;Quedas do Iguaçu
2552053;QUEDAS DO  IGUACU - SE ;1992;10;197.9;bruto;Quedas do Iguaçu
2552053;QUEDAS DO  IGUACU - SE ;1992;11;198.4;bruto;Quedas do Iguaçu
2552053;QUEDAS DO  IGUACU - SE ;1992;12;70.0;bruto;Quedas do Iguaçu
2552053;QUEDAS DO  IGUACU - SE ;1993;1;285.3;bruto;Quedas do Iguaçu
2552053;QUEDAS DO  IGUACU - SE ;1993;2;55.2;bruto;Quedas do Iguaçu
2552053;QUEDAS DO  IGUACU - SE ;1993;3;115.6;bruto;Quedas do Iguaçu
2552053;QUEDAS DO  IGUACU - SE ;1993;4;217.7;bruto;Quedas do Iguaçu
2552053;QUEDAS DO  IGUACU - SE ;1993;5;399.3;bruto;Quedas do Iguaçu
2552053;QUEDAS DO  IGUACU - SE ;1993;6;110.1;bruto;Quedas do Iguaçu
2552053;QUEDAS DO  IGUACU - SE ;1993;7;196.1;bruto;Quedas do Iguaçu
2552053;QUEDAS DO  IGUACU - SE ;1993;8;15.8;bruto;Quedas do Iguaçu
2552053;QUEDAS DO  IGUACU - SE ;1993;9;344.4;bruto;Quedas do Iguaçu
2552053;QUEDAS DO  IGUACU - SE ;1993;10;297.6;bruto;Quedas do Iguaçu
2552053;QUEDAS DO  IGUACU - SE ;1993;11;110.5;bruto;Quedas do Iguaçu
2552053;QUEDAS DO  IGUACU - SE ;1993;12;254.7;bruto;Quedas do Iguaçu
2552053;QUEDAS DO  IGUACU - SE ;1994;1;83.8;bruto;Quedas do Iguaçu
2552053;QUEDAS DO  IGUACU - SE ;1994;2;206.1;bruto;Quedas do Iguaçu
2552053;QUEDAS DO  IGUACU - SE ;1994;3;145.0;bruto;Quedas do Iguaçu
2552053;QUEDAS DO  IGUACU - SE ;1994;4;134.5;bruto;Quedas do Iguaçu
2552053;QUEDAS DO  IGUACU - SE ;1994;5;202.3;bruto;Quedas do Iguaçu
2552053;QUEDAS DO  IGUACU - SE ;1994;6;301.5;bruto;Quedas do Iguaçu
2552053;QUEDAS DO  IGUACU - SE ;1994;7;119.6;bruto;Quedas do Iguaçu
2552053;QUEDAS DO  IGUACU - SE ;1994;8;19.4;bruto;Quedas do Iguaçu
2552053;QUEDAS DO  IGUACU - SE ;1994;9;102.3;bruto;Quedas do Iguaçu
2552053;QUEDAS DO  IGUACU - SE ;1994;10;221.0;bruto;Quedas do Iguaçu
2552053;QUEDAS DO  IGUACU - SE ;1994;11;190.7;bruto;Quedas do Iguaçu
2552053;QUEDAS DO  IGUACU - SE ;1994;12;243.4;bruto;Quedas do Iguaçu
2552053;QUEDAS DO  IGUACU - SE ;1995;1;413.7;bruto;Quedas do Iguaçu
2552053;QUEDAS DO  IGUACU - SE ;1995;2;126.8;bruto;Quedas do Iguaçu
2552053;QUEDAS DO  IGUACU - SE ;1995;3;223.0;bruto;Quedas do Iguaçu
2552053;QUEDAS DO  IGUACU - SE ;1995;4;154.1;bruto;Quedas do Iguaçu
2552053;QUEDAS DO  IGUACU - SE ;1995;5;21.9;bruto;Quedas do Iguaçu
2552053;QUEDAS DO  IGUACU - SE ;1995;6;110.3;bruto;Quedas do Iguaçu
2552053;QUEDAS DO  IGUACU - SE ;1995;7;84.9;bruto;Quedas do Iguaçu
2552053;QUEDAS DO  IGUACU - SE ;1995;8;24.2;bruto;Quedas do Iguaçu
2552053;QUEDAS DO  IGUACU - SE ;1995;9;181.5;bruto;Quedas do Iguaçu
2552053;QUEDAS DO  IGUACU - SE ;1995;10;178.8;bruto;Quedas do Iguaçu
2552053;QUEDAS DO  IGUACU - SE ;1995;11;125.9;bruto;Quedas do Iguaçu
2552053;QUEDAS DO  IGUACU - SE ;1995;12;188.5;bruto;Quedas do Iguaçu
2552053;QUEDAS DO  IGUACU - SE ;1996;1;234.3;bruto;Quedas do Iguaçu
2552053;QUEDAS DO  IGUACU - SE ;1996;2;294.1;bruto;Quedas do Iguaçu
2552053;QUEDAS DO  IGUACU - SE ;1996;3;220.2;bruto;Quedas do Iguaçu
2552053;QUEDAS DO  IGUACU - SE ;1996;4;109.6;bruto;Quedas do Iguaçu
2552053;QUEDAS DO  IGUACU - SE ;1996;5;25.3;bruto;Quedas do Iguaçu
2552053;QUEDAS DO  IGUACU - SE ;1996;6;151.2;bruto;Quedas do Iguaçu
2552053;QUEDAS DO  IGUACU - SE ;1996;7;61.5;bruto;Quedas do Iguaçu
2552053;QUEDAS DO  IGUACU - SE ;1996;8;34.0;bruto;Quedas do Iguaçu
2552053;QUEDAS DO  IGUACU - SE ;1996;9;213.9;bruto;Quedas do Iguaçu
2552053;QUEDAS DO  IGUACU - SE ;1996;10;505.6;bruto;Quedas do Iguaçu
2552053;QUEDAS DO  IGUACU - SE ;1996;11;135.3;bruto;Quedas do Iguaçu
2552053;QUEDAS DO  IGUACU - SE ;1996;12;326.9;bruto;Quedas do Iguaçu
2552053;QUEDAS DO  IGUACU - SE ;1997;1;221.9;bruto;Quedas do Iguaçu
2552053;QUEDAS DO  IGUACU - SE ;1997;2;191.1;bruto;Quedas do Iguaçu
2552053;QUEDAS DO  IGUACU - SE ;1997;3;16.4;bruto;Quedas do Iguaçu
2552053;QUEDAS DO  IGUACU - SE ;1997;4;77.3;bruto;Quedas do Iguaçu
2552053;QUEDAS DO  IGUACU - SE ;1997;5;252.0;bruto;Quedas do Iguaçu
2552053;QUEDAS DO  IGUACU - SE ;1997;6;199.4;bruto;Quedas do Iguaçu
2552053;QUEDAS DO  IGUACU - SE ;1997;7;70.3;bruto;Quedas do Iguaçu
2552053;QUEDAS DO  IGUACU - SE ;1997;8;219.9;bruto;Quedas do Iguaçu
2552053;QUEDAS DO  IGUACU - SE ;1997;9;237.4;bruto;Quedas do Iguaçu
2552053;QUEDAS DO  IGUACU - SE ;1997;10;426.2;bruto;Quedas do Iguaçu
2552053;QUEDAS DO  IGUACU - SE ;1997;11;375.7;bruto;Quedas do Iguaçu
2552053;QUEDAS DO  IGUACU - SE ;1997;12;139.4;bruto;Quedas do Iguaçu
2552053;QUEDAS DO  IGUACU - SE ;1998;1;198.9;bruto;Quedas do Iguaçu
2552053;QUEDAS DO  IGUACU - SE ;1998;2;257.3;bruto;Quedas do Iguaçu
2552053;QUEDAS DO  IGUACU - SE ;1998;3;301.9;bruto;Quedas do Iguaçu
2552053;QUEDAS DO  IGUACU - SE ;1998;4;435.7;bruto;Quedas do Iguaçu
2552053;QUEDAS DO  IGUACU - SE ;1998;5;153.9;bruto;Quedas do Iguaçu
2552053;QUEDAS DO  IGUACU - SE ;1998;6;83.9;bruto;Quedas do Iguaçu
2552053;QUEDAS DO  IGUACU - SE ;1998;7;93.7;bruto;Quedas do Iguaçu
2552053;QUEDAS DO  IGUACU - SE ;1998;8;249.7;bruto;Quedas do Iguaçu
2552053;QUEDAS DO  IGUACU - SE ;1998;9;315.3;bruto;Quedas do Iguaçu
2552053;QUEDAS DO  IGUACU - SE ;1998;10;355.1;bruto;Quedas do Iguaçu
2552053;QUEDAS DO  IGUACU - SE ;1998;11;88.6;bruto;Quedas do Iguaçu
2552053;QUEDAS DO  IGUACU - SE ;1998;12;253.7;bruto;Quedas do Iguaçu
2552053;QUEDAS DO  IGUACU - SE ;1999;1;253.4;bruto;Quedas do Iguaçu
2552053;QUEDAS DO  IGUACU - SE ;1999;2;242.8;bruto;Quedas do Iguaçu
2552053;QUEDAS DO  IGUACU - SE ;1999;3;65.6;bruto;Quedas do Iguaçu
2552053;QUEDAS DO  IGUACU - SE ;1999;4;143.0;bruto;Quedas do Iguaçu
2552053;QUEDAS DO  IGUACU - SE ;1999;5;119.8;bruto;Quedas do Iguaçu
2552053;QUEDAS DO  IGUACU - SE ;1999;6;234.4;bruto;Quedas do Iguaçu
2552053;QUEDAS DO  IGUACU - SE ;1999;7;125.8;bruto;Quedas do Iguaçu
2552053;QUEDAS DO  IGUACU - SE ;1999;8;18.5;bruto;Quedas do Iguaçu
2552053;QUEDAS DO  IGUACU - SE ;1999;9;178.9;bruto;Quedas do Iguaçu
2552053;QUEDAS DO  IGUACU - SE ;1999;10;75.8;bruto;Quedas do Iguaçu
2552053;QUEDAS DO  IGUACU - SE ;1999;11;42.5;bruto;Quedas do Iguaçu
2552053;QUEDAS DO  IGUACU - SE ;1999;12;197.6;bruto;Quedas do Iguaçu
2552053;QUEDAS DO  IGUACU - SE ;2000;1;249.8;bruto;Quedas do Iguaçu
2552053;QUEDAS DO  IGUACU - SE ;2000;2;276.2;bruto;Quedas do Iguaçu
2552053;QUEDAS DO  IGUACU - SE ;2000;3;71.0;bruto;Quedas do Iguaçu
2552053;QUEDAS DO  IGUACU - SE ;2000;4;140.1;bruto;Quedas do Iguaçu
2552053;QUEDAS DO  IGUACU - SE ;2000;5;160.4;bruto;Quedas do Iguaçu
2552053;QUEDAS DO  IGUACU - SE ;2000;6;122.6;bruto;Quedas do Iguaçu
2552053;QUEDAS DO  IGUACU - SE ;2000;7;115.6;bruto;Quedas do Iguaçu
2552053;QUEDAS DO  IGUACU - SE ;2000;8;125.7;bruto;Quedas do Iguaçu
2552053;QUEDAS DO  IGUACU - SE ;2000;9;327.8;bruto;Quedas do Iguaçu
2552053;QUEDAS DO  IGUACU - SE ;2000;10;245.1;bruto;Quedas do Iguaçu
2552053;QUEDAS DO  IGUACU - SE ;2000;11;86.2;bruto;Quedas do Iguaçu
2552053;QUEDAS DO  IGUACU - SE ;2000;12;135.9;bruto;Quedas do Iguaçu
2552053;QUEDAS DO  IGUACU - SE ;2001;1;164.2;bruto;Quedas do Iguaçu
2552053;QUEDAS DO  IGUACU - SE ;2001;2;325.5;bruto;Quedas do Iguaçu
2552053;QUEDAS DO  IGUACU - SE ;2001;3;108.3;bruto;Quedas do Iguaçu
2552053;QUEDAS DO  IGUACU - SE ;2001;4;191.4;bruto;Quedas do Iguaçu
2552053;QUEDAS DO  IGUACU - SE ;2001;5;117.8;bruto;Quedas do Iguaçu
2552053;QUEDAS DO  IGUACU - SE ;2001;6;;sem_leitura;Quedas do Iguaçu
2552053;QUEDAS DO  IGUACU - SE ;2001;7;;sem_leitura;Quedas do Iguaçu
2552053;QUEDAS DO  IGUACU - SE ;2001;8;;sem_leitura;Quedas do Iguaçu
2552053;QUEDAS DO  IGUACU - SE ;2001;9;;sem_leitura;Quedas do Iguaçu
2552053;QUEDAS DO  IGUACU - SE ;2001;10;;sem_leitura;Quedas do Iguaçu
2552053;QUEDAS DO  IGUACU - SE ;2001;11;;sem_leitura;Quedas do Iguaçu
2552053;QUEDAS DO  IGUACU - SE ;2001;12;;sem_leitura;Quedas do Iguaçu
2553001;ESTREITO DO IGUACU;1986;1;278.4;bruto;Céu Azul
2553001;ESTREITO DO IGUACU;1986;2;160.5;bruto;Céu Azul
2553001;ESTREITO DO IGUACU;1986;3;135.4;bruto;Céu Azul
2553001;ESTREITO DO IGUACU;1986;4;179.1;bruto;Céu Azul
2553001;ESTREITO DO IGUACU;1986;5;257.6;bruto;Céu Azul
2553001;ESTREITO DO IGUACU;1986;6;18.3;bruto;Céu Azul
2553001;ESTREITO DO IGUACU;1986;7;70.9;bruto;Céu Azul
2553001;ESTREITO DO IGUACU;1986;8;151.8;bruto;Céu Azul
2553001;ESTREITO DO IGUACU;1986;9;207.6;bruto;Céu Azul
2553001;ESTREITO DO IGUACU;1986;10;159.5;bruto;Céu Azul
2553001;ESTREITO DO IGUACU;1986;11;90.9;bruto;Céu Azul
2553001;ESTREITO DO IGUACU;1986;12;168.3;bruto;Céu Azul
2553009;CÉU AZUL;1986;1;195.0;bruto;Céu Azul
2553009;CÉU AZUL;1986;2;241.0;bruto;Céu Azul
2553009;CÉU AZUL;1986;3;107.5;bruto;Céu Azul
2553009;CÉU AZUL;1986;4;60.4;bruto;Céu Azul
2553009;CÉU AZUL;1986;5;314.0;bruto;Céu Azul
2553009;CÉU AZUL;1986;6;55.0;bruto;Céu Azul
2553009;CÉU AZUL;1986;7;82.8;bruto;Céu Azul
2553009;CÉU AZUL;1986;8;149.5;bruto;Céu Azul
2553009;CÉU AZUL;1986;9;221.9;bruto;Céu Azul
2553009;CÉU AZUL;1986;10;144.8;bruto;Céu Azul
2553009;CÉU AZUL;1986;11;127.0;bruto;Céu Azul
2553009;CÉU AZUL;1986;12;325.2;bruto;Céu Azul
2553009;CÉU AZUL;1987;1;135.5;bruto;Céu Azul
2553009;CÉU AZUL;1987;2;252.5;bruto;Céu Azul
2553009;CÉU AZUL;1987;3;165.2;bruto;Céu Azul
2553009;CÉU AZUL;1987;4;230.0;bruto;Céu Azul
2553009;CÉU AZUL;1987;5;408.0;bruto;Céu Azul
2553009;CÉU AZUL;1987;6;115.8;bruto;Céu Azul
2553009;CÉU AZUL;1987;7;163.3;bruto;Céu Azul
2553009;CÉU AZUL;1987;8;51.0;bruto;Céu Azul
2553009;CÉU AZUL;1987;9;17.7;bruto;Céu Azul
2553009;CÉU AZUL;1987;10;264.2;bruto;Céu Azul
2553009;CÉU AZUL;1987;11;269.7;bruto;Céu Azul
2553009;CÉU AZUL;1987;12;99.8;bruto;Céu Azul
2553009;CÉU AZUL;1988;1;147.7;bruto;Céu Azul
2553009;CÉU AZUL;1988;2;93.4;bruto;Céu Azul
2553009;CÉU AZUL;1988;3;140.8;bruto;Céu Azul
2553009;CÉU AZUL;1988;4;286.7;bruto;Céu Azul
2553009;CÉU AZUL;1988;5;318.5;bruto;Céu Azul
2553009;CÉU AZUL;1988;6;114.8;bruto;Céu Azul
2553009;CÉU AZUL;1988;7;15.0;bruto;Céu Azul
2553009;CÉU AZUL;1988;8;16.0;bruto;Céu Azul
2553009;CÉU AZUL;1988;9;28.8;bruto;Céu Azul
2553009;CÉU AZUL;1988;10;188.9;bruto;Céu Azul
2553009;CÉU AZUL;1988;11;44.5;bruto;Céu Azul
2553009;CÉU AZUL;1988;12;70.1;bruto;Céu Azul
2553009;CÉU AZUL;1989;1;167.7;bruto;Céu Azul
2553009;CÉU AZUL;1989;2;263.4;bruto;Céu Azul
2553009;CÉU AZUL;1989;3;130.0;bruto;Céu Azul
2553009;CÉU AZUL;1989;4;102.7;bruto;Céu Azul
2553009;CÉU AZUL;1989;5;69.9;bruto;Céu Azul
2553009;CÉU AZUL;1989;6;162.0;bruto;Céu Azul
2553009;CÉU AZUL;1989;7;137.2;bruto;Céu Azul
2553009;CÉU AZUL;1989;8;217.8;bruto;Céu Azul
2553009;CÉU AZUL;1989;9;263.4;bruto;Céu Azul
2553009;CÉU AZUL;1989;10;196.5;bruto;Céu Azul
2553009;CÉU AZUL;1989;11;126.0;bruto;Céu Azul
2553009;CÉU AZUL;1989;12;184.4;bruto;Céu Azul
2553009;CÉU AZUL;1990;1;63.7;bruto;Céu Azul
2553009;CÉU AZUL;1990;2;130.7;bruto;Céu Azul
2553009;CÉU AZUL;1990;3;110.0;bruto;Céu Azul
2553009;CÉU AZUL;1990;4;309.2;bruto;Céu Azul
2553009;CÉU AZUL;1990;5;204.6;bruto;Céu Azul
2553009;CÉU AZUL;1990;6;115.2;bruto;Céu Azul
2553009;CÉU AZUL;1990;7;135.7;bruto;Céu Azul
2553009;CÉU AZUL;1990;8;282.3;bruto;Céu Azul
2553009;CÉU AZUL;1990;9;311.4;bruto;Céu Azul
2553009;CÉU AZUL;1990;10;176.2;bruto;Céu Azul
2553009;CÉU AZUL;1990;11;221.9;bruto;Céu Azul
2553009;CÉU AZUL;1990;12;167.6;bruto;Céu Azul
2553009;CÉU AZUL;1991;1;249.0;bruto;Céu Azul
2553009;CÉU AZUL;1991;2;34.9;bruto;Céu Azul
2553009;CÉU AZUL;1991;3;167.9;bruto;Céu Azul
2553009;CÉU AZUL;1991;4;129.9;bruto;Céu Azul
2553009;CÉU AZUL;1991;5;83.5;bruto;Céu Azul
2553009;CÉU AZUL;1991;6;216.6;bruto;Céu Azul
2553009;CÉU AZUL;1991;7;75.5;bruto;Céu Azul
2553009;CÉU AZUL;1991;8;12.8;bruto;Céu Azul
2553009;CÉU AZUL;1991;9;108.6;bruto;Céu Azul
2553009;CÉU AZUL;1991;10;143.0;bruto;Céu Azul
2553009;CÉU AZUL;1991;11;133.8;bruto;Céu Azul
2553009;CÉU AZUL;1991;12;272.1;bruto;Céu Azul
2553009;CÉU AZUL;1992;1;54.8;bruto;Céu Azul
2553009;CÉU AZUL;1992;2;237.1;bruto;Céu Azul
2553009;CÉU AZUL;1992;3;312.3;bruto;Céu Azul
2553009;CÉU AZUL;1992;4;225.9;bruto;Céu Azul
2553009;CÉU AZUL;1992;5;598.0;bruto;Céu Azul
2553009;CÉU AZUL;1992;6;125.5;bruto;Céu Azul
2553009;CÉU AZUL;1992;7;161.4;bruto;Céu Azul
2553009;CÉU AZUL;1992;8;166.3;bruto;Céu Azul
2553009;CÉU AZUL;1992;9;141.7;bruto;Céu Azul
2553009;CÉU AZUL;1992;10;196.9;bruto;Céu Azul
2553009;CÉU AZUL;1992;11;148.5;bruto;Céu Azul
2553009;CÉU AZUL;1992;12;108.4;bruto;Céu Azul
2553009;CÉU AZUL;1993;1;335.0;bruto;Céu Azul
2553009;CÉU AZUL;1993;2;95.5;bruto;Céu Azul
2553009;CÉU AZUL;1993;3;122.2;bruto;Céu Azul
2553009;CÉU AZUL;1993;4;92.6;bruto;Céu Azul
2553009;CÉU AZUL;1993;5;405.8;bruto;Céu Azul
2553009;CÉU AZUL;1993;6;141.7;bruto;Céu Azul
2553009;CÉU AZUL;1993;7;181.5;bruto;Céu Azul
2553009;CÉU AZUL;1993;8;10.2;bruto;Céu Azul
2553009;CÉU AZUL;1993;9;193.7;bruto;Céu Azul
2553009;CÉU AZUL;1993;10;203.9;bruto;Céu Azul
2553009;CÉU AZUL;1993;11;157.8;bruto;Céu Azul
2553009;CÉU AZUL;1993;12;194.4;bruto;Céu Azul
2553009;CÉU AZUL;1994;1;123.8;bruto;Céu Azul
2553009;CÉU AZUL;1994;2;305.7;bruto;Céu Azul
2553009;CÉU AZUL;1994;3;55.1;bruto;Céu Azul
2553009;CÉU AZUL;1994;4;175.2;bruto;Céu Azul
2553009;CÉU AZUL;1994;5;280.4;bruto;Céu Azul
2553009;CÉU AZUL;1994;6;235.6;bruto;Céu Azul
2553009;CÉU AZUL;1994;7;98.0;bruto;Céu Azul
2553009;CÉU AZUL;1994;8;20.0;bruto;Céu Azul
2553009;CÉU AZUL;1994;9;100.2;bruto;Céu Azul
2553009;CÉU AZUL;1994;10;203.4;bruto;Céu Azul
2553009;CÉU AZUL;1994;11;231.2;bruto;Céu Azul
2553009;CÉU AZUL;1994;12;223.6;bruto;Céu Azul
2553009;CÉU AZUL;1995;1;372.4;bruto;Céu Azul
2553009;CÉU AZUL;1995;2;97.6;bruto;Céu Azul
2553009;CÉU AZUL;1995;3;192.6;bruto;Céu Azul
2553009;CÉU AZUL;1995;4;159.2;bruto;Céu Azul
2553009;CÉU AZUL;1995;5;23.6;bruto;Céu Azul
2553009;CÉU AZUL;1995;6;108.6;bruto;Céu Azul
2553009;CÉU AZUL;1995;7;137.4;bruto;Céu Azul
2553009;CÉU AZUL;1995;8;22.8;bruto;Céu Azul
2553009;CÉU AZUL;1995;9;155.6;bruto;Céu Azul
2553009;CÉU AZUL;1995;10;257.3;bruto;Céu Azul
2553009;CÉU AZUL;1995;11;131.8;bruto;Céu Azul
2553009;CÉU AZUL;1995;12;29.4;bruto;Céu Azul
2553009;CÉU AZUL;1996;1;173.9;bruto;Céu Azul
2553009;CÉU AZUL;1996;2;244.2;bruto;Céu Azul
2553009;CÉU AZUL;1996;3;173.0;consistido;Céu Azul
2553009;CÉU AZUL;1996;4;114.2;bruto;Céu Azul
2553009;CÉU AZUL;1996;5;129.7;bruto;Céu Azul
2553009;CÉU AZUL;1996;6;116.1;bruto;Céu Azul
2553009;CÉU AZUL;1996;7;36.8;bruto;Céu Azul
2553009;CÉU AZUL;1996;8;12.6;bruto;Céu Azul
2553009;CÉU AZUL;1996;9;214.0;bruto;Céu Azul
2553009;CÉU AZUL;1996;10;374.4;bruto;Céu Azul
2553009;CÉU AZUL;1996;11;100.9;bruto;Céu Azul
2553009;CÉU AZUL;1996;12;397.5;bruto;Céu Azul
2553009;CÉU AZUL;1997;1;128.2;bruto;Céu Azul
2553009;CÉU AZUL;1997;2;133.6;bruto;Céu Azul
2553009;CÉU AZUL;1997;3;116.2;bruto;Céu Azul
2553009;CÉU AZUL;1997;4;19.4;bruto;Céu Azul
2553009;CÉU AZUL;1997;5;246.8;bruto;Céu Azul
2553009;CÉU AZUL;1997;6;173.5;bruto;Céu Azul
2553009;CÉU AZUL;1997;7;64.2;bruto;Céu Azul
2553009;CÉU AZUL;1997;8;219.7;bruto;Céu Azul
2553009;CÉU AZUL;1997;9;237.0;bruto;Céu Azul
2553009;CÉU AZUL;1997;10;314.4;bruto;Céu Azul
2553009;CÉU AZUL;1997;11;378.2;bruto;Céu Azul
2553009;CÉU AZUL;1997;12;80.9;consistido;Céu Azul
2553009;CÉU AZUL;1998;1;181.1;bruto;Céu Azul
2553009;CÉU AZUL;1998;2;358.3;bruto;Céu Azul
2553009;CÉU AZUL;1998;3;307.9;bruto;Céu Azul
2553009;CÉU AZUL;1998;4;506.0;bruto;Céu Azul
2553009;CÉU AZUL;1998;5;208.7;bruto;Céu Azul
2553009;CÉU AZUL;1998;6;60.5;bruto;Céu Azul
2553009;CÉU AZUL;1998;7;55.1;bruto;Céu Azul
2553009;CÉU AZUL;1998;8;273.9;bruto;Céu Azul
2553009;CÉU AZUL;1998;9;288.5;bruto;Céu Azul
2553009;CÉU AZUL;1998;10;345.4;bruto;Céu Azul
2553009;CÉU AZUL;1998;11;52.0;bruto;Céu Azul
2553009;CÉU AZUL;1998;12;177.0;bruto;Céu Azul
2553009;CÉU AZUL;1999;1;269.7;bruto;Céu Azul
2553009;CÉU AZUL;1999;2;203.1;bruto;Céu Azul
2553009;CÉU AZUL;1999;3;178.1;bruto;Céu Azul
2553009;CÉU AZUL;1999;4;230.3;bruto;Céu Azul
2553009;CÉU AZUL;1999;5;149.3;bruto;Céu Azul
2553009;CÉU AZUL;1999;6;250.1;bruto;Céu Azul
2553009;CÉU AZUL;1999;7;90.1;bruto;Céu Azul
2553009;CÉU AZUL;1999;8;8.3;bruto;Céu Azul
2553009;CÉU AZUL;1999;9;140.4;bruto;Céu Azul
2553009;CÉU AZUL;1999;10;103.4;bruto;Céu Azul
2553009;CÉU AZUL;1999;11;42.4;bruto;Céu Azul
2553009;CÉU AZUL;1999;12;201.2;bruto;Céu Azul
2553009;CÉU AZUL;2000;1;149.0;bruto;Céu Azul
2553009;CÉU AZUL;2000;2;269.2;bruto;Céu Azul
2553009;CÉU AZUL;2000;3;102.8;bruto;Céu Azul
2553009;CÉU AZUL;2000;4;65.9;bruto;Céu Azul
2553009;CÉU AZUL;2000;5;105.4;bruto;Céu Azul
2553009;CÉU AZUL;2000;6;179.6;bruto;Céu Azul
2553009;CÉU AZUL;2000;7;120.7;bruto;Céu Azul
2553009;CÉU AZUL;2000;8;114.3;bruto;Céu Azul
2553009;CÉU AZUL;2000;9;205.8;bruto;Céu Azul
2553009;CÉU AZUL;2000;10;272.6;bruto;Céu Azul
2553009;CÉU AZUL;2000;11;226.9;bruto;Céu Azul
2553009;CÉU AZUL;2000;12;197.4;bruto;Céu Azul
2553009;CÉU AZUL;2001;1;212.7;bruto;Céu Azul
2553009;CÉU AZUL;2001;2;243.5;bruto;Céu Azul
2553009;CÉU AZUL;2001;3;162.6;bruto;Céu Azul
2553009;CÉU AZUL;2001;4;111.7;bruto;Céu Azul
2553009;CÉU AZUL;2001;5;124.8;bruto;Céu Azul
2553009;CÉU AZUL;2001;6;113.7;bruto;Céu Azul
2553009;CÉU AZUL;2001;7;73.1;bruto;Céu Azul
2553009;CÉU AZUL;2001;8;59.2;bruto;Céu Azul
2553009;CÉU AZUL;2001;9;132.7;bruto;Céu Azul
2553009;CÉU AZUL;2001;10;229.9;bruto;Céu Azul
2553009;CÉU AZUL;2001;11;226.0;bruto;Céu Azul
2553009;CÉU AZUL;2001;12;116.7;bruto;Céu Azul
2553009;CÉU AZUL;2002;1;236.0;bruto;Céu Azul
2553009;CÉU AZUL;2002;2;57.8;bruto;Céu Azul
2553009;CÉU AZUL;2002;3;68.2;bruto;Céu Azul
2553009;CÉU AZUL;2002;4;41.2;bruto;Céu Azul
2553009;CÉU AZUL;2002;5;450.2;bruto;Céu Azul
2553009;CÉU AZUL;2002;6;36.1;bruto;Céu Azul
2553009;CÉU AZUL;2002;7;49.3;bruto;Céu Azul
2553009;CÉU AZUL;2002;8;111.9;bruto;Céu Azul
2553009;CÉU AZUL;2002;9;143.9;bruto;Céu Azul
2553009;CÉU AZUL;2002;10;301.5;bruto;Céu Azul
2553009;CÉU AZUL;2002;11;261.8;bruto;Céu Azul
2553009;CÉU AZUL;2002;12;158.6;bruto;Céu Azul
2553009;CÉU AZUL;2003;1;168.9;bruto;Céu Azul
2553009;CÉU AZUL;2003;2;172.0;bruto;Céu Azul
2553009;CÉU AZUL;2003;3;135.4;bruto;Céu Azul
2553009;CÉU AZUL;2003;4;137.4;bruto;Céu Azul
2553009;CÉU AZUL;2003;5;55.2;bruto;Céu Azul
2553009;CÉU AZUL;2003;6;75.3;bruto;Céu Azul
2553009;CÉU AZUL;2003;7;128.2;bruto;Céu Azul
2553009;CÉU AZUL;2003;8;49.5;bruto;Céu Azul
2553009;CÉU AZUL;2003;9;138.2;bruto;Céu Azul
2553009;CÉU AZUL;2003;10;352.4;bruto;Céu Azul
2553009;CÉU AZUL;2003;11;250.9;bruto;Céu Azul
2553009;CÉU AZUL;2003;12;263.5;bruto;Céu Azul
2553009;CÉU AZUL;2004;1;174.0;bruto;Céu Azul
2553009;CÉU AZUL;2004;2;12.0;bruto;Céu Azul
2553009;CÉU AZUL;2004;3;42.5;bruto;Céu Azul
2553009;CÉU AZUL;2004;4;122.9;bruto;Céu Azul
2553009;CÉU AZUL;2004;5;308.1;bruto;Céu Azul
2553009;CÉU AZUL;2004;6;99.5;bruto;Céu Azul
2553009;CÉU AZUL;2004;7;161.5;bruto;Céu Azul
2553009;CÉU AZUL;2004;8;31.5;bruto;Céu Azul
2553009;CÉU AZUL;2004;9;55.5;bruto;Céu Azul
2553009;CÉU AZUL;2004;10;312.5;bruto;Céu Azul
2553009;CÉU AZUL;2004;11;229.5;bruto;Céu Azul
2553009;CÉU AZUL;2004;12;66.0;bruto;Céu Azul
2553009;CÉU AZUL;2005;1;174.0;bruto;Céu Azul
2553009;CÉU AZUL;2005;2;24.1;bruto;Céu Azul
2553009;CÉU AZUL;2005;3;50.0;bruto;Céu Azul
2553009;CÉU AZUL;2005;4;136.2;bruto;Céu Azul
2553009;CÉU AZUL;2005;5;309.7;bruto;Céu Azul
2553009;CÉU AZUL;2005;6;163.0;bruto;Céu Azul
2553009;CÉU AZUL;2005;7;74.7;bruto;Céu Azul
2553009;CÉU AZUL;2005;8;59.0;bruto;Céu Azul
2553009;CÉU AZUL;2005;9;209.1;bruto;Céu Azul
2553009;CÉU AZUL;2005;10;453.6;bruto;Céu Azul
2553009;CÉU AZUL;2005;11;110.6;bruto;Céu Azul
2553009;CÉU AZUL;2005;12;45.3;bruto;Céu Azul
2553009;CÉU AZUL;2006;1;254.2;bruto;Céu Azul
2553009;CÉU AZUL;2006;2;72.2;bruto;Céu Azul
2553009;CÉU AZUL;2006;3;309.4;bruto;Céu Azul
2553009;CÉU AZUL;2006;4;75.0;bruto;Céu Azul
2553009;CÉU AZUL;2006;5;0.0;bruto;Céu Azul
2553009;CÉU AZUL;2006;6;111.7;bruto;Céu Azul
2553009;CÉU AZUL;2006;7;28.5;bruto;Céu Azul
2553009;CÉU AZUL;2006;8;77.4;bruto;Céu Azul
2553009;CÉU AZUL;2006;9;264.6;bruto;Céu Azul
2553009;CÉU AZUL;2006;10;226.4;bruto;Céu Azul
2553009;CÉU AZUL;2006;11;241.3;bruto;Céu Azul
2553009;CÉU AZUL;2006;12;197.8;bruto;Céu Azul
2553009;CÉU AZUL;2007;1;216.9;bruto;Céu Azul
2553009;CÉU AZUL;2007;2;108.8;bruto;Céu Azul
2553009;CÉU AZUL;2007;3;206.3;bruto;Céu Azul
2553009;CÉU AZUL;2007;4;339.7;bruto;Céu Azul
2553009;CÉU AZUL;2007;5;261.9;bruto;Céu Azul
2553009;CÉU AZUL;2007;6;19.0;bruto;Céu Azul
2553009;CÉU AZUL;2007;7;85.8;bruto;Céu Azul
2553009;CÉU AZUL;2007;8;5.5;bruto;Céu Azul
2553009;CÉU AZUL;2007;9;27.7;bruto;Céu Azul
2553009;CÉU AZUL;2007;10;131.4;bruto;Céu Azul
2553009;CÉU AZUL;2007;11;268.8;bruto;Céu Azul
2553009;CÉU AZUL;2007;12;149.6;bruto;Céu Azul
2553009;CÉU AZUL;2008;1;326.7;bruto;Céu Azul
2553009;CÉU AZUL;2008;2;124.2;bruto;Céu Azul
2553009;CÉU AZUL;2008;3;121.6;bruto;Céu Azul
2553009;CÉU AZUL;2008;4;127.7;bruto;Céu Azul
2553009;CÉU AZUL;2008;5;28.0;bruto;Céu Azul
2553009;CÉU AZUL;2008;6;187.3;bruto;Céu Azul
2553009;CÉU AZUL;2008;7;133.5;bruto;Céu Azul
2553009;CÉU AZUL;2008;8;182.0;bruto;Céu Azul
2553009;CÉU AZUL;2008;9;124.2;bruto;Céu Azul
2553009;CÉU AZUL;2008;10;371.3;bruto;Céu Azul
2553009;CÉU AZUL;2008;11;172.3;bruto;Céu Azul
2553009;CÉU AZUL;2008;12;83.5;bruto;Céu Azul
2553009;CÉU AZUL;2009;1;226.4;bruto;Céu Azul
2553009;CÉU AZUL;2009;2;162.0;bruto;Céu Azul
2553009;CÉU AZUL;2009;3;118.6;bruto;Céu Azul
2553009;CÉU AZUL;2009;4;76.5;bruto;Céu Azul
2553009;CÉU AZUL;2009;5;274.6;bruto;Céu Azul
2553009;CÉU AZUL;2009;6;188.3;bruto;Céu Azul
2553009;CÉU AZUL;2009;7;113.2;bruto;Céu Azul
2553009;CÉU AZUL;2009;8;88.4;bruto;Céu Azul
2553009;CÉU AZUL;2009;9;180.6;bruto;Céu Azul
2553009;CÉU AZUL;2009;10;403.2;bruto;Céu Azul
2553009;CÉU AZUL;2009;11;193.2;bruto;Céu Azul
2553009;CÉU AZUL;2009;12;364.0;bruto;Céu Azul
2553009;CÉU AZUL;2010;1;181.4;bruto;Céu Azul
2553009;CÉU AZUL;2010;2;159.6;bruto;Céu Azul
2553009;CÉU AZUL;2010;3;200.8;bruto;Céu Azul
2553009;CÉU AZUL;2010;4;275.9;bruto;Céu Azul
2553009;CÉU AZUL;2010;5;79.5;bruto;Céu Azul
2553009;CÉU AZUL;2010;6;25.8;bruto;Céu Azul
2553009;CÉU AZUL;2010;7;97.7;bruto;Céu Azul
2553009;CÉU AZUL;2010;8;17.0;bruto;Céu Azul
2553009;CÉU AZUL;2010;9;96.2;bruto;Céu Azul
2553009;CÉU AZUL;2010;10;277.0;bruto;Céu Azul
2553009;CÉU AZUL;2010;11;104.7;bruto;Céu Azul
2553009;CÉU AZUL;2010;12;272.9;bruto;Céu Azul
2553009;CÉU AZUL;2011;1;273.3;bruto;Céu Azul
2553009;CÉU AZUL;2011;2;358.8;bruto;Céu Azul
2553009;CÉU AZUL;2011;3;54.0;bruto;Céu Azul
2553009;CÉU AZUL;2011;4;97.1;bruto;Céu Azul
2553009;CÉU AZUL;2011;5;46.1;bruto;Céu Azul
2553009;CÉU AZUL;2011;6;108.1;bruto;Céu Azul
2553009;CÉU AZUL;2011;7;206.7;bruto;Céu Azul
2553009;CÉU AZUL;2011;8;332.3;bruto;Céu Azul
2553009;CÉU AZUL;2011;9;123.5;bruto;Céu Azul
2553009;CÉU AZUL;2011;10;333.9;bruto;Céu Azul
2553009;CÉU AZUL;2011;11;212.6;bruto;Céu Azul
2553009;CÉU AZUL;2011;12;29.8;bruto;Céu Azul
2553009;CÉU AZUL;2012;1;149.5;bruto;Céu Azul
2553009;CÉU AZUL;2012;2;129.4;bruto;Céu Azul
2553009;CÉU AZUL;2012;3;42.8;bruto;Céu Azul
2553009;CÉU AZUL;2012;4;288.1;bruto;Céu Azul
2553009;CÉU AZUL;2012;5;;sem_leitura;Céu Azul
2553009;CÉU AZUL;2012;6;236.5;bruto;Céu Azul
2553009;CÉU AZUL;2012;7;96.6;bruto;Céu Azul
2553009;CÉU AZUL;2012;8;0.0;bruto;Céu Azul
2553009;CÉU AZUL;2012;9;60.5;bruto;Céu Azul
2553009;CÉU AZUL;2012;10;207.3;bruto;Céu Azul
2553009;CÉU AZUL;2012;11;119.8;bruto;Céu Azul
2553009;CÉU AZUL;2012;12;165.9;bruto;Céu Azul
2553009;CÉU AZUL;2013;1;239.0;bruto;Céu Azul
2553009;CÉU AZUL;2013;2;168.4;bruto;Céu Azul
2553009;CÉU AZUL;2013;3;309.3;bruto;Céu Azul
2553009;CÉU AZUL;2013;4;69.9;bruto;Céu Azul
2553009;CÉU AZUL;2013;5;343.1;bruto;Céu Azul
2553009;CÉU AZUL;2013;6;400.8;bruto;Céu Azul
2553009;CÉU AZUL;2013;7;68.1;bruto;Céu Azul
2553009;CÉU AZUL;2013;8;41.8;bruto;Céu Azul
2553009;CÉU AZUL;2013;9;208.6;bruto;Céu Azul
2553009;CÉU AZUL;2013;10;158.4;bruto;Céu Azul
2553009;CÉU AZUL;2013;11;102.2;bruto;Céu Azul
2553009;CÉU AZUL;2013;12;165.6;bruto;Céu Azul
2553009;CÉU AZUL;2014;1;66.7;bruto;Céu Azul
2553009;CÉU AZUL;2014;2;114.2;bruto;Céu Azul
2553009;CÉU AZUL;2014;3;225.2;bruto;Céu Azul
2553009;CÉU AZUL;2014;4;236.1;bruto;Céu Azul
2553009;CÉU AZUL;2014;5;220.9;bruto;Céu Azul
2553009;CÉU AZUL;2014;6;677.5;bruto;Céu Azul
2553009;CÉU AZUL;2014;7;136.3;bruto;Céu Azul
2553009;CÉU AZUL;2014;8;8.8;bruto;Céu Azul
2553009;CÉU AZUL;2014;9;312.7;bruto;Céu Azul
2553009;CÉU AZUL;2014;10;43.6;bruto;Céu Azul
2553009;CÉU AZUL;2014;11;227.2;bruto;Céu Azul
2553009;CÉU AZUL;2014;12;202.9;bruto;Céu Azul
2553009;CÉU AZUL;2015;1;223.5;bruto;Céu Azul
2553009;CÉU AZUL;2015;2;136.7;bruto;Céu Azul
2553009;CÉU AZUL;2015;3;178.1;bruto;Céu Azul
2553009;CÉU AZUL;2015;4;52.6;bruto;Céu Azul
2553009;CÉU AZUL;2015;5;193.0;bruto;Céu Azul
2553009;CÉU AZUL;2015;6;73.6;bruto;Céu Azul
2553009;CÉU AZUL;2015;7;400.4;bruto;Céu Azul
2553009;CÉU AZUL;2015;8;52.5;bruto;Céu Azul
2553009;CÉU AZUL;2015;9;112.1;bruto;Céu Azul
2553009;CÉU AZUL;2015;10;110.5;bruto;Céu Azul
2553009;CÉU AZUL;2015;11;256.6;bruto;Céu Azul
2553009;CÉU AZUL;2015;12;465.6;bruto;Céu Azul
2553009;CÉU AZUL;2016;1;137.9;bruto;Céu Azul
2553009;CÉU AZUL;2016;2;297.7;bruto;Céu Azul
2553009;CÉU AZUL;2016;3;128.7;bruto;Céu Azul
2553009;CÉU AZUL;2016;4;111.7;bruto;Céu Azul
2553009;CÉU AZUL;2016;5;184.5;bruto;Céu Azul
2553009;CÉU AZUL;2016;6;68.6;bruto;Céu Azul
2553009;CÉU AZUL;2016;7;84.5;bruto;Céu Azul
2553009;CÉU AZUL;2016;8;215.1;bruto;Céu Azul
2553009;CÉU AZUL;2016;9;33.1;bruto;Céu Azul
2553009;CÉU AZUL;2016;10;283.5;bruto;Céu Azul
2553009;CÉU AZUL;2016;11;123.8;bruto;Céu Azul
2553009;CÉU AZUL;2016;12;100.3;bruto;Céu Azul
2553009;CÉU AZUL;2017;1;139.5;bruto;Céu Azul
2553009;CÉU AZUL;2017;2;118.5;bruto;Céu Azul
2553009;CÉU AZUL;2017;3;164.2;bruto;Céu Azul
2553009;CÉU AZUL;2017;4;259.4;bruto;Céu Azul
2553009;CÉU AZUL;2017;5;158.9;bruto;Céu Azul
2553009;CÉU AZUL;2017;6;77.3;bruto;Céu Azul
2553009;CÉU AZUL;2017;7;0.0;bruto;Céu Azul
2553009;CÉU AZUL;2017;8;181.3;bruto;Céu Azul
2553009;CÉU AZUL;2017;9;30.9;bruto;Céu Azul
2553009;CÉU AZUL;2017;10;469.2;bruto;Céu Azul
2553009;CÉU AZUL;2017;11;296.2;bruto;Céu Azul
2553009;CÉU AZUL;2017;12;257.7;bruto;Céu Azul
2553009;CÉU AZUL;2018;1;231.7;bruto;Céu Azul
2553009;CÉU AZUL;2018;2;224.3;bruto;Céu Azul
2553009;CÉU AZUL;2018;3;203.0;bruto;Céu Azul
2553009;CÉU AZUL;2018;4;51.6;bruto;Céu Azul
2553009;CÉU AZUL;2018;5;107.8;bruto;Céu Azul
2553009;CÉU AZUL;2018;6;93.4;bruto;Céu Azul
2553009;CÉU AZUL;2018;7;8.7;bruto;Céu Azul
2553009;CÉU AZUL;2018;8;66.5;bruto;Céu Azul
2553009;CÉU AZUL;2018;9;161.8;bruto;Céu Azul
2553009;CÉU AZUL;2018;10;242.7;bruto;Céu Azul
2553009;CÉU AZUL;2018;11;188.1;bruto;Céu Azul
2553009;CÉU AZUL;2018;12;29.4;bruto;Céu Azul
2553009;CÉU AZUL;2019;1;98.0;bruto;Céu Azul
2553009;CÉU AZUL;2019;2;160.3;bruto;Céu Azul
2553009;CÉU AZUL;2019;3;156.5;bruto;Céu Azul
2553009;CÉU AZUL;2019;4;128.3;bruto;Céu Azul
2553009;CÉU AZUL;2019;5;244.4;bruto;Céu Azul
2553009;CÉU AZUL;2019;6;23.4;bruto;Céu Azul
2553009;CÉU AZUL;2019;7;69.6;bruto;Céu Azul
2553009;CÉU AZUL;2019;8;5.1;bruto;Céu Azul
2553009;CÉU AZUL;2019;9;27.5;bruto;Céu Azul
2553009;CÉU AZUL;2019;10;151.7;bruto;Céu Azul
2553009;CÉU AZUL;2019;11;107.7;bruto;Céu Azul
2553009;CÉU AZUL;2019;12;260.0;bruto;Céu Azul
2553009;CÉU AZUL;2020;1;170.0;bruto;Céu Azul
2553009;CÉU AZUL;2020;2;189.2;bruto;Céu Azul
2553009;CÉU AZUL;2020;3;51.1;bruto;Céu Azul
2553009;CÉU AZUL;2020;4;79.1;bruto;Céu Azul
2553009;CÉU AZUL;2020;5;202.8;bruto;Céu Azul
2553009;CÉU AZUL;2020;6;120.6;bruto;Céu Azul
2553009;CÉU AZUL;2020;7;65.0;bruto;Céu Azul
2553009;CÉU AZUL;2020;8;128.1;bruto;Céu Azul
2553009;CÉU AZUL;2020;9;13.4;bruto;Céu Azul
2553009;CÉU AZUL;2020;10;87.4;bruto;Céu Azul
2553009;CÉU AZUL;2020;11;50.6;bruto;Céu Azul
2553009;CÉU AZUL;2020;12;280.0;bruto;Céu Azul
2553009;CÉU AZUL;2021;1;351.0;bruto;Céu Azul
2553009;CÉU AZUL;2021;2;127.4;bruto;Céu Azul
2553009;CÉU AZUL;2021;3;98.3;bruto;Céu Azul
2553009;CÉU AZUL;2021;4;0.0;bruto;Céu Azul
2553009;CÉU AZUL;2021;5;71.8;bruto;Céu Azul
2553009;CÉU AZUL;2021;6;87.9;bruto;Céu Azul
2553009;CÉU AZUL;2021;7;37.7;bruto;Céu Azul
2553009;CÉU AZUL;2021;8;59.3;bruto;Céu Azul
2553009;CÉU AZUL;2021;9;64.1;bruto;Céu Azul
2553009;CÉU AZUL;2021;10;457.2;bruto;Céu Azul
2553009;CÉU AZUL;2021;11;74.6;bruto;Céu Azul
2553009;CÉU AZUL;2021;12;0.0;bruto;Céu Azul
2553009;CÉU AZUL;2022;1;160.1;bruto;Céu Azul
2553009;CÉU AZUL;2022;2;215.7;bruto;Céu Azul
2553009;CÉU AZUL;2022;3;184.2;bruto;Céu Azul
2553009;CÉU AZUL;2022;4;218.5;bruto;Céu Azul
2553009;CÉU AZUL;2022;5;174.5;bruto;Céu Azul
2553009;CÉU AZUL;2022;6;151.8;bruto;Céu Azul
2553009;CÉU AZUL;2022;7;47.1;bruto;Céu Azul
2553009;CÉU AZUL;2022;8;102.7;bruto;Céu Azul
2553009;CÉU AZUL;2022;9;205.2;bruto;Céu Azul
2553009;CÉU AZUL;2022;10;392.4;bruto;Céu Azul
2553009;CÉU AZUL;2022;11;111.9;bruto;Céu Azul
2553009;CÉU AZUL;2022;12;93.5;bruto;Céu Azul
2553009;CÉU AZUL;2023;1;120.2;bruto;Céu Azul
2553009;CÉU AZUL;2023;2;247.1;bruto;Céu Azul
2553009;CÉU AZUL;2023;3;168.4;bruto;Céu Azul
2553009;CÉU AZUL;2023;4;182.1;bruto;Céu Azul
2553009;CÉU AZUL;2023;5;156.7;bruto;Céu Azul
2553009;CÉU AZUL;2023;6;99.5;bruto;Céu Azul
2553009;CÉU AZUL;2023;7;120.5;bruto;Céu Azul
2553009;CÉU AZUL;2023;8;87.9;bruto;Céu Azul
2553009;CÉU AZUL;2023;9;164.3;bruto;Céu Azul
2553009;CÉU AZUL;2023;10;423.1;bruto;Céu Azul
2553009;CÉU AZUL;2023;11;330.6;bruto;Céu Azul
2553009;CÉU AZUL;2023;12;225.0;bruto;Céu Azul
2553009;CÉU AZUL;2024;1;152.5;bruto;Céu Azul
2553009;CÉU AZUL;2024;2;100.3;bruto;Céu Azul
2553009;CÉU AZUL;2024;3;64.5;bruto;Céu Azul
2553009;CÉU AZUL;2024;4;171.4;bruto;Céu Azul
2553009;CÉU AZUL;2024;5;93.9;bruto;Céu Azul
2553009;CÉU AZUL;2024;6;37.0;bruto;Céu Azul
2553009;CÉU AZUL;2024;7;162.0;bruto;Céu Azul
2553009;CÉU AZUL;2024;8;20.0;bruto;Céu Azul
2553009;CÉU AZUL;2024;9;152.5;bruto;Céu Azul
2553009;CÉU AZUL;2024;10;148.7;bruto;Céu Azul
2553009;CÉU AZUL;2024;11;135.3;bruto;Céu Azul
2553009;CÉU AZUL;2024;12;90.2;bruto;Céu Azul
2553009;CÉU AZUL;2025;1;;sem_leitura;Céu Azul
2553009;CÉU AZUL;2025;2;;sem_leitura;Céu Azul
2553009;CÉU AZUL;2025;3;83.0;bruto;Céu Azul
2553009;CÉU AZUL;2025;4;11.0;bruto;Céu Azul
2553009;CÉU AZUL;2025;5;76.4;bruto;Céu Azul
2553009;CÉU AZUL;2025;6;;sem_leitura;Céu Azul
2553009;CÉU AZUL;2025;7;;sem_leitura;Céu Azul
2553009;CÉU AZUL;2025;8;;sem_leitura;Céu Azul
2553009;CÉU AZUL;2025;9;;sem_leitura;Céu Azul
2553009;CÉU AZUL;2025;10;;sem_leitura;Céu Azul
2553009;CÉU AZUL;2025;11;;sem_leitura;Céu Azul
2553009;CÉU AZUL;2025;12;;sem_leitura;Céu Azul
2553010;SANTA IZABEL D'OESTE;1986;1;187.7;bruto;Santa Isabel do Oeste
2553010;SANTA IZABEL D'OESTE;1986;2;193.8;bruto;Santa Isabel do Oeste
2553010;SANTA IZABEL D'OESTE;1986;3;169.7;bruto;Santa Isabel do Oeste
2553010;SANTA IZABEL D'OESTE;1986;4;168.0;bruto;Santa Isabel do Oeste
2553010;SANTA IZABEL D'OESTE;1986;5;335.0;bruto;Santa Isabel do Oeste
2553010;SANTA IZABEL D'OESTE;1986;6;58.0;bruto;Santa Isabel do Oeste
2553010;SANTA IZABEL D'OESTE;1986;7;93.8;bruto;Santa Isabel do Oeste
2553010;SANTA IZABEL D'OESTE;1986;8;150.9;bruto;Santa Isabel do Oeste
2553010;SANTA IZABEL D'OESTE;1986;9;254.8;bruto;Santa Isabel do Oeste
2553010;SANTA IZABEL D'OESTE;1986;10;154.0;bruto;Santa Isabel do Oeste
2553010;SANTA IZABEL D'OESTE;1986;11;76.3;bruto;Santa Isabel do Oeste
2553010;SANTA IZABEL D'OESTE;1986;12;208.9;bruto;Santa Isabel do Oeste
2553010;SANTA IZABEL D'OESTE;1987;1;189.6;bruto;Santa Isabel do Oeste
2553010;SANTA IZABEL D'OESTE;1987;2;276.5;bruto;Santa Isabel do Oeste
2553010;SANTA IZABEL D'OESTE;1987;3;103.7;bruto;Santa Isabel do Oeste
2553010;SANTA IZABEL D'OESTE;1987;4;159.6;bruto;Santa Isabel do Oeste
2553010;SANTA IZABEL D'OESTE;1987;5;280.0;bruto;Santa Isabel do Oeste
2553010;SANTA IZABEL D'OESTE;1987;6;111.7;bruto;Santa Isabel do Oeste
2553010;SANTA IZABEL D'OESTE;1987;7;112.7;bruto;Santa Isabel do Oeste
2553010;SANTA IZABEL D'OESTE;1987;8;35.7;bruto;Santa Isabel do Oeste
2553010;SANTA IZABEL D'OESTE;1987;9;46.6;bruto;Santa Isabel do Oeste
2553010;SANTA IZABEL D'OESTE;1987;10;244.9;bruto;Santa Isabel do Oeste
2553010;SANTA IZABEL D'OESTE;1987;11;248.0;bruto;Santa Isabel do Oeste
2553010;SANTA IZABEL D'OESTE;1987;12;175.7;bruto;Santa Isabel do Oeste
2553010;SANTA IZABEL D'OESTE;1988;1;175.1;bruto;Santa Isabel do Oeste
2553010;SANTA IZABEL D'OESTE;1988;2;154.8;bruto;Santa Isabel do Oeste
2553010;SANTA IZABEL D'OESTE;1988;3;30.4;bruto;Santa Isabel do Oeste
2553010;SANTA IZABEL D'OESTE;1988;4;212.4;bruto;Santa Isabel do Oeste
2553010;SANTA IZABEL D'OESTE;1988;5;206.8;bruto;Santa Isabel do Oeste
2553010;SANTA IZABEL D'OESTE;1988;6;77.0;bruto;Santa Isabel do Oeste
2553010;SANTA IZABEL D'OESTE;1988;7;5.3;bruto;Santa Isabel do Oeste
2553010;SANTA IZABEL D'OESTE;1988;8;3.4;bruto;Santa Isabel do Oeste
2553010;SANTA IZABEL D'OESTE;1988;9;44.2;bruto;Santa Isabel do Oeste
2553010;SANTA IZABEL D'OESTE;1988;10;184.2;bruto;Santa Isabel do Oeste
2553010;SANTA IZABEL D'OESTE;1988;11;79.9;bruto;Santa Isabel do Oeste
2553010;SANTA IZABEL D'OESTE;1988;12;256.0;bruto;Santa Isabel do Oeste
2553010;SANTA IZABEL D'OESTE;1989;1;362.0;bruto;Santa Isabel do Oeste
2553010;SANTA IZABEL D'OESTE;1989;2;144.2;bruto;Santa Isabel do Oeste
2553010;SANTA IZABEL D'OESTE;1989;3;27.6;bruto;Santa Isabel do Oeste
2553010;SANTA IZABEL D'OESTE;1989;4;75.4;bruto;Santa Isabel do Oeste
2553010;SANTA IZABEL D'OESTE;1989;5;37.2;bruto;Santa Isabel do Oeste
2553010;SANTA IZABEL D'OESTE;1989;6;93.9;bruto;Santa Isabel do Oeste
2553010;SANTA IZABEL D'OESTE;1989;7;132.4;bruto;Santa Isabel do Oeste
2553010;SANTA IZABEL D'OESTE;1989;8;270.6;bruto;Santa Isabel do Oeste
2553010;SANTA IZABEL D'OESTE;1989;9;247.2;bruto;Santa Isabel do Oeste
2553010;SANTA IZABEL D'OESTE;1989;10;210.1;bruto;Santa Isabel do Oeste
2553010;SANTA IZABEL D'OESTE;1989;11;95.2;bruto;Santa Isabel do Oeste
2553010;SANTA IZABEL D'OESTE;1989;12;113.3;bruto;Santa Isabel do Oeste
2553010;SANTA IZABEL D'OESTE;1990;1;316.6;bruto;Santa Isabel do Oeste
2553010;SANTA IZABEL D'OESTE;1990;2;60.2;bruto;Santa Isabel do Oeste
2553010;SANTA IZABEL D'OESTE;1990;3;103.5;bruto;Santa Isabel do Oeste
2553010;SANTA IZABEL D'OESTE;1990;4;334.9;bruto;Santa Isabel do Oeste
2553010;SANTA IZABEL D'OESTE;1990;5;183.3;bruto;Santa Isabel do Oeste
2553010;SANTA IZABEL D'OESTE;1990;6;209.9;bruto;Santa Isabel do Oeste
2553010;SANTA IZABEL D'OESTE;1990;7;181.2;bruto;Santa Isabel do Oeste
2553010;SANTA IZABEL D'OESTE;1990;8;146.9;bruto;Santa Isabel do Oeste
2553010;SANTA IZABEL D'OESTE;1990;9;195.0;bruto;Santa Isabel do Oeste
2553010;SANTA IZABEL D'OESTE;1990;10;227.2;bruto;Santa Isabel do Oeste
2553010;SANTA IZABEL D'OESTE;1990;11;196.1;bruto;Santa Isabel do Oeste
2553010;SANTA IZABEL D'OESTE;1990;12;139.9;bruto;Santa Isabel do Oeste
2553010;SANTA IZABEL D'OESTE;1991;1;152.7;bruto;Santa Isabel do Oeste
2553010;SANTA IZABEL D'OESTE;1991;2;26.6;bruto;Santa Isabel do Oeste
2553010;SANTA IZABEL D'OESTE;1991;3;41.7;bruto;Santa Isabel do Oeste
2553010;SANTA IZABEL D'OESTE;1991;4;197.5;bruto;Santa Isabel do Oeste
2553010;SANTA IZABEL D'OESTE;1991;5;60.8;bruto;Santa Isabel do Oeste
2553010;SANTA IZABEL D'OESTE;1991;6;347.1;bruto;Santa Isabel do Oeste
2553010;SANTA IZABEL D'OESTE;1991;7;33.0;bruto;Santa Isabel do Oeste
2553010;SANTA IZABEL D'OESTE;1991;8;24.2;bruto;Santa Isabel do Oeste
2553010;SANTA IZABEL D'OESTE;1991;9;73.8;bruto;Santa Isabel do Oeste
2553010;SANTA IZABEL D'OESTE;1991;10;139.4;bruto;Santa Isabel do Oeste
2553010;SANTA IZABEL D'OESTE;1991;11;153.0;bruto;Santa Isabel do Oeste
2553010;SANTA IZABEL D'OESTE;1991;12;230.0;bruto;Santa Isabel do Oeste
2553010;SANTA IZABEL D'OESTE;1992;1;27.1;bruto;Santa Isabel do Oeste
2553010;SANTA IZABEL D'OESTE;1992;2;175.2;bruto;Santa Isabel do Oeste
2553010;SANTA IZABEL D'OESTE;1992;3;316.3;bruto;Santa Isabel do Oeste
2553010;SANTA IZABEL D'OESTE;1992;4;109.1;bruto;Santa Isabel do Oeste
2553010;SANTA IZABEL D'OESTE;1992;5;480.9;bruto;Santa Isabel do Oeste
2553010;SANTA IZABEL D'OESTE;1992;6;209.2;bruto;Santa Isabel do Oeste
2553010;SANTA IZABEL D'OESTE;1992;7;132.6;bruto;Santa Isabel do Oeste
2553010;SANTA IZABEL D'OESTE;1992;8;135.3;bruto;Santa Isabel do Oeste
2553010;SANTA IZABEL D'OESTE;1992;9;120.7;bruto;Santa Isabel do Oeste
2553010;SANTA IZABEL D'OESTE;1992;10;277.6;bruto;Santa Isabel do Oeste
2553010;SANTA IZABEL D'OESTE;1992;11;173.5;bruto;Santa Isabel do Oeste
2553010;SANTA IZABEL D'OESTE;1992;12;57.5;bruto;Santa Isabel do Oeste
2553010;SANTA IZABEL D'OESTE;1993;1;276.0;bruto;Santa Isabel do Oeste
2553010;SANTA IZABEL D'OESTE;1993;2;114.1;bruto;Santa Isabel do Oeste
2553010;SANTA IZABEL D'OESTE;1993;3;146.0;bruto;Santa Isabel do Oeste
2553010;SANTA IZABEL D'OESTE;1993;4;59.2;bruto;Santa Isabel do Oeste
2553010;SANTA IZABEL D'OESTE;1993;5;335.1;bruto;Santa Isabel do Oeste
2553010;SANTA IZABEL D'OESTE;1993;6;226.0;bruto;Santa Isabel do Oeste
2553010;SANTA IZABEL D'OESTE;1993;7;187.7;bruto;Santa Isabel do Oeste
2553010;SANTA IZABEL D'OESTE;1993;8;11.5;bruto;Santa Isabel do Oeste
2553010;SANTA IZABEL D'OESTE;1993;9;284.2;bruto;Santa Isabel do Oeste
2553010;SANTA IZABEL D'OESTE;1993;10;227.3;bruto;Santa Isabel do Oeste
2553010;SANTA IZABEL D'OESTE;1993;11;102.6;bruto;Santa Isabel do Oeste
2553010;SANTA IZABEL D'OESTE;1993;12;191.1;bruto;Santa Isabel do Oeste
2553010;SANTA IZABEL D'OESTE;1994;1;93.5;bruto;Santa Isabel do Oeste
2553010;SANTA IZABEL D'OESTE;1994;2;316.4;bruto;Santa Isabel do Oeste
2553010;SANTA IZABEL D'OESTE;1994;3;59.4;bruto;Santa Isabel do Oeste
2553010;SANTA IZABEL D'OESTE;1994;4;88.8;bruto;Santa Isabel do Oeste
2553010;SANTA IZABEL D'OESTE;1994;5;307.6;bruto;Santa Isabel do Oeste
2553010;SANTA IZABEL D'OESTE;1994;6;307.4;bruto;Santa Isabel do Oeste
2553010;SANTA IZABEL D'OESTE;1994;7;116.3;bruto;Santa Isabel do Oeste
2553010;SANTA IZABEL D'OESTE;1994;8;8.8;bruto;Santa Isabel do Oeste
2553010;SANTA IZABEL D'OESTE;1994;9;76.2;bruto;Santa Isabel do Oeste
2553010;SANTA IZABEL D'OESTE;1994;10;259.2;bruto;Santa Isabel do Oeste
2553010;SANTA IZABEL D'OESTE;1994;11;225.7;bruto;Santa Isabel do Oeste
2553010;SANTA IZABEL D'OESTE;1994;12;225.6;bruto;Santa Isabel do Oeste
2553010;SANTA IZABEL D'OESTE;1995;1;215.2;bruto;Santa Isabel do Oeste
2553010;SANTA IZABEL D'OESTE;1995;2;127.0;bruto;Santa Isabel do Oeste
2553010;SANTA IZABEL D'OESTE;1995;3;219.1;bruto;Santa Isabel do Oeste
2553010;SANTA IZABEL D'OESTE;1995;4;157.8;bruto;Santa Isabel do Oeste
2553010;SANTA IZABEL D'OESTE;1995;5;13.6;bruto;Santa Isabel do Oeste
2553010;SANTA IZABEL D'OESTE;1995;6;111.4;bruto;Santa Isabel do Oeste
2553010;SANTA IZABEL D'OESTE;1995;7;83.2;bruto;Santa Isabel do Oeste
2553010;SANTA IZABEL D'OESTE;1995;8;36.2;bruto;Santa Isabel do Oeste
2553010;SANTA IZABEL D'OESTE;1995;9;243.3;bruto;Santa Isabel do Oeste
2553010;SANTA IZABEL D'OESTE;1995;10;188.7;bruto;Santa Isabel do Oeste
2553010;SANTA IZABEL D'OESTE;1995;11;85.4;bruto;Santa Isabel do Oeste
2553010;SANTA IZABEL D'OESTE;1995;12;47.8;bruto;Santa Isabel do Oeste
2553010;SANTA IZABEL D'OESTE;1996;1;201.0;bruto;Santa Isabel do Oeste
2553010;SANTA IZABEL D'OESTE;1996;2;208.9;bruto;Santa Isabel do Oeste
2553010;SANTA IZABEL D'OESTE;1996;3;217.5;bruto;Santa Isabel do Oeste
2553010;SANTA IZABEL D'OESTE;1996;4;72.2;bruto;Santa Isabel do Oeste
2553010;SANTA IZABEL D'OESTE;1996;5;38.0;bruto;Santa Isabel do Oeste
2553010;SANTA IZABEL D'OESTE;1996;6;177.7;bruto;Santa Isabel do Oeste
2553010;SANTA IZABEL D'OESTE;1996;7;54.0;bruto;Santa Isabel do Oeste
2553010;SANTA IZABEL D'OESTE;1996;8;41.0;bruto;Santa Isabel do Oeste
2553010;SANTA IZABEL D'OESTE;1996;9;156.2;bruto;Santa Isabel do Oeste
2553010;SANTA IZABEL D'OESTE;1996;10;542.2;bruto;Santa Isabel do Oeste
2553010;SANTA IZABEL D'OESTE;1996;11;219.0;bruto;Santa Isabel do Oeste
2553010;SANTA IZABEL D'OESTE;1996;12;251.2;bruto;Santa Isabel do Oeste
2553010;SANTA IZABEL D'OESTE;1997;1;98.8;bruto;Santa Isabel do Oeste
2553010;SANTA IZABEL D'OESTE;1997;2;200.8;bruto;Santa Isabel do Oeste
2553010;SANTA IZABEL D'OESTE;1997;3;1.5;bruto;Santa Isabel do Oeste
2553010;SANTA IZABEL D'OESTE;1997;4;43.1;bruto;Santa Isabel do Oeste
2553010;SANTA IZABEL D'OESTE;1997;5;321.8;bruto;Santa Isabel do Oeste
2553010;SANTA IZABEL D'OESTE;1997;6;268.6;bruto;Santa Isabel do Oeste
2553010;SANTA IZABEL D'OESTE;1997;7;80.3;bruto;Santa Isabel do Oeste
2553010;SANTA IZABEL D'OESTE;1997;8;227.1;bruto;Santa Isabel do Oeste
2553010;SANTA IZABEL D'OESTE;1997;9;246.1;bruto;Santa Isabel do Oeste
2553010;SANTA IZABEL D'OESTE;1997;10;308.3;bruto;Santa Isabel do Oeste
2553010;SANTA IZABEL D'OESTE;1997;11;300.4;bruto;Santa Isabel do Oeste
2553010;SANTA IZABEL D'OESTE;1997;12;122.1;bruto;Santa Isabel do Oeste
2553010;SANTA IZABEL D'OESTE;1998;1;275.4;bruto;Santa Isabel do Oeste
2553010;SANTA IZABEL D'OESTE;1998;2;223.5;bruto;Santa Isabel do Oeste
2553010;SANTA IZABEL D'OESTE;1998;3;324.8;bruto;Santa Isabel do Oeste
2553010;SANTA IZABEL D'OESTE;1998;4;403.1;bruto;Santa Isabel do Oeste
2553010;SANTA IZABEL D'OESTE;1998;5;203.9;bruto;Santa Isabel do Oeste
2553010;SANTA IZABEL D'OESTE;1998;6;66.7;bruto;Santa Isabel do Oeste
2553010;SANTA IZABEL D'OESTE;1998;7;58.1;bruto;Santa Isabel do Oeste
2553010;SANTA IZABEL D'OESTE;1998;8;305.7;bruto;Santa Isabel do Oeste
2553010;SANTA IZABEL D'OESTE;1998;9;313.4;bruto;Santa Isabel do Oeste
2553010;SANTA IZABEL D'OESTE;1998;10;331.7;bruto;Santa Isabel do Oeste
2553010;SANTA IZABEL D'OESTE;1998;11;26.2;bruto;Santa Isabel do Oeste
2553010;SANTA IZABEL D'OESTE;1998;12;156.3;bruto;Santa Isabel do Oeste
2553010;SANTA IZABEL D'OESTE;1999;1;302.1;bruto;Santa Isabel do Oeste
2553010;SANTA IZABEL D'OESTE;1999;2;207.4;bruto;Santa Isabel do Oeste
2553010;SANTA IZABEL D'OESTE;1999;3;119.5;bruto;Santa Isabel do Oeste
2553010;SANTA IZABEL D'OESTE;1999;4;51.3;bruto;Santa Isabel do Oeste
2553010;SANTA IZABEL D'OESTE;1999;5;96.0;bruto;Santa Isabel do Oeste
2553010;SANTA IZABEL D'OESTE;1999;6;198.8;bruto;Santa Isabel do Oeste
2553010;SANTA IZABEL D'OESTE;1999;7;132.8;bruto;Santa Isabel do Oeste
2553010;SANTA IZABEL D'OESTE;1999;8;14.3;bruto;Santa Isabel do Oeste
2553010;SANTA IZABEL D'OESTE;1999;9;119.8;bruto;Santa Isabel do Oeste
2553010;SANTA IZABEL D'OESTE;1999;10;89.8;bruto;Santa Isabel do Oeste
2553010;SANTA IZABEL D'OESTE;1999;11;33.5;bruto;Santa Isabel do Oeste
2553010;SANTA IZABEL D'OESTE;1999;12;226.8;bruto;Santa Isabel do Oeste
2553010;SANTA IZABEL D'OESTE;2000;1;139.1;bruto;Santa Isabel do Oeste
2553010;SANTA IZABEL D'OESTE;2000;2;281.0;bruto;Santa Isabel do Oeste
2553010;SANTA IZABEL D'OESTE;2000;3;105.0;bruto;Santa Isabel do Oeste
2553010;SANTA IZABEL D'OESTE;2000;4;77.4;bruto;Santa Isabel do Oeste
2553010;SANTA IZABEL D'OESTE;2000;5;148.0;bruto;Santa Isabel do Oeste
2553010;SANTA IZABEL D'OESTE;2000;6;150.5;bruto;Santa Isabel do Oeste
2553010;SANTA IZABEL D'OESTE;2000;7;87.5;bruto;Santa Isabel do Oeste
2553010;SANTA IZABEL D'OESTE;2000;8;112.6;bruto;Santa Isabel do Oeste
2553010;SANTA IZABEL D'OESTE;2000;9;199.3;bruto;Santa Isabel do Oeste
2553010;SANTA IZABEL D'OESTE;2000;10;308.8;bruto;Santa Isabel do Oeste
2553010;SANTA IZABEL D'OESTE;2000;11;107.9;bruto;Santa Isabel do Oeste
2553010;SANTA IZABEL D'OESTE;2000;12;161.1;bruto;Santa Isabel do Oeste
2553010;SANTA IZABEL D'OESTE;2001;1;256.1;bruto;Santa Isabel do Oeste
2553010;SANTA IZABEL D'OESTE;2001;2;176.5;bruto;Santa Isabel do Oeste
2553010;SANTA IZABEL D'OESTE;2001;3;211.3;bruto;Santa Isabel do Oeste
2553010;SANTA IZABEL D'OESTE;2001;4;136.5;bruto;Santa Isabel do Oeste
2553010;SANTA IZABEL D'OESTE;2001;5;112.0;bruto;Santa Isabel do Oeste
2553010;SANTA IZABEL D'OESTE;2001;6;112.7;bruto;Santa Isabel do Oeste
2553010;SANTA IZABEL D'OESTE;2001;7;129.1;bruto;Santa Isabel do Oeste
2553010;SANTA IZABEL D'OESTE;2001;8;78.2;bruto;Santa Isabel do Oeste
2553010;SANTA IZABEL D'OESTE;2001;9;108.3;bruto;Santa Isabel do Oeste
2553010;SANTA IZABEL D'OESTE;2001;10;123.9;bruto;Santa Isabel do Oeste
2553010;SANTA IZABEL D'OESTE;2001;11;177.0;bruto;Santa Isabel do Oeste
2553010;SANTA IZABEL D'OESTE;2001;12;130.8;bruto;Santa Isabel do Oeste
2553010;SANTA IZABEL D'OESTE;2002;1;176.5;bruto;Santa Isabel do Oeste
2553010;SANTA IZABEL D'OESTE;2002;2;126.2;bruto;Santa Isabel do Oeste
2553010;SANTA IZABEL D'OESTE;2002;3;32.1;bruto;Santa Isabel do Oeste
2553010;SANTA IZABEL D'OESTE;2002;4;39.6;bruto;Santa Isabel do Oeste
2553010;SANTA IZABEL D'OESTE;2002;5;395.8;bruto;Santa Isabel do Oeste
2553010;SANTA IZABEL D'OESTE;2002;6;43.2;bruto;Santa Isabel do Oeste
2553010;SANTA IZABEL D'OESTE;2002;7;103.0;bruto;Santa Isabel do Oeste
2553010;SANTA IZABEL D'OESTE;2002;8;144.8;bruto;Santa Isabel do Oeste
2553010;SANTA IZABEL D'OESTE;2002;9;177.4;bruto;Santa Isabel do Oeste
2553010;SANTA IZABEL D'OESTE;2002;10;359.9;bruto;Santa Isabel do Oeste
2553010;SANTA IZABEL D'OESTE;2002;11;245.1;bruto;Santa Isabel do Oeste
2553010;SANTA IZABEL D'OESTE;2002;12;137.8;bruto;Santa Isabel do Oeste
2553010;SANTA IZABEL D'OESTE;2003;1;186.5;bruto;Santa Isabel do Oeste
2553010;SANTA IZABEL D'OESTE;2003;2;290.8;bruto;Santa Isabel do Oeste
2553010;SANTA IZABEL D'OESTE;2003;3;124.6;bruto;Santa Isabel do Oeste
2553010;SANTA IZABEL D'OESTE;2003;4;75.0;bruto;Santa Isabel do Oeste
2553010;SANTA IZABEL D'OESTE;2003;5;122.6;bruto;Santa Isabel do Oeste
2553010;SANTA IZABEL D'OESTE;2003;6;114.0;bruto;Santa Isabel do Oeste
2553010;SANTA IZABEL D'OESTE;2003;7;59.5;bruto;Santa Isabel do Oeste
2553010;SANTA IZABEL D'OESTE;2003;8;45.6;bruto;Santa Isabel do Oeste
2553010;SANTA IZABEL D'OESTE;2003;9;150.7;bruto;Santa Isabel do Oeste
2553010;SANTA IZABEL D'OESTE;2003;10;193.0;bruto;Santa Isabel do Oeste
2553010;SANTA IZABEL D'OESTE;2003;11;184.2;bruto;Santa Isabel do Oeste
2553010;SANTA IZABEL D'OESTE;2003;12;334.2;bruto;Santa Isabel do Oeste
2553010;SANTA IZABEL D'OESTE;2004;1;123.1;bruto;Santa Isabel do Oeste
2553010;SANTA IZABEL D'OESTE;2004;2;54.4;bruto;Santa Isabel do Oeste
2553010;SANTA IZABEL D'OESTE;2004;3;125.7;bruto;Santa Isabel do Oeste
2553010;SANTA IZABEL D'OESTE;2004;4;111.7;bruto;Santa Isabel do Oeste
2553010;SANTA IZABEL D'OESTE;2004;5;337.1;bruto;Santa Isabel do Oeste
2553010;SANTA IZABEL D'OESTE;2004;6;184.3;bruto;Santa Isabel do Oeste
2553010;SANTA IZABEL D'OESTE;2004;7;178.4;bruto;Santa Isabel do Oeste
2553010;SANTA IZABEL D'OESTE;2004;8;27.9;bruto;Santa Isabel do Oeste
2553010;SANTA IZABEL D'OESTE;2004;9;101.8;bruto;Santa Isabel do Oeste
2553010;SANTA IZABEL D'OESTE;2004;10;320.3;bruto;Santa Isabel do Oeste
2553010;SANTA IZABEL D'OESTE;2004;11;191.9;bruto;Santa Isabel do Oeste
2553010;SANTA IZABEL D'OESTE;2004;12;54.4;bruto;Santa Isabel do Oeste
2553010;SANTA IZABEL D'OESTE;2005;1;97.2;bruto;Santa Isabel do Oeste
2553010;SANTA IZABEL D'OESTE;2005;2;7.8;bruto;Santa Isabel do Oeste
2553010;SANTA IZABEL D'OESTE;2005;3;53.4;bruto;Santa Isabel do Oeste
2553010;SANTA IZABEL D'OESTE;2005;4;109.8;bruto;Santa Isabel do Oeste
2553010;SANTA IZABEL D'OESTE;2005;5;319.1;bruto;Santa Isabel do Oeste
2553010;SANTA IZABEL D'OESTE;2005;6;182.9;bruto;Santa Isabel do Oeste
2553010;SANTA IZABEL D'OESTE;2005;7;109.3;bruto;Santa Isabel do Oeste
2553010;SANTA IZABEL D'OESTE;2005;8;129.1;bruto;Santa Isabel do Oeste
2553010;SANTA IZABEL D'OESTE;2005;9;183.2;bruto;Santa Isabel do Oeste
2553010;SANTA IZABEL D'OESTE;2005;10;388.9;bruto;Santa Isabel do Oeste
2553010;SANTA IZABEL D'OESTE;2005;11;37.6;bruto;Santa Isabel do Oeste
2553010;SANTA IZABEL D'OESTE;2005;12;41.5;bruto;Santa Isabel do Oeste
2553010;SANTA IZABEL D'OESTE;2006;1;164.4;bruto;Santa Isabel do Oeste
2553010;SANTA IZABEL D'OESTE;2006;2;47.6;bruto;Santa Isabel do Oeste
2553010;SANTA IZABEL D'OESTE;2006;3;138.6;bruto;Santa Isabel do Oeste
2553010;SANTA IZABEL D'OESTE;2006;4;58.2;bruto;Santa Isabel do Oeste
2553010;SANTA IZABEL D'OESTE;2006;5;0.0;bruto;Santa Isabel do Oeste
2553010;SANTA IZABEL D'OESTE;2006;6;83.8;bruto;Santa Isabel do Oeste
2553010;SANTA IZABEL D'OESTE;2006;7;41.3;bruto;Santa Isabel do Oeste
2553010;SANTA IZABEL D'OESTE;2006;8;108.5;bruto;Santa Isabel do Oeste
2553010;SANTA IZABEL D'OESTE;2006;9;155.5;bruto;Santa Isabel do Oeste
2553010;SANTA IZABEL D'OESTE;2006;10;124.9;bruto;Santa Isabel do Oeste
2553010;SANTA IZABEL D'OESTE;2006;11;157.8;bruto;Santa Isabel do Oeste
2553010;SANTA IZABEL D'OESTE;2006;12;204.7;bruto;Santa Isabel do Oeste
2553010;SANTA IZABEL D'OESTE;2007;1;198.2;bruto;Santa Isabel do Oeste
2553010;SANTA IZABEL D'OESTE;2007;2;145.2;bruto;Santa Isabel do Oeste
2553010;SANTA IZABEL D'OESTE;2007;3;46.8;bruto;Santa Isabel do Oeste
2553010;SANTA IZABEL D'OESTE;2007;4;338.3;bruto;Santa Isabel do Oeste
2553010;SANTA IZABEL D'OESTE;2007;5;214.5;bruto;Santa Isabel do Oeste
2553010;SANTA IZABEL D'OESTE;2007;6;5.0;bruto;Santa Isabel do Oeste
2553010;SANTA IZABEL D'OESTE;2007;7;113.1;bruto;Santa Isabel do Oeste
2553010;SANTA IZABEL D'OESTE;2007;8;20.2;bruto;Santa Isabel do Oeste
2553010;SANTA IZABEL D'OESTE;2007;9;15.3;bruto;Santa Isabel do Oeste
2553010;SANTA IZABEL D'OESTE;2007;10;169.2;bruto;Santa Isabel do Oeste
2553010;SANTA IZABEL D'OESTE;2007;11;275.1;bruto;Santa Isabel do Oeste
2553010;SANTA IZABEL D'OESTE;2007;12;85.4;bruto;Santa Isabel do Oeste
2553010;SANTA IZABEL D'OESTE;2008;1;126.8;bruto;Santa Isabel do Oeste
2553010;SANTA IZABEL D'OESTE;2008;2;56.1;bruto;Santa Isabel do Oeste
2553010;SANTA IZABEL D'OESTE;2008;3;51.6;bruto;Santa Isabel do Oeste
2553010;SANTA IZABEL D'OESTE;2008;4;346.5;bruto;Santa Isabel do Oeste
2553010;SANTA IZABEL D'OESTE;2008;5;86.1;bruto;Santa Isabel do Oeste
2553010;SANTA IZABEL D'OESTE;2008;6;168.1;bruto;Santa Isabel do Oeste
2553010;SANTA IZABEL D'OESTE;2008;7;66.5;bruto;Santa Isabel do Oeste
2553010;SANTA IZABEL D'OESTE;2008;8;86.8;bruto;Santa Isabel do Oeste
2553010;SANTA IZABEL D'OESTE;2008;9;154.0;bruto;Santa Isabel do Oeste
2553010;SANTA IZABEL D'OESTE;2008;10;273.6;bruto;Santa Isabel do Oeste
2553010;SANTA IZABEL D'OESTE;2008;11;144.6;bruto;Santa Isabel do Oeste
2553010;SANTA IZABEL D'OESTE;2008;12;31.7;bruto;Santa Isabel do Oeste
2553010;SANTA IZABEL D'OESTE;2009;1;254.4;bruto;Santa Isabel do Oeste
2553010;SANTA IZABEL D'OESTE;2009;2;190.6;bruto;Santa Isabel do Oeste
2553010;SANTA IZABEL D'OESTE;2009;3;12.0;bruto;Santa Isabel do Oeste
2553010;SANTA IZABEL D'OESTE;2009;4;71.7;bruto;Santa Isabel do Oeste
2553010;SANTA IZABEL D'OESTE;2009;5;239.6;bruto;Santa Isabel do Oeste
2553010;SANTA IZABEL D'OESTE;2009;6;93.6;bruto;Santa Isabel do Oeste
2553010;SANTA IZABEL D'OESTE;2009;7;154.3;bruto;Santa Isabel do Oeste
2553010;SANTA IZABEL D'OESTE;2009;8;185.4;bruto;Santa Isabel do Oeste
2553010;SANTA IZABEL D'OESTE;2009;9;245.3;bruto;Santa Isabel do Oeste
2553010;SANTA IZABEL D'OESTE;2009;10;377.4;bruto;Santa Isabel do Oeste
2553010;SANTA IZABEL D'OESTE;2009;11;168.6;bruto;Santa Isabel do Oeste
2553010;SANTA IZABEL D'OESTE;2009;12;176.5;bruto;Santa Isabel do Oeste
2553010;SANTA IZABEL D'OESTE;2010;1;150.7;bruto;Santa Isabel do Oeste
2553010;SANTA IZABEL D'OESTE;2010;2;144.8;bruto;Santa Isabel do Oeste
2553010;SANTA IZABEL D'OESTE;2010;3;168.7;bruto;Santa Isabel do Oeste
2553010;SANTA IZABEL D'OESTE;2010;4;178.6;bruto;Santa Isabel do Oeste
2553010;SANTA IZABEL D'OESTE;2010;5;98.2;bruto;Santa Isabel do Oeste
2553010;SANTA IZABEL D'OESTE;2010;6;45.9;bruto;Santa Isabel do Oeste
2553010;SANTA IZABEL D'OESTE;2010;7;120.0;bruto;Santa Isabel do Oeste
2553010;SANTA IZABEL D'OESTE;2010;8;30.6;bruto;Santa Isabel do Oeste
2553010;SANTA IZABEL D'OESTE;2010;9;54.6;bruto;Santa Isabel do Oeste
2553010;SANTA IZABEL D'OESTE;2010;10;287.3;bruto;Santa Isabel do Oeste
2553010;SANTA IZABEL D'OESTE;2010;11;67.0;bruto;Santa Isabel do Oeste
2553010;SANTA IZABEL D'OESTE;2010;12;250.2;bruto;Santa Isabel do Oeste
2553010;SANTA IZABEL D'OESTE;2011;1;77.1;bruto;Santa Isabel do Oeste
2553010;SANTA IZABEL D'OESTE;2011;2;145.6;bruto;Santa Isabel do Oeste
2553010;SANTA IZABEL D'OESTE;2011;3;139.0;consistido;Santa Isabel do Oeste
2553010;SANTA IZABEL D'OESTE;2011;4;114.0;consistido;Santa Isabel do Oeste
2553010;SANTA IZABEL D'OESTE;2011;5;35.2;bruto;Santa Isabel do Oeste
2553010;SANTA IZABEL D'OESTE;2011;6;61.8;bruto;Santa Isabel do Oeste
2553010;SANTA IZABEL D'OESTE;2011;7;;sem_leitura;Santa Isabel do Oeste
2553010;SANTA IZABEL D'OESTE;2011;8;;sem_leitura;Santa Isabel do Oeste
2553010;SANTA IZABEL D'OESTE;2011;9;;sem_leitura;Santa Isabel do Oeste
2553010;SANTA IZABEL D'OESTE;2011;10;;sem_leitura;Santa Isabel do Oeste
2553010;SANTA IZABEL D'OESTE;2011;11;;sem_leitura;Santa Isabel do Oeste
2553010;SANTA IZABEL D'OESTE;2011;12;;sem_leitura;Santa Isabel do Oeste
2553015;PLANALTO - IAPAR;1986;1;188.3;bruto;Planalto
2553015;PLANALTO - IAPAR;1986;2;153.4;bruto;Planalto
2553015;PLANALTO - IAPAR;1986;3;138.3;bruto;Planalto
2553015;PLANALTO - IAPAR;1986;4;192.3;bruto;Planalto
2553015;PLANALTO - IAPAR;1986;5;320.5;bruto;Planalto
2553015;PLANALTO - IAPAR;1986;6;76.2;bruto;Planalto
2553015;PLANALTO - IAPAR;1986;7;71.9;bruto;Planalto
2553015;PLANALTO - IAPAR;1986;8;175.2;bruto;Planalto
2553015;PLANALTO - IAPAR;1986;9;230.2;bruto;Planalto
2553015;PLANALTO - IAPAR;1986;10;172.0;bruto;Planalto
2553015;PLANALTO - IAPAR;1986;11;92.4;bruto;Planalto
2553015;PLANALTO - IAPAR;1986;12;209.6;bruto;Planalto
2553015;PLANALTO - IAPAR;1987;1;129.1;bruto;Planalto
2553015;PLANALTO - IAPAR;1987;2;242.6;bruto;Planalto
2553015;PLANALTO - IAPAR;1987;3;59.2;bruto;Planalto
2553015;PLANALTO - IAPAR;1987;4;265.7;bruto;Planalto
2553015;PLANALTO - IAPAR;1987;5;319.9;bruto;Planalto
2553015;PLANALTO - IAPAR;1987;6;110.1;bruto;Planalto
2553015;PLANALTO - IAPAR;1987;7;154.5;bruto;Planalto
2553015;PLANALTO - IAPAR;1987;8;40.5;bruto;Planalto
2553015;PLANALTO - IAPAR;1987;9;25.1;bruto;Planalto
2553015;PLANALTO - IAPAR;1987;10;204.4;bruto;Planalto
2553015;PLANALTO - IAPAR;1987;11;264.2;bruto;Planalto
2553015;PLANALTO - IAPAR;1987;12;222.4;bruto;Planalto
2553015;PLANALTO - IAPAR;1988;1;92.4;bruto;Planalto
2553015;PLANALTO - IAPAR;1988;2;85.6;bruto;Planalto
2553015;PLANALTO - IAPAR;1988;3;28.8;bruto;Planalto
2553015;PLANALTO - IAPAR;1988;4;186.7;bruto;Planalto
2553015;PLANALTO - IAPAR;1988;5;222.4;bruto;Planalto
2553015;PLANALTO - IAPAR;1988;6;199.3;bruto;Planalto
2553015;PLANALTO - IAPAR;1988;7;5.3;bruto;Planalto
2553015;PLANALTO - IAPAR;1988;8;8.8;bruto;Planalto
2553015;PLANALTO - IAPAR;1988;9;45.1;bruto;Planalto
2553015;PLANALTO - IAPAR;1988;10;234.8;bruto;Planalto
2553015;PLANALTO - IAPAR;1988;11;49.5;bruto;Planalto
2553015;PLANALTO - IAPAR;1988;12;155.4;bruto;Planalto
2553015;PLANALTO - IAPAR;1989;1;397.3;bruto;Planalto
2553015;PLANALTO - IAPAR;1989;2;123.8;bruto;Planalto
2553015;PLANALTO - IAPAR;1989;3;94.7;bruto;Planalto
2553015;PLANALTO - IAPAR;1989;4;97.0;bruto;Planalto
2553015;PLANALTO - IAPAR;1989;5;120.5;bruto;Planalto
2553015;PLANALTO - IAPAR;1989;6;122.3;bruto;Planalto
2553015;PLANALTO - IAPAR;1989;7;129.1;bruto;Planalto
2553015;PLANALTO - IAPAR;1989;8;302.8;bruto;Planalto
2553015;PLANALTO - IAPAR;1989;9;268.7;bruto;Planalto
2553015;PLANALTO - IAPAR;1989;10;200.7;bruto;Planalto
2553015;PLANALTO - IAPAR;1989;11;99.6;bruto;Planalto
2553015;PLANALTO - IAPAR;1989;12;128.4;bruto;Planalto
2553015;PLANALTO - IAPAR;1990;1;323.6;bruto;Planalto
2553015;PLANALTO - IAPAR;1990;2;65.0;bruto;Planalto
2553015;PLANALTO - IAPAR;1990;3;83.1;bruto;Planalto
2553015;PLANALTO - IAPAR;1990;4;383.0;bruto;Planalto
2553015;PLANALTO - IAPAR;1990;5;149.2;bruto;Planalto
2553015;PLANALTO - IAPAR;1990;6;173.0;bruto;Planalto
2553015;PLANALTO - IAPAR;1990;7;134.3;bruto;Planalto
2553015;PLANALTO - IAPAR;1990;8;311.0;bruto;Planalto
2553015;PLANALTO - IAPAR;1990;9;293.0;bruto;Planalto
2553015;PLANALTO - IAPAR;1990;10;206.2;bruto;Planalto
2553015;PLANALTO - IAPAR;1990;11;216.8;bruto;Planalto
2553015;PLANALTO - IAPAR;1990;12;183.6;bruto;Planalto
2553015;PLANALTO - IAPAR;1991;1;197.4;bruto;Planalto
2553015;PLANALTO - IAPAR;1991;2;57.8;bruto;Planalto
2553015;PLANALTO - IAPAR;1991;3;59.2;bruto;Planalto
2553015;PLANALTO - IAPAR;1991;4;213.1;bruto;Planalto
2553015;PLANALTO - IAPAR;1991;5;56.7;bruto;Planalto
2553015;PLANALTO - IAPAR;1991;6;374.4;bruto;Planalto
2553015;PLANALTO - IAPAR;1991;7;31.8;bruto;Planalto
2553015;PLANALTO - IAPAR;1991;8;29.0;bruto;Planalto
2553015;PLANALTO - IAPAR;1991;9;109.3;bruto;Planalto
2553015;PLANALTO - IAPAR;1991;10;90.2;bruto;Planalto
2553015;PLANALTO - IAPAR;1991;11;67.8;bruto;Planalto
2553015;PLANALTO - IAPAR;1991;12;258.8;bruto;Planalto
2553015;PLANALTO - IAPAR;1992;1;48.0;bruto;Planalto
2553015;PLANALTO - IAPAR;1992;2;151.4;bruto;Planalto
2553015;PLANALTO - IAPAR;1992;3;235.5;bruto;Planalto
2553015;PLANALTO - IAPAR;1992;4;170.4;bruto;Planalto
2553015;PLANALTO - IAPAR;1992;5;500.1;bruto;Planalto
2553015;PLANALTO - IAPAR;1992;6;181.8;bruto;Planalto
2553015;PLANALTO - IAPAR;1992;7;170.4;bruto;Planalto
2553015;PLANALTO - IAPAR;1992;8;149.5;bruto;Planalto
2553015;PLANALTO - IAPAR;1992;9;123.9;bruto;Planalto
2553015;PLANALTO - IAPAR;1992;10;273.6;bruto;Planalto
2553015;PLANALTO - IAPAR;1992;11;181.1;bruto;Planalto
2553015;PLANALTO - IAPAR;1992;12;47.0;bruto;Planalto
2553015;PLANALTO - IAPAR;1993;1;249.1;bruto;Planalto
2553015;PLANALTO - IAPAR;1993;2;82.7;bruto;Planalto
2553015;PLANALTO - IAPAR;1993;3;119.8;bruto;Planalto
2553015;PLANALTO - IAPAR;1993;4;91.5;bruto;Planalto
2553015;PLANALTO - IAPAR;1993;5;258.2;bruto;Planalto
2553015;PLANALTO - IAPAR;1993;6;237.8;bruto;Planalto
2553015;PLANALTO - IAPAR;1993;7;186.9;bruto;Planalto
2553015;PLANALTO - IAPAR;1993;8;9.6;bruto;Planalto
2553015;PLANALTO - IAPAR;1993;9;252.2;bruto;Planalto
2553015;PLANALTO - IAPAR;1993;10;173.0;bruto;Planalto
2553015;PLANALTO - IAPAR;1993;11;156.6;bruto;Planalto
2553015;PLANALTO - IAPAR;1993;12;85.7;bruto;Planalto
2553015;PLANALTO - IAPAR;1994;1;79.8;bruto;Planalto
2553015;PLANALTO - IAPAR;1994;2;268.2;bruto;Planalto
2553015;PLANALTO - IAPAR;1994;3;89.0;bruto;Planalto
2553015;PLANALTO - IAPAR;1994;4;152.6;bruto;Planalto
2553015;PLANALTO - IAPAR;1994;5;189.6;bruto;Planalto
2553015;PLANALTO - IAPAR;1994;6;282.7;bruto;Planalto
2553015;PLANALTO - IAPAR;1994;7;85.2;bruto;Planalto
2553015;PLANALTO - IAPAR;1994;8;11.6;bruto;Planalto
2553015;PLANALTO - IAPAR;1994;9;125.2;bruto;Planalto
2553015;PLANALTO - IAPAR;1994;10;283.3;bruto;Planalto
2553015;PLANALTO - IAPAR;1994;11;264.8;bruto;Planalto
2553015;PLANALTO - IAPAR;1994;12;192.2;bruto;Planalto
2553015;PLANALTO - IAPAR;1995;1;208.2;bruto;Planalto
2553015;PLANALTO - IAPAR;1995;2;148.8;bruto;Planalto
2553015;PLANALTO - IAPAR;1995;3;271.8;bruto;Planalto
2553015;PLANALTO - IAPAR;1995;4;145.9;bruto;Planalto
2553015;PLANALTO - IAPAR;1995;5;13.4;bruto;Planalto
2553015;PLANALTO - IAPAR;1995;6;153.5;bruto;Planalto
2553015;PLANALTO - IAPAR;1995;7;84.8;bruto;Planalto
2553015;PLANALTO - IAPAR;1995;8;32.0;bruto;Planalto
2553015;PLANALTO - IAPAR;1995;9;192.0;bruto;Planalto
2553015;PLANALTO - IAPAR;1995;10;238.2;bruto;Planalto
2553015;PLANALTO - IAPAR;1995;11;62.4;bruto;Planalto
2553015;PLANALTO - IAPAR;1995;12;147.1;bruto;Planalto
2553015;PLANALTO - IAPAR;1996;1;187.6;bruto;Planalto
2553015;PLANALTO - IAPAR;1996;2;346.4;bruto;Planalto
2553015;PLANALTO - IAPAR;1996;3;201.8;bruto;Planalto
2553015;PLANALTO - IAPAR;1996;4;91.8;bruto;Planalto
2553015;PLANALTO - IAPAR;1996;5;59.4;bruto;Planalto
2553015;PLANALTO - IAPAR;1996;6;124.7;bruto;Planalto
2553015;PLANALTO - IAPAR;1996;7;83.1;bruto;Planalto
2553015;PLANALTO - IAPAR;1996;8;34.8;bruto;Planalto
2553015;PLANALTO - IAPAR;1996;9;157.4;bruto;Planalto
2553015;PLANALTO - IAPAR;1996;10;645.0;bruto;Planalto
2553015;PLANALTO - IAPAR;1996;11;136.0;bruto;Planalto
2553015;PLANALTO - IAPAR;1996;12;331.1;bruto;Planalto
2553015;PLANALTO - IAPAR;1997;1;115.4;bruto;Planalto
2553015;PLANALTO - IAPAR;1997;2;199.4;bruto;Planalto
2553015;PLANALTO - IAPAR;1997;3;22.2;bruto;Planalto
2553015;PLANALTO - IAPAR;1997;4;41.1;bruto;Planalto
2553015;PLANALTO - IAPAR;1997;5;318.8;bruto;Planalto
2553015;PLANALTO - IAPAR;1997;6;275.4;bruto;Planalto
2553015;PLANALTO - IAPAR;1997;7;107.2;bruto;Planalto
2553015;PLANALTO - IAPAR;1997;8;208.4;bruto;Planalto
2553015;PLANALTO - IAPAR;1997;9;241.4;bruto;Planalto
2553015;PLANALTO - IAPAR;1997;10;225.6;bruto;Planalto
2553015;PLANALTO - IAPAR;1997;11;310.7;bruto;Planalto
2553015;PLANALTO - IAPAR;1997;12;91.9;bruto;Planalto
2553015;PLANALTO - IAPAR;1998;1;152.5;bruto;Planalto
2553015;PLANALTO - IAPAR;1998;2;285.2;bruto;Planalto
2553015;PLANALTO - IAPAR;1998;3;293.6;bruto;Planalto
2553015;PLANALTO - IAPAR;1998;4;420.7;bruto;Planalto
2553015;PLANALTO - IAPAR;1998;5;198.2;bruto;Planalto
2553015;PLANALTO - IAPAR;1998;6;94.8;bruto;Planalto
2553015;PLANALTO - IAPAR;1998;7;56.4;bruto;Planalto
2553015;PLANALTO - IAPAR;1998;8;354.2;bruto;Planalto
2553015;PLANALTO - IAPAR;1998;9;346.4;bruto;Planalto
2553015;PLANALTO - IAPAR;1998;10;350.8;bruto;Planalto
2553015;PLANALTO - IAPAR;1998;11;52.4;bruto;Planalto
2553015;PLANALTO - IAPAR;1998;12;153.0;bruto;Planalto
2553015;PLANALTO - IAPAR;1999;1;240.0;bruto;Planalto
2553015;PLANALTO - IAPAR;1999;2;205.2;bruto;Planalto
2553015;PLANALTO - IAPAR;1999;3;70.2;bruto;Planalto
2553015;PLANALTO - IAPAR;1999;4;156.2;bruto;Planalto
2553015;PLANALTO - IAPAR;1999;5;96.2;bruto;Planalto
2553015;PLANALTO - IAPAR;1999;6;200.1;bruto;Planalto
2553015;PLANALTO - IAPAR;1999;7;138.4;bruto;Planalto
2553015;PLANALTO - IAPAR;1999;8;12.4;bruto;Planalto
2553015;PLANALTO - IAPAR;1999;9;97.2;bruto;Planalto
2553015;PLANALTO - IAPAR;1999;10;82.2;bruto;Planalto
2553015;PLANALTO - IAPAR;1999;11;65.4;bruto;Planalto
2553015;PLANALTO - IAPAR;1999;12;260.9;bruto;Planalto
2553015;PLANALTO - IAPAR;2000;1;193.7;bruto;Planalto
2553015;PLANALTO - IAPAR;2000;2;355.4;bruto;Planalto
2553015;PLANALTO - IAPAR;2000;3;97.4;bruto;Planalto
2553015;PLANALTO - IAPAR;2000;4;93.0;bruto;Planalto
2553015;PLANALTO - IAPAR;2000;5;167.0;bruto;Planalto
2553015;PLANALTO - IAPAR;2000;6;170.3;bruto;Planalto
2553015;PLANALTO - IAPAR;2000;7;89.0;bruto;Planalto
2553015;PLANALTO - IAPAR;2000;8;113.8;bruto;Planalto
2553015;PLANALTO - IAPAR;2000;9;241.4;bruto;Planalto
2553015;PLANALTO - IAPAR;2000;10;300.0;bruto;Planalto
2553015;PLANALTO - IAPAR;2000;11;120.0;bruto;Planalto
2553015;PLANALTO - IAPAR;2000;12;155.8;bruto;Planalto
2553015;PLANALTO - IAPAR;2001;1;187.8;bruto;Planalto
2553015;PLANALTO - IAPAR;2001;2;239.4;bruto;Planalto
2553015;PLANALTO - IAPAR;2001;3;124.8;bruto;Planalto
2553015;PLANALTO - IAPAR;2001;4;176.6;bruto;Planalto
2553015;PLANALTO - IAPAR;2001;5;178.0;bruto;Planalto
2553015;PLANALTO - IAPAR;2001;6;125.0;bruto;Planalto
2553015;PLANALTO - IAPAR;2001;7;124.2;bruto;Planalto
2553015;PLANALTO - IAPAR;2001;8;61.4;bruto;Planalto
2553015;PLANALTO - IAPAR;2001;9;154.8;bruto;Planalto
2553015;PLANALTO - IAPAR;2001;10;168.6;bruto;Planalto
2553015;PLANALTO - IAPAR;2001;11;167.0;bruto;Planalto
2553015;PLANALTO - IAPAR;2001;12;92.2;bruto;Planalto
2553015;PLANALTO - IAPAR;2002;1;201.8;bruto;Planalto
2553015;PLANALTO - IAPAR;2002;2;64.6;bruto;Planalto
2553015;PLANALTO - IAPAR;2002;3;79.0;bruto;Planalto
2553015;PLANALTO - IAPAR;2002;4;49.8;bruto;Planalto
2553015;PLANALTO - IAPAR;2002;5;388.4;bruto;Planalto
2553015;PLANALTO - IAPAR;2002;6;38.2;bruto;Planalto
2553015;PLANALTO - IAPAR;2002;7;84.0;bruto;Planalto
2553015;PLANALTO - IAPAR;2002;8;146.0;bruto;Planalto
2553015;PLANALTO - IAPAR;2002;9;164.8;bruto;Planalto
2553015;PLANALTO - IAPAR;2002;10;447.2;bruto;Planalto
2553015;PLANALTO - IAPAR;2002;11;277.4;bruto;Planalto
2553015;PLANALTO - IAPAR;2002;12;122.9;bruto;Planalto
2553015;PLANALTO - IAPAR;2003;1;149.8;bruto;Planalto
2553015;PLANALTO - IAPAR;2003;2;261.6;bruto;Planalto
2553015;PLANALTO - IAPAR;2003;3;127.6;bruto;Planalto
2553015;PLANALTO - IAPAR;2003;4;93.0;bruto;Planalto
2553015;PLANALTO - IAPAR;2003;5;73.4;bruto;Planalto
2553015;PLANALTO - IAPAR;2003;6;124.0;bruto;Planalto
2553015;PLANALTO - IAPAR;2003;7;66.0;bruto;Planalto
2553015;PLANALTO - IAPAR;2003;8;34.0;bruto;Planalto
2553015;PLANALTO - IAPAR;2003;9;191.6;bruto;Planalto
2553015;PLANALTO - IAPAR;2003;10;224.2;bruto;Planalto
2553015;PLANALTO - IAPAR;2003;11;103.2;bruto;Planalto
2553015;PLANALTO - IAPAR;2003;12;387.8;bruto;Planalto
2553015;PLANALTO - IAPAR;2004;1;141.0;bruto;Planalto
2553015;PLANALTO - IAPAR;2004;2;55.2;bruto;Planalto
2553015;PLANALTO - IAPAR;2004;3;41.2;bruto;Planalto
2553015;PLANALTO - IAPAR;2004;4;160.0;bruto;Planalto
2553015;PLANALTO - IAPAR;2004;5;334.0;bruto;Planalto
2553015;PLANALTO - IAPAR;2004;6;106.0;bruto;Planalto
2553015;PLANALTO - IAPAR;2004;7;181.8;bruto;Planalto
2553015;PLANALTO - IAPAR;2004;8;13.8;bruto;Planalto
2553015;PLANALTO - IAPAR;2004;9;87.8;bruto;Planalto
2553015;PLANALTO - IAPAR;2004;10;356.5;bruto;Planalto
2553015;PLANALTO - IAPAR;2004;11;200.0;bruto;Planalto
2553015;PLANALTO - IAPAR;2004;12;65.4;bruto;Planalto
2553015;PLANALTO - IAPAR;2005;1;217.0;bruto;Planalto
2553015;PLANALTO - IAPAR;2005;2;9.2;bruto;Planalto
2553015;PLANALTO - IAPAR;2005;3;30.2;bruto;Planalto
2553015;PLANALTO - IAPAR;2005;4;127.8;bruto;Planalto
2553015;PLANALTO - IAPAR;2005;5;366.2;bruto;Planalto
2553015;PLANALTO - IAPAR;2005;6;226.2;bruto;Planalto
2553015;PLANALTO - IAPAR;2005;7;132.6;bruto;Planalto
2553015;PLANALTO - IAPAR;2005;8;91.4;bruto;Planalto
2553015;PLANALTO - IAPAR;2005;9;210.0;bruto;Planalto
2553015;PLANALTO - IAPAR;2005;10;503.8;bruto;Planalto
2553015;PLANALTO - IAPAR;2005;11;37.4;bruto;Planalto
2553015;PLANALTO - IAPAR;2005;12;62.6;bruto;Planalto
2553015;PLANALTO - IAPAR;2006;1;168.8;bruto;Planalto
2553015;PLANALTO - IAPAR;2006;2;35.7;bruto;Planalto
2553015;PLANALTO - IAPAR;2006;3;148.8;bruto;Planalto
2553015;PLANALTO - IAPAR;2006;4;111.0;bruto;Planalto
2553015;PLANALTO - IAPAR;2006;5;1.6;bruto;Planalto
2553015;PLANALTO - IAPAR;2006;6;61.4;bruto;Planalto
2553015;PLANALTO - IAPAR;2006;7;25.0;bruto;Planalto
2553015;PLANALTO - IAPAR;2006;8;134.2;bruto;Planalto
2553015;PLANALTO - IAPAR;2006;9;231.0;bruto;Planalto
2553015;PLANALTO - IAPAR;2006;10;145.5;bruto;Planalto
2553015;PLANALTO - IAPAR;2006;11;170.4;bruto;Planalto
2553015;PLANALTO - IAPAR;2006;12;293.1;bruto;Planalto
2553015;PLANALTO - IAPAR;2007;1;223.9;bruto;Planalto
2553015;PLANALTO - IAPAR;2007;2;201.2;bruto;Planalto
2553015;PLANALTO - IAPAR;2007;3;104.4;bruto;Planalto
2553015;PLANALTO - IAPAR;2007;4;285.0;bruto;Planalto
2553015;PLANALTO - IAPAR;2007;5;252.8;bruto;Planalto
2553015;PLANALTO - IAPAR;2007;6;10.4;bruto;Planalto
2553015;PLANALTO - IAPAR;2007;7;133.0;bruto;Planalto
2553015;PLANALTO - IAPAR;2007;8;22.6;bruto;Planalto
2553015;PLANALTO - IAPAR;2007;9;19.1;bruto;Planalto
2553015;PLANALTO - IAPAR;2007;10;170.0;bruto;Planalto
2553015;PLANALTO - IAPAR;2007;11;346.6;bruto;Planalto
2553015;PLANALTO - IAPAR;2007;12;130.0;bruto;Planalto
2553015;PLANALTO - IAPAR;2008;1;181.0;bruto;Planalto
2553015;PLANALTO - IAPAR;2008;2;88.8;bruto;Planalto
2553015;PLANALTO - IAPAR;2008;3;35.6;bruto;Planalto
2553015;PLANALTO - IAPAR;2008;4;227.2;bruto;Planalto
2553015;PLANALTO - IAPAR;2008;5;51.8;bruto;Planalto
2553015;PLANALTO - IAPAR;2008;6;165.2;bruto;Planalto
2553015;PLANALTO - IAPAR;2008;7;66.0;bruto;Planalto
2553015;PLANALTO - IAPAR;2008;8;121.8;bruto;Planalto
2553015;PLANALTO - IAPAR;2008;9;131.0;bruto;Planalto
2553015;PLANALTO - IAPAR;2008;10;307.6;bruto;Planalto
2553015;PLANALTO - IAPAR;2008;11;90.6;bruto;Planalto
2553015;PLANALTO - IAPAR;2008;12;39.8;bruto;Planalto
2553015;PLANALTO - IAPAR;2009;1;195.4;bruto;Planalto
2553015;PLANALTO - IAPAR;2009;2;230.8;bruto;Planalto
2553015;PLANALTO - IAPAR;2009;3;43.4;bruto;Planalto
2553015;PLANALTO - IAPAR;2009;4;87.0;bruto;Planalto
2553015;PLANALTO - IAPAR;2009;5;309.0;bruto;Planalto
2553015;PLANALTO - IAPAR;2009;6;79.8;bruto;Planalto
2553015;PLANALTO - IAPAR;2009;7;145.4;bruto;Planalto
2553015;PLANALTO - IAPAR;2009;8;220.8;bruto;Planalto
2553015;PLANALTO - IAPAR;2009;9;207.6;bruto;Planalto
2553015;PLANALTO - IAPAR;2009;10;354.6;bruto;Planalto
2553015;PLANALTO - IAPAR;2009;11;236.4;bruto;Planalto
2553015;PLANALTO - IAPAR;2009;12;219.0;bruto;Planalto
2553015;PLANALTO - IAPAR;2010;1;146.6;bruto;Planalto
2553015;PLANALTO - IAPAR;2010;2;175.4;bruto;Planalto
2553015;PLANALTO - IAPAR;2010;3;251.0;bruto;Planalto
2553015;PLANALTO - IAPAR;2010;4;250.0;bruto;Planalto
2553015;PLANALTO - IAPAR;2010;5;165.2;bruto;Planalto
2553015;PLANALTO - IAPAR;2010;6;47.8;bruto;Planalto
2553015;PLANALTO - IAPAR;2010;7;101.2;bruto;Planalto
2553015;PLANALTO - IAPAR;2010;8;38.2;bruto;Planalto
2553015;PLANALTO - IAPAR;2010;9;10.4;bruto;Planalto
2553015;PLANALTO - IAPAR;2010;10;251.9;bruto;Planalto
2553015;PLANALTO - IAPAR;2010;11;43.2;bruto;Planalto
2553015;PLANALTO - IAPAR;2010;12;415.4;bruto;Planalto
2553015;PLANALTO - IAPAR;2011;1;228.4;bruto;Planalto
2553015;PLANALTO - IAPAR;2011;2;226.4;bruto;Planalto
2553015;PLANALTO - IAPAR;2011;3;125.2;bruto;Planalto
2553015;PLANALTO - IAPAR;2011;4;162.1;bruto;Planalto
2553015;PLANALTO - IAPAR;2011;5;22.2;bruto;Planalto
2553015;PLANALTO - IAPAR;2011;6;94.4;bruto;Planalto
2553015;PLANALTO - IAPAR;2011;7;256.4;bruto;Planalto
2553015;PLANALTO - IAPAR;2011;8;240.0;bruto;Planalto
2553015;PLANALTO - IAPAR;2011;9;153.4;bruto;Planalto
2553015;PLANALTO - IAPAR;2011;10;291.2;bruto;Planalto
2553015;PLANALTO - IAPAR;2011;11;152.4;bruto;Planalto
2553015;PLANALTO - IAPAR;2011;12;29.2;bruto;Planalto
2553015;PLANALTO - IAPAR;2012;1;207.4;bruto;Planalto
2553015;PLANALTO - IAPAR;2012;2;121.6;bruto;Planalto
2553015;PLANALTO - IAPAR;2012;3;48.4;bruto;Planalto
2553015;PLANALTO - IAPAR;2012;4;353.6;bruto;Planalto
2553015;PLANALTO - IAPAR;2012;5;71.2;bruto;Planalto
2553015;PLANALTO - IAPAR;2012;6;179.2;bruto;Planalto
2553015;PLANALTO - IAPAR;2012;7;125.8;bruto;Planalto
2553015;PLANALTO - IAPAR;2012;8;4.0;bruto;Planalto
2553015;PLANALTO - IAPAR;2012;9;83.2;bruto;Planalto
2553015;PLANALTO - IAPAR;2012;10;297.0;bruto;Planalto
2553015;PLANALTO - IAPAR;2012;11;42.2;bruto;Planalto
2553015;PLANALTO - IAPAR;2012;12;293.8;bruto;Planalto
2553015;PLANALTO - IAPAR;2013;1;179.2;bruto;Planalto
2553015;PLANALTO - IAPAR;2013;2;230.6;bruto;Planalto
2553015;PLANALTO - IAPAR;2013;3;351.6;bruto;Planalto
2553015;PLANALTO - IAPAR;2013;4;83.2;bruto;Planalto
2553015;PLANALTO - IAPAR;2013;5;182.6;bruto;Planalto
2553015;PLANALTO - IAPAR;2013;6;427.4;bruto;Planalto
2553015;PLANALTO - IAPAR;2013;7;52.2;bruto;Planalto
2553015;PLANALTO - IAPAR;2013;8;114.0;bruto;Planalto
2553015;PLANALTO - IAPAR;2013;9;238.2;bruto;Planalto
2553015;PLANALTO - IAPAR;2013;10;152.6;bruto;Planalto
2553015;PLANALTO - IAPAR;2013;11;163.0;bruto;Planalto
2553015;PLANALTO - IAPAR;2013;12;122.4;bruto;Planalto
2553015;PLANALTO - IAPAR;2014;1;230.6;bruto;Planalto
2553015;PLANALTO - IAPAR;2014;2;141.1;bruto;Planalto
2553015;PLANALTO - IAPAR;2014;3;208.0;bruto;Planalto
2553015;PLANALTO - IAPAR;2014;4;221.6;bruto;Planalto
2553015;PLANALTO - IAPAR;2014;5;258.6;bruto;Planalto
2553015;PLANALTO - IAPAR;2014;6;424.8;bruto;Planalto
2553015;PLANALTO - IAPAR;2014;7;182.0;bruto;Planalto
2553015;PLANALTO - IAPAR;2014;8;20.4;bruto;Planalto
2553015;PLANALTO - IAPAR;2014;9;288.8;bruto;Planalto
2553015;PLANALTO - IAPAR;2014;10;79.1;bruto;Planalto
2553015;PLANALTO - IAPAR;2014;11;179.0;bruto;Planalto
2553015;PLANALTO - IAPAR;2014;12;97.4;bruto;Planalto
2553015;PLANALTO - IAPAR;2015;1;202.8;bruto;Planalto
2553015;PLANALTO - IAPAR;2015;2;178.6;bruto;Planalto
2553015;PLANALTO - IAPAR;2015;3;146.4;bruto;Planalto
2553015;PLANALTO - IAPAR;2015;4;124.2;bruto;Planalto
2553015;PLANALTO - IAPAR;2015;5;149.5;bruto;Planalto
2553015;PLANALTO - IAPAR;2015;6;170.0;bruto;Planalto
2553015;PLANALTO - IAPAR;2015;7;323.6;bruto;Planalto
2553015;PLANALTO - IAPAR;2015;8;37.8;bruto;Planalto
2553015;PLANALTO - IAPAR;2015;9;89.4;bruto;Planalto
2553015;PLANALTO - IAPAR;2015;10;110.6;bruto;Planalto
2553015;PLANALTO - IAPAR;2015;11;247.0;bruto;Planalto
2553015;PLANALTO - IAPAR;2015;12;416.1;bruto;Planalto
2553016;NELSON TABORDA;1986;1;309.2;bruto;Cascavel
2553016;NELSON TABORDA;1986;2;252.8;bruto;Cascavel
2553016;NELSON TABORDA;1986;3;117.2;bruto;Cascavel
2553016;NELSON TABORDA;1986;4;237.2;bruto;Cascavel
2553016;NELSON TABORDA;1986;5;327.8;bruto;Cascavel
2553016;NELSON TABORDA;1986;6;24.6;bruto;Cascavel
2553016;NELSON TABORDA;1986;7;85.6;bruto;Cascavel
2553016;NELSON TABORDA;1986;8;117.2;bruto;Cascavel
2553016;NELSON TABORDA;1986;9;194.2;bruto;Cascavel
2553016;NELSON TABORDA;1986;10;155.2;bruto;Cascavel
2553016;NELSON TABORDA;1986;11;217.0;bruto;Cascavel
2553016;NELSON TABORDA;1986;12;219.4;bruto;Cascavel
2553016;NELSON TABORDA;1987;1;109.8;bruto;Cascavel
2553016;NELSON TABORDA;1987;2;233.8;bruto;Cascavel
2553016;NELSON TABORDA;1987;3;141.0;bruto;Cascavel
2553016;NELSON TABORDA;1987;4;272.2;bruto;Cascavel
2553016;NELSON TABORDA;1987;5;579.2;bruto;Cascavel
2553016;NELSON TABORDA;1987;6;153.8;bruto;Cascavel
2553016;NELSON TABORDA;1987;7;161.0;bruto;Cascavel
2553016;NELSON TABORDA;1987;8;39.4;bruto;Cascavel
2553016;NELSON TABORDA;1987;9;28.2;bruto;Cascavel
2553016;NELSON TABORDA;1987;10;239.6;bruto;Cascavel
2553016;NELSON TABORDA;1987;11;272.4;bruto;Cascavel
2553016;NELSON TABORDA;1987;12;133.8;bruto;Cascavel
2553016;NELSON TABORDA;1988;1;167.8;bruto;Cascavel
2553016;NELSON TABORDA;1988;2;64.6;bruto;Cascavel
2553016;NELSON TABORDA;1988;3;72.6;bruto;Cascavel
2553016;NELSON TABORDA;1988;4;238.0;bruto;Cascavel
2553016;NELSON TABORDA;1988;5;310.0;bruto;Cascavel
2553016;NELSON TABORDA;1988;6;147.2;bruto;Cascavel
2553016;NELSON TABORDA;1988;7;15.0;bruto;Cascavel
2553016;NELSON TABORDA;1988;8;17.8;bruto;Cascavel
2553016;NELSON TABORDA;1988;9;16.8;bruto;Cascavel
2553016;NELSON TABORDA;1988;10;211.4;bruto;Cascavel
2553016;NELSON TABORDA;1988;11;68.4;bruto;Cascavel
2553016;NELSON TABORDA;1988;12;142.6;bruto;Cascavel
2553016;NELSON TABORDA;1989;1;260.4;bruto;Cascavel
2553016;NELSON TABORDA;1989;2;264.6;bruto;Cascavel
2553016;NELSON TABORDA;1989;3;171.8;bruto;Cascavel
2553016;NELSON TABORDA;1989;4;116.8;bruto;Cascavel
2553016;NELSON TABORDA;1989;5;56.4;bruto;Cascavel
2553016;NELSON TABORDA;1989;6;133.8;bruto;Cascavel
2553016;NELSON TABORDA;1989;7;211.8;bruto;Cascavel
2553016;NELSON TABORDA;1989;8;178.8;bruto;Cascavel
2553016;NELSON TABORDA;1989;9;303.6;bruto;Cascavel
2553016;NELSON TABORDA;1989;10;237.6;bruto;Cascavel
2553016;NELSON TABORDA;1989;11;107.0;bruto;Cascavel
2553016;NELSON TABORDA;1989;12;80.6;bruto;Cascavel
2553016;NELSON TABORDA;1990;1;192.8;bruto;Cascavel
2553016;NELSON TABORDA;1990;2;63.4;bruto;Cascavel
2553016;NELSON TABORDA;1990;3;132.4;bruto;Cascavel
2553016;NELSON TABORDA;1990;4;224.0;bruto;Cascavel
2553016;NELSON TABORDA;1990;5;88.2;consistido;Cascavel
2553016;NELSON TABORDA;1990;6;128.4;bruto;Cascavel
2553016;NELSON TABORDA;1990;7;162.8;bruto;Cascavel
2553016;NELSON TABORDA;1990;8;218.1;bruto;Cascavel
2553016;NELSON TABORDA;1990;9;334.5;bruto;Cascavel
2553016;NELSON TABORDA;1990;10;243.7;bruto;Cascavel
2553016;NELSON TABORDA;1990;11;163.0;bruto;Cascavel
2553016;NELSON TABORDA;1990;12;134.7;bruto;Cascavel
2553016;NELSON TABORDA;1991;1;203.1;bruto;Cascavel
2553016;NELSON TABORDA;1991;2;77.8;bruto;Cascavel
2553016;NELSON TABORDA;1991;3;220.5;bruto;Cascavel
2553016;NELSON TABORDA;1991;4;198.5;bruto;Cascavel
2553016;NELSON TABORDA;1991;5;76.5;bruto;Cascavel
2553016;NELSON TABORDA;1991;6;244.8;bruto;Cascavel
2553016;NELSON TABORDA;1991;7;50.4;consistido;Cascavel
2553016;NELSON TABORDA;1991;8;31.6;bruto;Cascavel
2553016;NELSON TABORDA;1991;9;86.4;bruto;Cascavel
2553016;NELSON TABORDA;1991;10;188.0;bruto;Cascavel
2553016;NELSON TABORDA;1991;11;214.1;bruto;Cascavel
2553016;NELSON TABORDA;1991;12;338.0;bruto;Cascavel
2553016;NELSON TABORDA;1992;1;6.7;bruto;Cascavel
2553016;NELSON TABORDA;1992;2;245.0;bruto;Cascavel
2553016;NELSON TABORDA;1992;3;251.0;bruto;Cascavel
2553016;NELSON TABORDA;1992;4;179.7;bruto;Cascavel
2553016;NELSON TABORDA;1992;5;596.9;bruto;Cascavel
2553016;NELSON TABORDA;1992;6;155.4;bruto;Cascavel
2553016;NELSON TABORDA;1992;7;162.0;bruto;Cascavel
2553016;NELSON TABORDA;1992;8;208.1;bruto;Cascavel
2553016;NELSON TABORDA;1992;9;116.9;bruto;Cascavel
2553016;NELSON TABORDA;1992;10;219.4;bruto;Cascavel
2553016;NELSON TABORDA;1992;11;178.1;bruto;Cascavel
2553016;NELSON TABORDA;1992;12;65.6;bruto;Cascavel
2553016;NELSON TABORDA;1993;1;214.6;bruto;Cascavel
2553016;NELSON TABORDA;1993;2;101.2;bruto;Cascavel
2553016;NELSON TABORDA;1993;3;178.1;bruto;Cascavel
2553016;NELSON TABORDA;1993;4;94.4;bruto;Cascavel
2553016;NELSON TABORDA;1993;5;260.7;bruto;Cascavel
2553016;NELSON TABORDA;1993;6;121.1;bruto;Cascavel
2553016;NELSON TABORDA;1993;7;164.3;bruto;Cascavel
2553016;NELSON TABORDA;1993;8;8.3;bruto;Cascavel
2553016;NELSON TABORDA;1993;9;237.3;bruto;Cascavel
2553016;NELSON TABORDA;1993;10;224.0;bruto;Cascavel
2553016;NELSON TABORDA;1993;11;198.3;bruto;Cascavel
2553016;NELSON TABORDA;1993;12;142.5;bruto;Cascavel
2553016;NELSON TABORDA;1994;1;267.0;bruto;Cascavel
2553016;NELSON TABORDA;1994;2;213.9;bruto;Cascavel
2553016;NELSON TABORDA;1994;3;97.3;bruto;Cascavel
2553016;NELSON TABORDA;1994;4;171.1;bruto;Cascavel
2553016;NELSON TABORDA;1994;5;193.1;bruto;Cascavel
2553016;NELSON TABORDA;1994;6;305.6;bruto;Cascavel
2553016;NELSON TABORDA;1994;7;129.1;bruto;Cascavel
2553016;NELSON TABORDA;1994;8;17.7;bruto;Cascavel
2553016;NELSON TABORDA;1994;9;88.0;bruto;Cascavel
2553016;NELSON TABORDA;1994;10;257.7;bruto;Cascavel
2553016;NELSON TABORDA;1994;11;168.7;bruto;Cascavel
2553016;NELSON TABORDA;1994;12;204.2;bruto;Cascavel
2553016;NELSON TABORDA;1995;1;307.7;bruto;Cascavel
2553016;NELSON TABORDA;1995;2;193.0;bruto;Cascavel
2553016;NELSON TABORDA;1995;3;216.5;bruto;Cascavel
2553016;NELSON TABORDA;1995;4;135.7;bruto;Cascavel
2553016;NELSON TABORDA;1995;5;32.4;bruto;Cascavel
2553016;NELSON TABORDA;1995;6;107.4;bruto;Cascavel
2553016;NELSON TABORDA;1995;7;147.3;bruto;Cascavel
2553016;NELSON TABORDA;1995;8;20.5;bruto;Cascavel
2553016;NELSON TABORDA;1995;9;188.3;bruto;Cascavel
2553016;NELSON TABORDA;1995;10;257.0;bruto;Cascavel
2553016;NELSON TABORDA;1995;11;60.5;bruto;Cascavel
2553016;NELSON TABORDA;1995;12;220.1;bruto;Cascavel
2553016;NELSON TABORDA;1996;1;177.4;bruto;Cascavel
2553016;NELSON TABORDA;1996;2;262.7;bruto;Cascavel
2553016;NELSON TABORDA;1996;3;190.0;bruto;Cascavel
2553016;NELSON TABORDA;1996;4;96.1;bruto;Cascavel
2553016;NELSON TABORDA;1996;5;62.4;bruto;Cascavel
2553016;NELSON TABORDA;1996;6;108.3;bruto;Cascavel
2553016;NELSON TABORDA;1996;7;47.0;bruto;Cascavel
2553016;NELSON TABORDA;1996;8;31.5;bruto;Cascavel
2553016;NELSON TABORDA;1996;9;235.7;bruto;Cascavel
2553016;NELSON TABORDA;1996;10;525.6;bruto;Cascavel
2553016;NELSON TABORDA;1996;11;138.1;bruto;Cascavel
2553016;NELSON TABORDA;1996;12;529.4;bruto;Cascavel
2553016;NELSON TABORDA;1997;1;208.3;bruto;Cascavel
2553016;NELSON TABORDA;1997;2;185.0;bruto;Cascavel
2553016;NELSON TABORDA;1997;3;142.0;bruto;Cascavel
2553016;NELSON TABORDA;1997;4;76.8;bruto;Cascavel
2553016;NELSON TABORDA;1997;5;245.9;bruto;Cascavel
2553016;NELSON TABORDA;1997;6;139.2;bruto;Cascavel
2553016;NELSON TABORDA;1997;7;122.2;bruto;Cascavel
2553016;NELSON TABORDA;1997;8;156.4;bruto;Cascavel
2553016;NELSON TABORDA;1997;9;222.3;bruto;Cascavel
2553016;NELSON TABORDA;1997;10;337.8;bruto;Cascavel
2553016;NELSON TABORDA;1997;11;435.4;bruto;Cascavel
2553016;NELSON TABORDA;1997;12;197.6;bruto;Cascavel
2553016;NELSON TABORDA;1998;1;168.4;bruto;Cascavel
2553016;NELSON TABORDA;1998;2;317.3;bruto;Cascavel
2553016;NELSON TABORDA;1998;3;419.6;bruto;Cascavel
2553016;NELSON TABORDA;1998;4;524.2;bruto;Cascavel
2553016;NELSON TABORDA;1998;5;151.4;bruto;Cascavel
2553016;NELSON TABORDA;1998;6;61.0;bruto;Cascavel
2553016;NELSON TABORDA;1998;7;65.7;bruto;Cascavel
2553016;NELSON TABORDA;1998;8;314.7;bruto;Cascavel
2553016;NELSON TABORDA;1998;9;268.9;bruto;Cascavel
2553016;NELSON TABORDA;1998;10;368.5;bruto;Cascavel
2553016;NELSON TABORDA;1998;11;72.0;bruto;Cascavel
2553016;NELSON TABORDA;1998;12;191.0;bruto;Cascavel
2553016;NELSON TABORDA;1999;1;205.0;bruto;Cascavel
2553016;NELSON TABORDA;1999;2;193.5;bruto;Cascavel
2553016;NELSON TABORDA;1999;3;95.7;bruto;Cascavel
2553016;NELSON TABORDA;1999;4;220.2;bruto;Cascavel
2553016;NELSON TABORDA;1999;5;151.7;bruto;Cascavel
2553016;NELSON TABORDA;1999;6;222.3;bruto;Cascavel
2553016;NELSON TABORDA;1999;7;39.6;bruto;Cascavel
2553016;NELSON TABORDA;1999;8;2.5;bruto;Cascavel
2553016;NELSON TABORDA;1999;9;191.0;bruto;Cascavel
2553016;NELSON TABORDA;1999;10;94.1;bruto;Cascavel
2553016;NELSON TABORDA;1999;11;39.3;bruto;Cascavel
2553016;NELSON TABORDA;1999;12;270.7;bruto;Cascavel
2553016;NELSON TABORDA;2000;1;110.8;bruto;Cascavel
2553016;NELSON TABORDA;2000;2;251.5;bruto;Cascavel
2553016;NELSON TABORDA;2000;3;169.6;bruto;Cascavel
2553016;NELSON TABORDA;2000;4;60.8;bruto;Cascavel
2553016;NELSON TABORDA;2000;5;109.6;bruto;Cascavel
2553016;NELSON TABORDA;2000;6;135.6;bruto;Cascavel
2553016;NELSON TABORDA;2000;7;79.7;bruto;Cascavel
2553016;NELSON TABORDA;2000;8;87.1;bruto;Cascavel
2553016;NELSON TABORDA;2000;9;256.3;bruto;Cascavel
2553016;NELSON TABORDA;2000;10;295.7;bruto;Cascavel
2553016;NELSON TABORDA;2000;11;140.9;bruto;Cascavel
2553016;NELSON TABORDA;2000;12;137.0;bruto;Cascavel
2553016;NELSON TABORDA;2001;1;251.2;bruto;Cascavel
2553016;NELSON TABORDA;2001;2;420.9;bruto;Cascavel
2553016;NELSON TABORDA;2001;3;188.8;bruto;Cascavel
2553016;NELSON TABORDA;2001;4;172.4;bruto;Cascavel
2553016;NELSON TABORDA;2001;5;75.5;bruto;Cascavel
2553016;NELSON TABORDA;2001;6;108.1;bruto;Cascavel
2553016;NELSON TABORDA;2001;7;94.3;bruto;Cascavel
2553016;NELSON TABORDA;2001;8;57.7;bruto;Cascavel
2553016;NELSON TABORDA;2001;9;114.2;bruto;Cascavel
2553016;NELSON TABORDA;2001;10;125.1;bruto;Cascavel
2553016;NELSON TABORDA;2001;11;332.2;bruto;Cascavel
2553016;NELSON TABORDA;2001;12;105.9;bruto;Cascavel
2553016;NELSON TABORDA;2002;1;347.3;bruto;Cascavel
2553016;NELSON TABORDA;2002;2;90.6;bruto;Cascavel
2553016;NELSON TABORDA;2002;3;67.9;bruto;Cascavel
2553016;NELSON TABORDA;2002;4;40.9;bruto;Cascavel
2553016;NELSON TABORDA;2002;5;467.2;bruto;Cascavel
2553016;NELSON TABORDA;2002;6;20.9;bruto;Cascavel
2553016;NELSON TABORDA;2002;7;52.9;bruto;Cascavel
2553016;NELSON TABORDA;2002;8;122.2;bruto;Cascavel
2553016;NELSON TABORDA;2002;9;237.9;bruto;Cascavel
2553016;NELSON TABORDA;2002;10;308.3;bruto;Cascavel
2553016;NELSON TABORDA;2002;11;278.1;bruto;Cascavel
2553016;NELSON TABORDA;2002;12;157.3;bruto;Cascavel
2553016;NELSON TABORDA;2003;1;222.1;bruto;Cascavel
2553016;NELSON TABORDA;2003;2;208.4;bruto;Cascavel
2553016;NELSON TABORDA;2003;3;204.3;bruto;Cascavel
2553016;NELSON TABORDA;2003;4;112.0;bruto;Cascavel
2553016;NELSON TABORDA;2003;5;76.5;bruto;Cascavel
2553016;NELSON TABORDA;2003;6;105.0;bruto;Cascavel
2553016;NELSON TABORDA;2003;7;131.4;bruto;Cascavel
2553016;NELSON TABORDA;2003;8;25.2;bruto;Cascavel
2553016;NELSON TABORDA;2003;9;132.6;bruto;Cascavel
2553016;NELSON TABORDA;2003;10;334.8;bruto;Cascavel
2553016;NELSON TABORDA;2003;11;201.8;bruto;Cascavel
2553016;NELSON TABORDA;2003;12;285.4;bruto;Cascavel
2553016;NELSON TABORDA;2004;1;125.0;bruto;Cascavel
2553016;NELSON TABORDA;2004;2;58.1;bruto;Cascavel
2553016;NELSON TABORDA;2004;3;61.4;bruto;Cascavel
2553016;NELSON TABORDA;2004;4;123.0;bruto;Cascavel
2553016;NELSON TABORDA;2004;5;327.6;bruto;Cascavel
2553016;NELSON TABORDA;2004;6;109.4;bruto;Cascavel
2553016;NELSON TABORDA;2004;7;184.0;bruto;Cascavel
2553016;NELSON TABORDA;2004;8;48.6;bruto;Cascavel
2553016;NELSON TABORDA;2004;9;60.0;bruto;Cascavel
2553016;NELSON TABORDA;2004;10;320.5;bruto;Cascavel
2553016;NELSON TABORDA;2004;11;277.2;bruto;Cascavel
2553016;NELSON TABORDA;2004;12;117.5;bruto;Cascavel
2553016;NELSON TABORDA;2005;1;153.2;bruto;Cascavel
2553016;NELSON TABORDA;2005;2;5.6;bruto;Cascavel
2553016;NELSON TABORDA;2005;3;41.5;bruto;Cascavel
2553016;NELSON TABORDA;2005;4;139.2;bruto;Cascavel
2553016;NELSON TABORDA;2005;5;287.0;bruto;Cascavel
2553016;NELSON TABORDA;2005;6;259.7;bruto;Cascavel
2553016;NELSON TABORDA;2005;7;77.7;bruto;Cascavel
2553016;NELSON TABORDA;2005;8;111.9;bruto;Cascavel
2553016;NELSON TABORDA;2005;9;161.2;bruto;Cascavel
2553016;NELSON TABORDA;2005;10;516.4;bruto;Cascavel
2553016;NELSON TABORDA;2005;11;75.3;bruto;Cascavel
2553016;NELSON TABORDA;2005;12;54.3;bruto;Cascavel
2553016;NELSON TABORDA;2006;1;180.3;bruto;Cascavel
2553016;NELSON TABORDA;2006;2;140.1;bruto;Cascavel
2553016;NELSON TABORDA;2006;3;376.1;bruto;Cascavel
2553016;NELSON TABORDA;2006;4;79.9;bruto;Cascavel
2553016;NELSON TABORDA;2006;5;0.0;bruto;Cascavel
2553016;NELSON TABORDA;2006;6;65.7;bruto;Cascavel
2553016;NELSON TABORDA;2006;7;17.3;bruto;Cascavel
2553016;NELSON TABORDA;2006;8;81.8;bruto;Cascavel
2553016;NELSON TABORDA;2006;9;200.7;bruto;Cascavel
2553016;NELSON TABORDA;2006;10;103.7;bruto;Cascavel
2553016;NELSON TABORDA;2006;11;215.4;bruto;Cascavel
2553016;NELSON TABORDA;2006;12;138.5;bruto;Cascavel
2553016;NELSON TABORDA;2007;1;225.8;bruto;Cascavel
2553016;NELSON TABORDA;2007;2;107.8;bruto;Cascavel
2553016;NELSON TABORDA;2007;3;116.7;bruto;Cascavel
2553016;NELSON TABORDA;2007;4;378.1;bruto;Cascavel
2553016;NELSON TABORDA;2007;5;262.7;bruto;Cascavel
2553016;NELSON TABORDA;2007;6;17.0;bruto;Cascavel
2553016;NELSON TABORDA;2007;7;51.5;bruto;Cascavel
2553016;NELSON TABORDA;2007;8;10.3;bruto;Cascavel
2553016;NELSON TABORDA;2007;9;4.5;bruto;Cascavel
2553016;NELSON TABORDA;2007;10;116.1;bruto;Cascavel
2553016;NELSON TABORDA;2007;11;173.4;bruto;Cascavel
2553016;NELSON TABORDA;2007;12;136.1;bruto;Cascavel
2553016;NELSON TABORDA;2008;1;122.8;bruto;Cascavel
2553016;NELSON TABORDA;2008;2;136.1;bruto;Cascavel
2553016;NELSON TABORDA;2008;3;57.3;bruto;Cascavel
2553016;NELSON TABORDA;2008;4;171.0;bruto;Cascavel
2553016;NELSON TABORDA;2008;5;48.4;bruto;Cascavel
2553016;NELSON TABORDA;2008;6;191.9;bruto;Cascavel
2553016;NELSON TABORDA;2008;7;138.3;bruto;Cascavel
2553016;NELSON TABORDA;2008;8;151.3;bruto;Cascavel
2553016;NELSON TABORDA;2008;9;105.6;bruto;Cascavel
2553016;NELSON TABORDA;2008;10;321.1;bruto;Cascavel
2553016;NELSON TABORDA;2008;11;219.7;bruto;Cascavel
2553016;NELSON TABORDA;2008;12;33.0;bruto;Cascavel
2553016;NELSON TABORDA;2009;1;162.1;bruto;Cascavel
2553016;NELSON TABORDA;2009;2;149.3;bruto;Cascavel
2553016;NELSON TABORDA;2009;3;101.9;bruto;Cascavel
2553016;NELSON TABORDA;2009;4;59.9;bruto;Cascavel
2553016;NELSON TABORDA;2009;5;154.7;bruto;Cascavel
2553016;NELSON TABORDA;2009;6;125.2;bruto;Cascavel
2553016;NELSON TABORDA;2009;7;170.0;bruto;Cascavel
2553016;NELSON TABORDA;2009;8;169.4;bruto;Cascavel
2553016;NELSON TABORDA;2009;9;323.3;bruto;Cascavel
2553016;NELSON TABORDA;2009;10;286.5;bruto;Cascavel
2553016;NELSON TABORDA;2009;11;251.0;bruto;Cascavel
2553016;NELSON TABORDA;2009;12;268.3;bruto;Cascavel
2553016;NELSON TABORDA;2010;1;152.2;bruto;Cascavel
2553016;NELSON TABORDA;2010;2;195.7;bruto;Cascavel
2553016;NELSON TABORDA;2010;3;159.1;bruto;Cascavel
2553016;NELSON TABORDA;2010;4;226.9;bruto;Cascavel
2553016;NELSON TABORDA;2010;5;62.4;bruto;Cascavel
2553016;NELSON TABORDA;2010;6;39.7;bruto;Cascavel
2553016;NELSON TABORDA;2010;7;95.1;bruto;Cascavel
2553016;NELSON TABORDA;2010;8;20.3;consistido;Cascavel
2553016;NELSON TABORDA;2010;9;78.6;bruto;Cascavel
2553016;NELSON TABORDA;2010;10;237.7;bruto;Cascavel
2553016;NELSON TABORDA;2010;11;107.0;bruto;Cascavel
2553016;NELSON TABORDA;2010;12;254.9;bruto;Cascavel
2553016;NELSON TABORDA;2011;1;193.7;bruto;Cascavel
2553016;NELSON TABORDA;2011;2;349.4;bruto;Cascavel
2553016;NELSON TABORDA;2011;3;94.6;bruto;Cascavel
2553016;NELSON TABORDA;2011;4;87.4;bruto;Cascavel
2553016;NELSON TABORDA;2011;5;30.3;bruto;Cascavel
2553016;NELSON TABORDA;2011;6;52.0;bruto;Cascavel
2553016;NELSON TABORDA;2011;7;211.7;bruto;Cascavel
2553016;NELSON TABORDA;2011;8;326.0;bruto;Cascavel
2553016;NELSON TABORDA;2011;9;112.3;bruto;Cascavel
2553016;NELSON TABORDA;2011;10;257.2;bruto;Cascavel
2553016;NELSON TABORDA;2011;11;149.1;bruto;Cascavel
2553016;NELSON TABORDA;2011;12;;sem_leitura;Cascavel
2553016;NELSON TABORDA;2012;1;123.0;bruto;Cascavel
2553016;NELSON TABORDA;2012;2;214.6;bruto;Cascavel
2553016;NELSON TABORDA;2012;3;46.2;bruto;Cascavel
2553016;NELSON TABORDA;2012;4;299.7;bruto;Cascavel
2553016;NELSON TABORDA;2012;5;97.4;bruto;Cascavel
2553016;NELSON TABORDA;2012;6;232.2;bruto;Cascavel
2553016;NELSON TABORDA;2012;7;76.1;bruto;Cascavel
2553016;NELSON TABORDA;2012;8;12.3;bruto;Cascavel
2553016;NELSON TABORDA;2012;9;49.6;bruto;Cascavel
2553016;NELSON TABORDA;2012;10;142.2;bruto;Cascavel
2553016;NELSON TABORDA;2012;11;147.9;bruto;Cascavel
2553016;NELSON TABORDA;2012;12;517.7;bruto;Cascavel
2553016;NELSON TABORDA;2013;1;126.8;bruto;Cascavel
2553016;NELSON TABORDA;2013;2;276.3;bruto;Cascavel
2553016;NELSON TABORDA;2013;3;334.0;bruto;Cascavel
2553016;NELSON TABORDA;2013;4;122.8;bruto;Cascavel
2553016;NELSON TABORDA;2013;5;219.3;bruto;Cascavel
2553016;NELSON TABORDA;2013;6;;sem_leitura;Cascavel
2553016;NELSON TABORDA;2013;7;;sem_leitura;Cascavel
2553016;NELSON TABORDA;2013;8;;sem_leitura;Cascavel
2553016;NELSON TABORDA;2013;9;;sem_leitura;Cascavel
2553016;NELSON TABORDA;2013;10;;sem_leitura;Cascavel
2553016;NELSON TABORDA;2013;11;;sem_leitura;Cascavel
2553016;NELSON TABORDA;2013;12;;sem_leitura;Cascavel
2553017;CENTENÁRIO;1986;1;205.0;bruto;Cascavel
2553017;CENTENÁRIO;1986;2;233.1;bruto;Cascavel
2553017;CENTENÁRIO;1986;3;108.2;bruto;Cascavel
2553017;CENTENÁRIO;1986;4;134.4;bruto;Cascavel
2553017;CENTENÁRIO;1986;5;85.7;bruto;Cascavel
2553017;CENTENÁRIO;1986;6;11.6;bruto;Cascavel
2553017;CENTENÁRIO;1986;7;89.4;bruto;Cascavel
2553017;CENTENÁRIO;1986;8;127.4;bruto;Cascavel
2553017;CENTENÁRIO;1986;9;328.2;bruto;Cascavel
2553017;CENTENÁRIO;1986;10;110.4;bruto;Cascavel
2553017;CENTENÁRIO;1986;11;120.5;bruto;Cascavel
2553017;CENTENÁRIO;1986;12;84.3;bruto;Cascavel
2553017;CENTENÁRIO;1987;1;32.3;bruto;Cascavel
2553017;CENTENÁRIO;1987;2;248.8;bruto;Cascavel
2553017;CENTENÁRIO;1987;3;130.4;bruto;Cascavel
2553017;CENTENÁRIO;1987;4;176.2;bruto;Cascavel
2553017;CENTENÁRIO;1987;5;642.3;bruto;Cascavel
2553017;CENTENÁRIO;1987;6;92.9;bruto;Cascavel
2553017;CENTENÁRIO;1987;7;104.9;bruto;Cascavel
2553017;CENTENÁRIO;1987;8;29.6;bruto;Cascavel
2553017;CENTENÁRIO;1987;9;43.2;bruto;Cascavel
2553017;CENTENÁRIO;1987;10;183.9;bruto;Cascavel
2553017;CENTENÁRIO;1987;11;288.7;bruto;Cascavel
2553017;CENTENÁRIO;1987;12;64.6;bruto;Cascavel
2553017;CENTENÁRIO;1988;1;76.4;bruto;Cascavel
2553017;CENTENÁRIO;1988;2;151.4;bruto;Cascavel
2553017;CENTENÁRIO;1988;3;29.8;bruto;Cascavel
2553017;CENTENÁRIO;1988;4;163.0;bruto;Cascavel
2553017;CENTENÁRIO;1988;5;609.6;bruto;Cascavel
2553017;CENTENÁRIO;1988;6;155.0;bruto;Cascavel
2553017;CENTENÁRIO;1988;7;3.0;bruto;Cascavel
2553017;CENTENÁRIO;1988;8;0.0;bruto;Cascavel
2553017;CENTENÁRIO;1988;9;17.0;bruto;Cascavel
2553017;CENTENÁRIO;1988;10;79.3;bruto;Cascavel
2553017;CENTENÁRIO;1988;11;49.0;bruto;Cascavel
2553017;CENTENÁRIO;1988;12;139.5;bruto;Cascavel
2553017;CENTENÁRIO;1989;1;237.6;bruto;Cascavel
2553017;CENTENÁRIO;1989;2;302.1;bruto;Cascavel
2553017;CENTENÁRIO;1989;3;120.3;consistido;Cascavel
2553017;CENTENÁRIO;1989;4;193.5;bruto;Cascavel
2553017;CENTENÁRIO;1989;5;85.4;bruto;Cascavel
2553017;CENTENÁRIO;1989;6;147.6;bruto;Cascavel
2553017;CENTENÁRIO;1989;7;186.8;bruto;Cascavel
2553017;CENTENÁRIO;1989;8;158.2;bruto;Cascavel
2553017;CENTENÁRIO;1989;9;432.6;bruto;Cascavel
2553017;CENTENÁRIO;1989;10;;sem_leitura;Cascavel
2553017;CENTENÁRIO;1989;11;;sem_leitura;Cascavel
2553017;CENTENÁRIO;1989;12;;sem_leitura;Cascavel
2553017;CENTENÁRIO;1990;1;;sem_leitura;Cascavel
2553017;CENTENÁRIO;1990;2;;sem_leitura;Cascavel
2553017;CENTENÁRIO;1990;3;;sem_leitura;Cascavel
2553017;CENTENÁRIO;1990;4;;sem_leitura;Cascavel
2553017;CENTENÁRIO;1990;5;;sem_leitura;Cascavel
2553017;CENTENÁRIO;1990;6;153.5;bruto;Cascavel
2553017;CENTENÁRIO;1990;7;;sem_leitura;Cascavel
2553017;CENTENÁRIO;1990;8;;sem_leitura;Cascavel
2553017;CENTENÁRIO;1990;9;;sem_leitura;Cascavel
2553017;CENTENÁRIO;1990;10;193.3;bruto;Cascavel
2553017;CENTENÁRIO;1990;11;;sem_leitura;Cascavel
2553017;CENTENÁRIO;1990;12;;sem_leitura;Cascavel
2553017;CENTENÁRIO;1991;1;;sem_leitura;Cascavel
2553017;CENTENÁRIO;1991;2;;sem_leitura;Cascavel
2553017;CENTENÁRIO;1991;3;;sem_leitura;Cascavel
2553017;CENTENÁRIO;1991;4;;sem_leitura;Cascavel
2553017;CENTENÁRIO;1991;5;;sem_leitura;Cascavel
2553017;CENTENÁRIO;1991;6;;sem_leitura;Cascavel
2553017;CENTENÁRIO;1991;7;;sem_leitura;Cascavel
2553017;CENTENÁRIO;1991;8;30.5;bruto;Cascavel
2553017;CENTENÁRIO;1991;9;;sem_leitura;Cascavel
2553017;CENTENÁRIO;1991;10;;sem_leitura;Cascavel
2553017;CENTENÁRIO;1991;11;;sem_leitura;Cascavel
2553017;CENTENÁRIO;1991;12;;sem_leitura;Cascavel
2553018;USINA SALTO OSÓRIO;1986;1;260.2;bruto;Quedas do Iguaçu
2553018;USINA SALTO OSÓRIO;1986;2;306.2;bruto;Quedas do Iguaçu
2553018;USINA SALTO OSÓRIO;1986;3;133.4;bruto;Quedas do Iguaçu
2553018;USINA SALTO OSÓRIO;1986;4;188.4;bruto;Quedas do Iguaçu
2553018;USINA SALTO OSÓRIO;1986;5;250.4;bruto;Quedas do Iguaçu
2553018;USINA SALTO OSÓRIO;1986;6;59.5;bruto;Quedas do Iguaçu
2553018;USINA SALTO OSÓRIO;1986;7;75.2;bruto;Quedas do Iguaçu
2553018;USINA SALTO OSÓRIO;1986;8;151.5;bruto;Quedas do Iguaçu
2553018;USINA SALTO OSÓRIO;1986;9;199.6;bruto;Quedas do Iguaçu
2553018;USINA SALTO OSÓRIO;1986;10;145.0;bruto;Quedas do Iguaçu
2553018;USINA SALTO OSÓRIO;1986;11;161.6;bruto;Quedas do Iguaçu
2553018;USINA SALTO OSÓRIO;1986;12;156.6;bruto;Quedas do Iguaçu
2553018;USINA SALTO OSÓRIO;1987;1;73.2;bruto;Quedas do Iguaçu
2553018;USINA SALTO OSÓRIO;1987;2;431.6;bruto;Quedas do Iguaçu
2553018;USINA SALTO OSÓRIO;1987;3;72.3;bruto;Quedas do Iguaçu
2553018;USINA SALTO OSÓRIO;1987;4;234.7;bruto;Quedas do Iguaçu
2553018;USINA SALTO OSÓRIO;1987;5;356.7;bruto;Quedas do Iguaçu
2553018;USINA SALTO OSÓRIO;1987;6;136.6;bruto;Quedas do Iguaçu
2553018;USINA SALTO OSÓRIO;1987;7;144.6;bruto;Quedas do Iguaçu
2553018;USINA SALTO OSÓRIO;1987;8;58.4;bruto;Quedas do Iguaçu
2553018;USINA SALTO OSÓRIO;1987;9;29.6;bruto;Quedas do Iguaçu
2553018;USINA SALTO OSÓRIO;1987;10;226.3;bruto;Quedas do Iguaçu
2553018;USINA SALTO OSÓRIO;1987;11;259.4;bruto;Quedas do Iguaçu
2553018;USINA SALTO OSÓRIO;1987;12;131.3;bruto;Quedas do Iguaçu
2553018;USINA SALTO OSÓRIO;1988;1;230.0;bruto;Quedas do Iguaçu
2553018;USINA SALTO OSÓRIO;1988;2;70.0;bruto;Quedas do Iguaçu
2553018;USINA SALTO OSÓRIO;1988;3;71.3;bruto;Quedas do Iguaçu
2553018;USINA SALTO OSÓRIO;1988;4;169.2;bruto;Quedas do Iguaçu
2553018;USINA SALTO OSÓRIO;1988;5;263.1;bruto;Quedas do Iguaçu
2553018;USINA SALTO OSÓRIO;1988;6;136.2;bruto;Quedas do Iguaçu
2553018;USINA SALTO OSÓRIO;1988;7;13.9;bruto;Quedas do Iguaçu
2553018;USINA SALTO OSÓRIO;1988;8;17.7;bruto;Quedas do Iguaçu
2553018;USINA SALTO OSÓRIO;1988;9;20.2;bruto;Quedas do Iguaçu
2553018;USINA SALTO OSÓRIO;1988;10;193.4;bruto;Quedas do Iguaçu
2553018;USINA SALTO OSÓRIO;1988;11;53.5;bruto;Quedas do Iguaçu
2553018;USINA SALTO OSÓRIO;1988;12;176.5;bruto;Quedas do Iguaçu
2553018;USINA SALTO OSÓRIO;1989;1;248.7;bruto;Quedas do Iguaçu
2553018;USINA SALTO OSÓRIO;1989;2;208.0;bruto;Quedas do Iguaçu
2553018;USINA SALTO OSÓRIO;1989;3;142.7;bruto;Quedas do Iguaçu
2553018;USINA SALTO OSÓRIO;1989;4;114.2;bruto;Quedas do Iguaçu
2553018;USINA SALTO OSÓRIO;1989;5;49.5;bruto;Quedas do Iguaçu
2553018;USINA SALTO OSÓRIO;1989;6;103.0;bruto;Quedas do Iguaçu
2553018;USINA SALTO OSÓRIO;1989;7;206.7;bruto;Quedas do Iguaçu
2553018;USINA SALTO OSÓRIO;1989;8;206.6;bruto;Quedas do Iguaçu
2553018;USINA SALTO OSÓRIO;1989;9;329.3;bruto;Quedas do Iguaçu
2553018;USINA SALTO OSÓRIO;1989;10;245.0;bruto;Quedas do Iguaçu
2553018;USINA SALTO OSÓRIO;1989;11;136.8;bruto;Quedas do Iguaçu
2553018;USINA SALTO OSÓRIO;1989;12;137.1;bruto;Quedas do Iguaçu
2553018;USINA SALTO OSÓRIO;1990;1;297.8;bruto;Quedas do Iguaçu
2553018;USINA SALTO OSÓRIO;1990;2;87.5;bruto;Quedas do Iguaçu
2553018;USINA SALTO OSÓRIO;1990;3;112.0;bruto;Quedas do Iguaçu
2553018;USINA SALTO OSÓRIO;1990;4;314.4;bruto;Quedas do Iguaçu
2553018;USINA SALTO OSÓRIO;1990;5;158.1;bruto;Quedas do Iguaçu
2553018;USINA SALTO OSÓRIO;1990;6;173.8;bruto;Quedas do Iguaçu
2553018;USINA SALTO OSÓRIO;1990;7;202.6;bruto;Quedas do Iguaçu
2553018;USINA SALTO OSÓRIO;1990;8;282.2;bruto;Quedas do Iguaçu
2553018;USINA SALTO OSÓRIO;1990;9;327.9;bruto;Quedas do Iguaçu
2553018;USINA SALTO OSÓRIO;1990;10;199.2;bruto;Quedas do Iguaçu
2553018;USINA SALTO OSÓRIO;1990;11;284.6;bruto;Quedas do Iguaçu
2553018;USINA SALTO OSÓRIO;1990;12;168.1;bruto;Quedas do Iguaçu
2553018;USINA SALTO OSÓRIO;1991;1;106.6;bruto;Quedas do Iguaçu
2553018;USINA SALTO OSÓRIO;1991;2;52.7;bruto;Quedas do Iguaçu
2553018;USINA SALTO OSÓRIO;1991;3;92.6;bruto;Quedas do Iguaçu
2553018;USINA SALTO OSÓRIO;1991;4;237.0;bruto;Quedas do Iguaçu
2553018;USINA SALTO OSÓRIO;1991;5;68.3;bruto;Quedas do Iguaçu
2553018;USINA SALTO OSÓRIO;1991;6;301.6;bruto;Quedas do Iguaçu
2553018;USINA SALTO OSÓRIO;1991;7;54.7;bruto;Quedas do Iguaçu
2553018;USINA SALTO OSÓRIO;1991;8;60.2;bruto;Quedas do Iguaçu
2553018;USINA SALTO OSÓRIO;1991;9;69.9;bruto;Quedas do Iguaçu
2553018;USINA SALTO OSÓRIO;1991;10;145.5;bruto;Quedas do Iguaçu
2553018;USINA SALTO OSÓRIO;1991;11;159.7;bruto;Quedas do Iguaçu
2553018;USINA SALTO OSÓRIO;1991;12;318.3;bruto;Quedas do Iguaçu
2553018;USINA SALTO OSÓRIO;1992;1;86.7;bruto;Quedas do Iguaçu
2553018;USINA SALTO OSÓRIO;1992;2;180.4;bruto;Quedas do Iguaçu
2553018;USINA SALTO OSÓRIO;1992;3;202.7;bruto;Quedas do Iguaçu
2553018;USINA SALTO OSÓRIO;1992;4;191.4;bruto;Quedas do Iguaçu
2553018;USINA SALTO OSÓRIO;1992;5;557.5;bruto;Quedas do Iguaçu
2553018;USINA SALTO OSÓRIO;1992;6;156.0;bruto;Quedas do Iguaçu
2553018;USINA SALTO OSÓRIO;1992;7;142.0;bruto;Quedas do Iguaçu
2553018;USINA SALTO OSÓRIO;1992;8;160.2;bruto;Quedas do Iguaçu
2553018;USINA SALTO OSÓRIO;1992;9;177.1;bruto;Quedas do Iguaçu
2553018;USINA SALTO OSÓRIO;1992;10;237.9;bruto;Quedas do Iguaçu
2553018;USINA SALTO OSÓRIO;1992;11;220.1;bruto;Quedas do Iguaçu
2553018;USINA SALTO OSÓRIO;1992;12;84.0;bruto;Quedas do Iguaçu
2553018;USINA SALTO OSÓRIO;1993;1;254.7;bruto;Quedas do Iguaçu
2553018;USINA SALTO OSÓRIO;1993;2;52.1;bruto;Quedas do Iguaçu
2553018;USINA SALTO OSÓRIO;1993;3;162.3;bruto;Quedas do Iguaçu
2553018;USINA SALTO OSÓRIO;1993;4;164.4;bruto;Quedas do Iguaçu
2553018;USINA SALTO OSÓRIO;1993;5;375.0;bruto;Quedas do Iguaçu
2553018;USINA SALTO OSÓRIO;1993;6;116.4;bruto;Quedas do Iguaçu
2553018;USINA SALTO OSÓRIO;1993;7;209.1;bruto;Quedas do Iguaçu
2553018;USINA SALTO OSÓRIO;1993;8;14.4;bruto;Quedas do Iguaçu
2553018;USINA SALTO OSÓRIO;1993;9;349.2;bruto;Quedas do Iguaçu
2553018;USINA SALTO OSÓRIO;1993;10;225.7;bruto;Quedas do Iguaçu
2553018;USINA SALTO OSÓRIO;1993;11;99.1;bruto;Quedas do Iguaçu
2553018;USINA SALTO OSÓRIO;1993;12;238.1;bruto;Quedas do Iguaçu
2553018;USINA SALTO OSÓRIO;1994;1;106.5;bruto;Quedas do Iguaçu
2553018;USINA SALTO OSÓRIO;1994;2;268.4;bruto;Quedas do Iguaçu
2553018;USINA SALTO OSÓRIO;1994;3;81.6;bruto;Quedas do Iguaçu
2553018;USINA SALTO OSÓRIO;1994;4;145.2;bruto;Quedas do Iguaçu
2553018;USINA SALTO OSÓRIO;1994;5;244.3;bruto;Quedas do Iguaçu
2553018;USINA SALTO OSÓRIO;1994;6;310.9;bruto;Quedas do Iguaçu
2553018;USINA SALTO OSÓRIO;1994;7;121.9;bruto;Quedas do Iguaçu
2553018;USINA SALTO OSÓRIO;1994;8;19.8;bruto;Quedas do Iguaçu
2553018;USINA SALTO OSÓRIO;1994;9;129.8;bruto;Quedas do Iguaçu
2553018;USINA SALTO OSÓRIO;1994;10;232.4;bruto;Quedas do Iguaçu
2553018;USINA SALTO OSÓRIO;1994;11;187.9;bruto;Quedas do Iguaçu
2553018;USINA SALTO OSÓRIO;1994;12;240.8;bruto;Quedas do Iguaçu
2553018;USINA SALTO OSÓRIO;1995;1;431.5;bruto;Quedas do Iguaçu
2553018;USINA SALTO OSÓRIO;1995;2;120.7;bruto;Quedas do Iguaçu
2553018;USINA SALTO OSÓRIO;1995;3;192.2;bruto;Quedas do Iguaçu
2553018;USINA SALTO OSÓRIO;1995;4;137.6;bruto;Quedas do Iguaçu
2553018;USINA SALTO OSÓRIO;1995;5;23.8;bruto;Quedas do Iguaçu
2553018;USINA SALTO OSÓRIO;1995;6;166.4;bruto;Quedas do Iguaçu
2553018;USINA SALTO OSÓRIO;1995;7;89.8;bruto;Quedas do Iguaçu
2553018;USINA SALTO OSÓRIO;1995;8;30.5;bruto;Quedas do Iguaçu
2553018;USINA SALTO OSÓRIO;1995;9;204.3;bruto;Quedas do Iguaçu
2553018;USINA SALTO OSÓRIO;1995;10;184.7;bruto;Quedas do Iguaçu
2553018;USINA SALTO OSÓRIO;1995;11;84.9;bruto;Quedas do Iguaçu
2553018;USINA SALTO OSÓRIO;1995;12;79.8;bruto;Quedas do Iguaçu
2553018;USINA SALTO OSÓRIO;1996;1;190.5;bruto;Quedas do Iguaçu
2553018;USINA SALTO OSÓRIO;1996;2;311.4;bruto;Quedas do Iguaçu
2553018;USINA SALTO OSÓRIO;1996;3;279.6;bruto;Quedas do Iguaçu
2553018;USINA SALTO OSÓRIO;1996;4;89.6;bruto;Quedas do Iguaçu
2553018;USINA SALTO OSÓRIO;1996;5;37.4;bruto;Quedas do Iguaçu
2553018;USINA SALTO OSÓRIO;1996;6;163.3;bruto;Quedas do Iguaçu
2553018;USINA SALTO OSÓRIO;1996;7;53.8;bruto;Quedas do Iguaçu
2553018;USINA SALTO OSÓRIO;1996;8;31.7;bruto;Quedas do Iguaçu
2553018;USINA SALTO OSÓRIO;1996;9;186.0;bruto;Quedas do Iguaçu
2553018;USINA SALTO OSÓRIO;1996;10;512.9;bruto;Quedas do Iguaçu
2553018;USINA SALTO OSÓRIO;1996;11;92.2;bruto;Quedas do Iguaçu
2553018;USINA SALTO OSÓRIO;1996;12;323.6;bruto;Quedas do Iguaçu
2553018;USINA SALTO OSÓRIO;1997;1;124.3;bruto;Quedas do Iguaçu
2553018;USINA SALTO OSÓRIO;1997;2;266.7;bruto;Quedas do Iguaçu
2553018;USINA SALTO OSÓRIO;1997;3;35.2;bruto;Quedas do Iguaçu
2553018;USINA SALTO OSÓRIO;1997;4;66.0;bruto;Quedas do Iguaçu
2553018;USINA SALTO OSÓRIO;1997;5;245.4;bruto;Quedas do Iguaçu
2553018;USINA SALTO OSÓRIO;1997;6;211.0;bruto;Quedas do Iguaçu
2553018;USINA SALTO OSÓRIO;1997;7;88.5;bruto;Quedas do Iguaçu
2553018;USINA SALTO OSÓRIO;1997;8;231.1;bruto;Quedas do Iguaçu
2553018;USINA SALTO OSÓRIO;1997;9;249.4;bruto;Quedas do Iguaçu
2553018;USINA SALTO OSÓRIO;1997;10;349.0;bruto;Quedas do Iguaçu
2553018;USINA SALTO OSÓRIO;1997;11;308.0;bruto;Quedas do Iguaçu
2553018;USINA SALTO OSÓRIO;1997;12;160.5;bruto;Quedas do Iguaçu
2553018;USINA SALTO OSÓRIO;1998;1;167.3;bruto;Quedas do Iguaçu
2553018;USINA SALTO OSÓRIO;1998;2;278.1;bruto;Quedas do Iguaçu
2553018;USINA SALTO OSÓRIO;1998;3;360.2;bruto;Quedas do Iguaçu
2553018;USINA SALTO OSÓRIO;1998;4;564.0;bruto;Quedas do Iguaçu
2553018;USINA SALTO OSÓRIO;1998;5;171.5;bruto;Quedas do Iguaçu
2553018;USINA SALTO OSÓRIO;1998;6;134.5;bruto;Quedas do Iguaçu
2553018;USINA SALTO OSÓRIO;1998;7;54.7;bruto;Quedas do Iguaçu
2553018;USINA SALTO OSÓRIO;1998;8;247.0;bruto;Quedas do Iguaçu
2553018;USINA SALTO OSÓRIO;1998;9;314.1;bruto;Quedas do Iguaçu
2553018;USINA SALTO OSÓRIO;1998;10;335.4;bruto;Quedas do Iguaçu
2553018;USINA SALTO OSÓRIO;1998;11;43.4;bruto;Quedas do Iguaçu
2553018;USINA SALTO OSÓRIO;1998;12;214.7;bruto;Quedas do Iguaçu
2553018;USINA SALTO OSÓRIO;1999;1;162.7;bruto;Quedas do Iguaçu
2553018;USINA SALTO OSÓRIO;1999;2;213.1;bruto;Quedas do Iguaçu
2553018;USINA SALTO OSÓRIO;1999;3;77.5;bruto;Quedas do Iguaçu
2553018;USINA SALTO OSÓRIO;1999;4;141.0;bruto;Quedas do Iguaçu
2553018;USINA SALTO OSÓRIO;1999;5;120.3;bruto;Quedas do Iguaçu
2553018;USINA SALTO OSÓRIO;1999;6;231.9;bruto;Quedas do Iguaçu
2553018;USINA SALTO OSÓRIO;1999;7;131.2;bruto;Quedas do Iguaçu
2553018;USINA SALTO OSÓRIO;1999;8;7.1;bruto;Quedas do Iguaçu
2553018;USINA SALTO OSÓRIO;1999;9;;sem_leitura;Quedas do Iguaçu
2553018;USINA SALTO OSÓRIO;1999;10;;sem_leitura;Quedas do Iguaçu
2553018;USINA SALTO OSÓRIO;1999;11;;sem_leitura;Quedas do Iguaçu
2553018;USINA SALTO OSÓRIO;1999;12;;sem_leitura;Quedas do Iguaçu
2553020;FLORIANO;1986;1;246.0;bruto;Matelandia
2553020;FLORIANO;1986;2;196.9;bruto;Matelandia
2553020;FLORIANO;1986;3;186.7;bruto;Matelandia
2553020;FLORIANO;1986;4;150.2;bruto;Matelandia
2553020;FLORIANO;1986;5;350.4;bruto;Matelandia
2553020;FLORIANO;1986;6;43.0;bruto;Matelandia
2553020;FLORIANO;1986;7;46.8;bruto;Matelandia
2553020;FLORIANO;1986;8;137.0;bruto;Matelandia
2553020;FLORIANO;1986;9;184.4;bruto;Matelandia
2553020;FLORIANO;1986;10;155.2;bruto;Matelandia
2553020;FLORIANO;1986;11;231.8;bruto;Matelandia
2553020;FLORIANO;1986;12;173.0;bruto;Matelandia
2553020;FLORIANO;1987;1;255.2;bruto;Matelandia
2553020;FLORIANO;1987;2;246.6;bruto;Matelandia
2553020;FLORIANO;1987;3;116.7;bruto;Matelandia
2553020;FLORIANO;1987;4;246.2;bruto;Matelandia
2553020;FLORIANO;1987;5;380.8;bruto;Matelandia
2553020;FLORIANO;1987;6;121.4;bruto;Matelandia
2553020;FLORIANO;1987;7;90.2;bruto;Matelandia
2553020;FLORIANO;1987;8;44.0;bruto;Matelandia
2553020;FLORIANO;1987;9;14.2;bruto;Matelandia
2553020;FLORIANO;1987;10;267.6;bruto;Matelandia
2553020;FLORIANO;1987;11;258.0;bruto;Matelandia
2553020;FLORIANO;1987;12;161.0;bruto;Matelandia
2553020;FLORIANO;1988;1;59.2;bruto;Matelandia
2553020;FLORIANO;1988;2;78.2;bruto;Matelandia
2553020;FLORIANO;1988;3;99.8;bruto;Matelandia
2553020;FLORIANO;1988;4;168.0;bruto;Matelandia
2553020;FLORIANO;1988;5;228.0;bruto;Matelandia
2553020;FLORIANO;1988;6;141.0;bruto;Matelandia
2553020;FLORIANO;1988;7;0.0;bruto;Matelandia
2553020;FLORIANO;1988;8;13.2;bruto;Matelandia
2553020;FLORIANO;1988;9;39.6;bruto;Matelandia
2553020;FLORIANO;1988;10;129.4;bruto;Matelandia
2553020;FLORIANO;1988;11;80.0;bruto;Matelandia
2553020;FLORIANO;1988;12;83.0;bruto;Matelandia
2553020;FLORIANO;1989;1;236.0;bruto;Matelandia
2553020;FLORIANO;1989;2;272.0;bruto;Matelandia
2553020;FLORIANO;1989;3;232.8;bruto;Matelandia
2553020;FLORIANO;1989;4;57.4;bruto;Matelandia
2553020;FLORIANO;1989;5;44.4;bruto;Matelandia
2553020;FLORIANO;1989;6;151.0;bruto;Matelandia
2553020;FLORIANO;1989;7;117.6;bruto;Matelandia
2553020;FLORIANO;1989;8;178.6;bruto;Matelandia
2553020;FLORIANO;1989;9;347.2;bruto;Matelandia
2553020;FLORIANO;1989;10;193.0;bruto;Matelandia
2553020;FLORIANO;1989;11;137.6;bruto;Matelandia
2553020;FLORIANO;1989;12;160.2;bruto;Matelandia
2553020;FLORIANO;1990;1;270.0;bruto;Matelandia
2553020;FLORIANO;1990;2;61.2;bruto;Matelandia
2553020;FLORIANO;1990;3;131.0;bruto;Matelandia
2553020;FLORIANO;1990;4;273.4;bruto;Matelandia
2553020;FLORIANO;1990;5;54.4;bruto;Matelandia
2553020;FLORIANO;1990;6;150.8;bruto;Matelandia
2553020;FLORIANO;1990;7;117.0;bruto;Matelandia
2553020;FLORIANO;1990;8;333.2;bruto;Matelandia
2553020;FLORIANO;1990;9;287.2;bruto;Matelandia
2553020;FLORIANO;1990;10;172.1;bruto;Matelandia
2553020;FLORIANO;1990;11;121.3;bruto;Matelandia
2553020;FLORIANO;1990;12;93.6;bruto;Matelandia
2553020;FLORIANO;1991;1;227.8;bruto;Matelandia
2553020;FLORIANO;1991;2;92.3;bruto;Matelandia
2553020;FLORIANO;1991;3;100.2;bruto;Matelandia
2553020;FLORIANO;1991;4;105.8;bruto;Matelandia
2553020;FLORIANO;1991;5;68.0;bruto;Matelandia
2553020;FLORIANO;1991;6;281.7;bruto;Matelandia
2553020;FLORIANO;1991;7;37.0;bruto;Matelandia
2553020;FLORIANO;1991;8;33.0;bruto;Matelandia
2553020;FLORIANO;1991;9;90.4;bruto;Matelandia
2553020;FLORIANO;1991;10;142.0;bruto;Matelandia
2553020;FLORIANO;1991;11;141.0;bruto;Matelandia
2553020;FLORIANO;1991;12;290.8;bruto;Matelandia
2553020;FLORIANO;1992;1;29.2;bruto;Matelandia
2553020;FLORIANO;1992;2;246.0;bruto;Matelandia
2553020;FLORIANO;1992;3;144.0;bruto;Matelandia
2553020;FLORIANO;1992;4;155.1;bruto;Matelandia
2553020;FLORIANO;1992;5;508.2;bruto;Matelandia
2553020;FLORIANO;1992;6;94.8;bruto;Matelandia
2553020;FLORIANO;1992;7;134.2;bruto;Matelandia
2553020;FLORIANO;1992;8;146.3;bruto;Matelandia
2553020;FLORIANO;1992;9;125.4;bruto;Matelandia
2553020;FLORIANO;1992;10;149.9;bruto;Matelandia
2553020;FLORIANO;1992;11;163.5;bruto;Matelandia
2553020;FLORIANO;1992;12;101.3;bruto;Matelandia
2553020;FLORIANO;1993;1;270.1;bruto;Matelandia
2553020;FLORIANO;1993;2;119.5;bruto;Matelandia
2553020;FLORIANO;1993;3;173.8;bruto;Matelandia
2553020;FLORIANO;1993;4;67.1;bruto;Matelandia
2553020;FLORIANO;1993;5;334.9;bruto;Matelandia
2553020;FLORIANO;1993;6;171.2;bruto;Matelandia
2553020;FLORIANO;1993;7;179.8;bruto;Matelandia
2553020;FLORIANO;1993;8;7.5;bruto;Matelandia
2553020;FLORIANO;1993;9;156.0;bruto;Matelandia
2553020;FLORIANO;1993;10;215.2;bruto;Matelandia
2553020;FLORIANO;1993;11;149.5;bruto;Matelandia
2553020;FLORIANO;1993;12;85.0;bruto;Matelandia
2553020;FLORIANO;1994;1;114.2;bruto;Matelandia
2553020;FLORIANO;1994;2;216.6;bruto;Matelandia
2553020;FLORIANO;1994;3;97.1;bruto;Matelandia
2553020;FLORIANO;1994;4;153.9;bruto;Matelandia
2553020;FLORIANO;1994;5;96.2;bruto;Matelandia
2553020;FLORIANO;1994;6;358.9;bruto;Matelandia
2553020;FLORIANO;1994;7;51.9;bruto;Matelandia
2553020;FLORIANO;1994;8;18.8;bruto;Matelandia
2553020;FLORIANO;1994;9;106.0;bruto;Matelandia
2553020;FLORIANO;1994;10;271.5;bruto;Matelandia
2553020;FLORIANO;1994;11;248.3;bruto;Matelandia
2553020;FLORIANO;1994;12;170.9;bruto;Matelandia
2553020;FLORIANO;1995;1;389.6;bruto;Matelandia
2553020;FLORIANO;1995;2;110.7;bruto;Matelandia
2553020;FLORIANO;1995;3;183.2;bruto;Matelandia
2553020;FLORIANO;1995;4;128.2;bruto;Matelandia
2553020;FLORIANO;1995;5;22.1;bruto;Matelandia
2553020;FLORIANO;1995;6;113.8;bruto;Matelandia
2553020;FLORIANO;1995;7;96.0;bruto;Matelandia
2553020;FLORIANO;1995;8;0.0;bruto;Matelandia
2553020;FLORIANO;1995;9;162.2;bruto;Matelandia
2553020;FLORIANO;1995;10;232.6;bruto;Matelandia
2553020;FLORIANO;1995;11;98.8;bruto;Matelandia
2553020;FLORIANO;1995;12;93.4;bruto;Matelandia
2553020;FLORIANO;1996;1;203.2;bruto;Matelandia
2553020;FLORIANO;1996;2;155.6;bruto;Matelandia
2553020;FLORIANO;1996;3;262.3;bruto;Matelandia
2553020;FLORIANO;1996;4;47.5;bruto;Matelandia
2553020;FLORIANO;1996;5;47.6;bruto;Matelandia
2553020;FLORIANO;1996;6;110.5;bruto;Matelandia
2553020;FLORIANO;1996;7;78.0;bruto;Matelandia
2553020;FLORIANO;1996;8;35.2;bruto;Matelandia
2553020;FLORIANO;1996;9;146.3;bruto;Matelandia
2553020;FLORIANO;1996;10;446.1;bruto;Matelandia
2553020;FLORIANO;1996;11;150.2;bruto;Matelandia
2553020;FLORIANO;1996;12;586.0;bruto;Matelandia
2553020;FLORIANO;1997;1;163.0;bruto;Matelandia
2553020;FLORIANO;1997;2;153.7;bruto;Matelandia
2553020;FLORIANO;1997;3;65.5;bruto;Matelandia
2553020;FLORIANO;1997;4;45.9;bruto;Matelandia
2553020;FLORIANO;1997;5;264.1;bruto;Matelandia
2553020;FLORIANO;1997;6;284.2;bruto;Matelandia
2553020;FLORIANO;1997;7;49.1;bruto;Matelandia
2553020;FLORIANO;1997;8;338.5;bruto;Matelandia
2553020;FLORIANO;1997;9;185.4;bruto;Matelandia
2553020;FLORIANO;1997;10;357.3;bruto;Matelandia
2553020;FLORIANO;1997;11;336.5;bruto;Matelandia
2553020;FLORIANO;1997;12;101.4;bruto;Matelandia
2553020;FLORIANO;1998;1;169.8;bruto;Matelandia
2553020;FLORIANO;1998;2;309.4;bruto;Matelandia
2553020;FLORIANO;1998;3;218.7;bruto;Matelandia
2553020;FLORIANO;1998;4;448.7;bruto;Matelandia
2553020;FLORIANO;1998;5;193.2;bruto;Matelandia
2553020;FLORIANO;1998;6;68.4;bruto;Matelandia
2553020;FLORIANO;1998;7;35.2;bruto;Matelandia
2553020;FLORIANO;1998;8;231.3;bruto;Matelandia
2553020;FLORIANO;1998;9;344.2;bruto;Matelandia
2553020;FLORIANO;1998;10;318.8;bruto;Matelandia
2553020;FLORIANO;1998;11;103.3;bruto;Matelandia
2553020;FLORIANO;1998;12;162.3;bruto;Matelandia
2553020;FLORIANO;1999;1;345.2;bruto;Matelandia
2553020;FLORIANO;1999;2;208.7;bruto;Matelandia
2553020;FLORIANO;1999;3;141.5;bruto;Matelandia
2553020;FLORIANO;1999;4;139.6;bruto;Matelandia
2553020;FLORIANO;1999;5;101.2;bruto;Matelandia
2553020;FLORIANO;1999;6;319.4;bruto;Matelandia
2553020;FLORIANO;1999;7;144.9;bruto;Matelandia
2553020;FLORIANO;1999;8;7.0;bruto;Matelandia
2553020;FLORIANO;1999;9;74.3;bruto;Matelandia
2553020;FLORIANO;1999;10;101.6;bruto;Matelandia
2553020;FLORIANO;1999;11;78.9;bruto;Matelandia
2553020;FLORIANO;1999;12;226.3;bruto;Matelandia
2553020;FLORIANO;2000;1;143.3;bruto;Matelandia
2553020;FLORIANO;2000;2;221.0;bruto;Matelandia
2553020;FLORIANO;2000;3;148.0;bruto;Matelandia
2553020;FLORIANO;2000;4;91.0;bruto;Matelandia
2553020;FLORIANO;2000;5;101.7;bruto;Matelandia
2553020;FLORIANO;2000;6;130.9;bruto;Matelandia
2553020;FLORIANO;2000;7;144.3;bruto;Matelandia
2553020;FLORIANO;2000;8;91.3;bruto;Matelandia
2553020;FLORIANO;2000;9;161.7;bruto;Matelandia
2553020;FLORIANO;2000;10;236.9;bruto;Matelandia
2553020;FLORIANO;2000;11;127.2;bruto;Matelandia
2553020;FLORIANO;2000;12;129.9;bruto;Matelandia
2553020;FLORIANO;2001;1;153.8;bruto;Matelandia
2553020;FLORIANO;2001;2;226.1;bruto;Matelandia
2553020;FLORIANO;2001;3;132.5;bruto;Matelandia
2553020;FLORIANO;2001;4;168.9;bruto;Matelandia
2553020;FLORIANO;2001;5;87.6;bruto;Matelandia
2553020;FLORIANO;2001;6;131.1;bruto;Matelandia
2553020;FLORIANO;2001;7;84.9;bruto;Matelandia
2553020;FLORIANO;2001;8;75.4;bruto;Matelandia
2553020;FLORIANO;2001;9;88.0;bruto;Matelandia
2553020;FLORIANO;2001;10;231.9;bruto;Matelandia
2553020;FLORIANO;2001;11;129.4;bruto;Matelandia
2553020;FLORIANO;2001;12;107.0;bruto;Matelandia
2553020;FLORIANO;2002;1;351.0;bruto;Matelandia
2553020;FLORIANO;2002;2;118.9;bruto;Matelandia
2553020;FLORIANO;2002;3;118.9;bruto;Matelandia
2553020;FLORIANO;2002;4;53.5;bruto;Matelandia
2553020;FLORIANO;2002;5;476.3;bruto;Matelandia
2553020;FLORIANO;2002;6;51.9;bruto;Matelandia
2553020;FLORIANO;2002;7;47.8;bruto;Matelandia
2553020;FLORIANO;2002;8;104.2;bruto;Matelandia
2553020;FLORIANO;2002;9;166.5;bruto;Matelandia
2553020;FLORIANO;2002;10;230.5;bruto;Matelandia
2553020;FLORIANO;2002;11;169.4;bruto;Matelandia
2553020;FLORIANO;2002;12;93.9;bruto;Matelandia
2553020;FLORIANO;2003;1;147.2;bruto;Matelandia
2553020;FLORIANO;2003;2;265.3;bruto;Matelandia
2553020;FLORIANO;2003;3;102.9;bruto;Matelandia
2553020;FLORIANO;2003;4;135.0;bruto;Matelandia
2553020;FLORIANO;2003;5;56.7;bruto;Matelandia
2553020;FLORIANO;2003;6;103.7;bruto;Matelandia
2553020;FLORIANO;2003;7;111.7;bruto;Matelandia
2553020;FLORIANO;2003;8;52.1;bruto;Matelandia
2553020;FLORIANO;2003;9;121.8;bruto;Matelandia
2553020;FLORIANO;2003;10;270.8;bruto;Matelandia
2553020;FLORIANO;2003;11;287.6;bruto;Matelandia
2553020;FLORIANO;2003;12;274.5;bruto;Matelandia
2553020;FLORIANO;2004;1;73.6;bruto;Matelandia
2553020;FLORIANO;2004;2;38.7;bruto;Matelandia
2553020;FLORIANO;2004;3;55.9;bruto;Matelandia
2553020;FLORIANO;2004;4;81.4;bruto;Matelandia
2553020;FLORIANO;2004;5;329.4;bruto;Matelandia
2553020;FLORIANO;2004;6;112.9;bruto;Matelandia
2553020;FLORIANO;2004;7;212.8;bruto;Matelandia
2553020;FLORIANO;2004;8;23.0;bruto;Matelandia
2553020;FLORIANO;2004;9;48.4;bruto;Matelandia
2553020;FLORIANO;2004;10;330.0;bruto;Matelandia
2553020;FLORIANO;2004;11;190.6;bruto;Matelandia
2553020;FLORIANO;2004;12;68.8;bruto;Matelandia
2553020;FLORIANO;2005;1;195.2;bruto;Matelandia
2553020;FLORIANO;2005;2;24.6;bruto;Matelandia
2553020;FLORIANO;2005;3;92.2;bruto;Matelandia
2553020;FLORIANO;2005;4;145.3;bruto;Matelandia
2553020;FLORIANO;2005;5;311.9;bruto;Matelandia
2553020;FLORIANO;2005;6;162.4;bruto;Matelandia
2553020;FLORIANO;2005;7;78.9;bruto;Matelandia
2553020;FLORIANO;2005;8;50.6;bruto;Matelandia
2553020;FLORIANO;2005;9;177.9;bruto;Matelandia
2553020;FLORIANO;2005;10;489.6;bruto;Matelandia
2553020;FLORIANO;2005;11;52.8;bruto;Matelandia
2553020;FLORIANO;2005;12;18.8;bruto;Matelandia
2553020;FLORIANO;2006;1;179.2;bruto;Matelandia
2553020;FLORIANO;2006;2;70.7;bruto;Matelandia
2553020;FLORIANO;2006;3;138.7;bruto;Matelandia
2553020;FLORIANO;2006;4;87.1;bruto;Matelandia
2553020;FLORIANO;2006;5;0.0;bruto;Matelandia
2553020;FLORIANO;2006;6;44.4;bruto;Matelandia
2553020;FLORIANO;2006;7;32.0;bruto;Matelandia
2553020;FLORIANO;2006;8;82.3;bruto;Matelandia
2553020;FLORIANO;2006;9;152.9;bruto;Matelandia
2553020;FLORIANO;2006;10;126.1;bruto;Matelandia
2553020;FLORIANO;2006;11;188.0;bruto;Matelandia
2553020;FLORIANO;2006;12;120.0;bruto;Matelandia
2553020;FLORIANO;2007;1;227.5;bruto;Matelandia
2553020;FLORIANO;2007;2;134.9;bruto;Matelandia
2553020;FLORIANO;2007;3;130.8;bruto;Matelandia
2553020;FLORIANO;2007;4;303.7;bruto;Matelandia
2553020;FLORIANO;2007;5;254.1;bruto;Matelandia
2553020;FLORIANO;2007;6;20.2;bruto;Matelandia
2553020;FLORIANO;2007;7;91.4;bruto;Matelandia
2553020;FLORIANO;2007;8;10.5;bruto;Matelandia
2553020;FLORIANO;2007;9;25.1;bruto;Matelandia
2553020;FLORIANO;2007;10;97.0;bruto;Matelandia
2553020;FLORIANO;2007;11;154.7;bruto;Matelandia
2553020;FLORIANO;2007;12;180.6;bruto;Matelandia
2553020;FLORIANO;2008;1;154.5;bruto;Matelandia
2553020;FLORIANO;2008;2;116.8;bruto;Matelandia
2553020;FLORIANO;2008;3;100.2;bruto;Matelandia
2553020;FLORIANO;2008;4;157.6;bruto;Matelandia
2553020;FLORIANO;2008;5;129.1;bruto;Matelandia
2553020;FLORIANO;2008;6;220.5;bruto;Matelandia
2553020;FLORIANO;2008;7;83.2;bruto;Matelandia
2553020;FLORIANO;2008;8;113.2;bruto;Matelandia
2553020;FLORIANO;2008;9;147.1;bruto;Matelandia
2553020;FLORIANO;2008;10;336.8;bruto;Matelandia
2553020;FLORIANO;2008;11;118.8;bruto;Matelandia
2553020;FLORIANO;2008;12;50.9;bruto;Matelandia
2553020;FLORIANO;2009;1;227.3;bruto;Matelandia
2553020;FLORIANO;2009;2;161.1;bruto;Matelandia
2553020;FLORIANO;2009;3;62.2;bruto;Matelandia
2553020;FLORIANO;2009;4;105.3;bruto;Matelandia
2553020;FLORIANO;2009;5;239.7;bruto;Matelandia
2553020;FLORIANO;2009;6;98.5;bruto;Matelandia
2553020;FLORIANO;2009;7;147.6;bruto;Matelandia
2553020;FLORIANO;2009;8;128.1;bruto;Matelandia
2553020;FLORIANO;2009;9;189.2;bruto;Matelandia
2553020;FLORIANO;2009;10;336.9;bruto;Matelandia
2553020;FLORIANO;2009;11;138.5;bruto;Matelandia
2553020;FLORIANO;2009;12;238.2;bruto;Matelandia
2553020;FLORIANO;2010;1;219.8;bruto;Matelandia
2553020;FLORIANO;2010;2;129.1;bruto;Matelandia
2553020;FLORIANO;2010;3;177.4;bruto;Matelandia
2553020;FLORIANO;2010;4;244.0;bruto;Matelandia
2553020;FLORIANO;2010;5;62.9;bruto;Matelandia
2553020;FLORIANO;2010;6;64.6;bruto;Matelandia
2553020;FLORIANO;2010;7;99.5;bruto;Matelandia
2553020;FLORIANO;2010;8;12.4;bruto;Matelandia
2553020;FLORIANO;2010;9;49.1;bruto;Matelandia
2553020;FLORIANO;2010;10;285.7;bruto;Matelandia
2553020;FLORIANO;2010;11;58.6;bruto;Matelandia
2553020;FLORIANO;2010;12;245.1;bruto;Matelandia
2553020;FLORIANO;2011;1;335.1;bruto;Matelandia
2553020;FLORIANO;2011;2;264.5;bruto;Matelandia
2553020;FLORIANO;2011;3;152.4;bruto;Matelandia
2553020;FLORIANO;2011;4;133.4;bruto;Matelandia
2553020;FLORIANO;2011;5;28.4;bruto;Matelandia
2553020;FLORIANO;2011;6;64.3;bruto;Matelandia
2553020;FLORIANO;2011;7;235.5;bruto;Matelandia
2553020;FLORIANO;2011;8;282.6;bruto;Matelandia
2553020;FLORIANO;2011;9;84.3;bruto;Matelandia
2553020;FLORIANO;2011;10;348.9;bruto;Matelandia
2553020;FLORIANO;2011;11;166.2;bruto;Matelandia
2553020;FLORIANO;2011;12;43.8;bruto;Matelandia
2553020;FLORIANO;2012;1;198.4;bruto;Matelandia
2553020;FLORIANO;2012;2;119.6;bruto;Matelandia
2553020;FLORIANO;2012;3;31.2;bruto;Matelandia
2553020;FLORIANO;2012;4;258.7;bruto;Matelandia
2553020;FLORIANO;2012;5;77.6;bruto;Matelandia
2553020;FLORIANO;2012;6;170.4;bruto;Matelandia
2553020;FLORIANO;2012;7;91.5;bruto;Matelandia
2553020;FLORIANO;2012;8;0.0;bruto;Matelandia
2553020;FLORIANO;2012;9;42.8;bruto;Matelandia
2553020;FLORIANO;2012;10;148.6;bruto;Matelandia
2553020;FLORIANO;2012;11;67.4;bruto;Matelandia
2553020;FLORIANO;2012;12;322.0;bruto;Matelandia
2553020;FLORIANO;2013;1;176.2;bruto;Matelandia
2553020;FLORIANO;2013;2;220.2;bruto;Matelandia
2553020;FLORIANO;2013;3;468.3;bruto;Matelandia
2553020;FLORIANO;2013;4;76.0;bruto;Matelandia
2553020;FLORIANO;2013;5;283.0;bruto;Matelandia
2553020;FLORIANO;2013;6;328.9;bruto;Matelandia
2553020;FLORIANO;2013;7;71.4;bruto;Matelandia
2553020;FLORIANO;2013;8;80.6;bruto;Matelandia
2553020;FLORIANO;2013;9;137.0;bruto;Matelandia
2553020;FLORIANO;2013;10;155.2;bruto;Matelandia
2553020;FLORIANO;2013;11;101.8;bruto;Matelandia
2553020;FLORIANO;2013;12;169.6;bruto;Matelandia
2553020;FLORIANO;2014;1;122.6;bruto;Matelandia
2553020;FLORIANO;2014;2;148.3;bruto;Matelandia
2553020;FLORIANO;2014;3;314.8;bruto;Matelandia
2553020;FLORIANO;2014;4;166.8;bruto;Matelandia
2553020;FLORIANO;2014;5;239.4;bruto;Matelandia
2553020;FLORIANO;2014;6;562.3;bruto;Matelandia
2553020;FLORIANO;2014;7;123.2;bruto;Matelandia
2553020;FLORIANO;2014;8;8.7;bruto;Matelandia
2553020;FLORIANO;2014;9;305.5;bruto;Matelandia
2553020;FLORIANO;2014;10;71.2;bruto;Matelandia
2553020;FLORIANO;2014;11;119.4;bruto;Matelandia
2553020;FLORIANO;2014;12;158.7;bruto;Matelandia
2553020;FLORIANO;2015;1;165.0;bruto;Matelandia
2553020;FLORIANO;2015;2;235.4;bruto;Matelandia
2553020;FLORIANO;2015;3;188.2;bruto;Matelandia
2553020;FLORIANO;2015;4;55.4;bruto;Matelandia
2553020;FLORIANO;2015;5;110.0;bruto;Matelandia
2553020;FLORIANO;2015;6;80.0;bruto;Matelandia
2553020;FLORIANO;2015;7;383.7;bruto;Matelandia
2553020;FLORIANO;2015;8;51.2;bruto;Matelandia
2553020;FLORIANO;2015;9;83.2;bruto;Matelandia
2553020;FLORIANO;2015;10;133.2;bruto;Matelandia
2553020;FLORIANO;2015;11;313.8;bruto;Matelandia
2553020;FLORIANO;2015;12;295.0;bruto;Matelandia
2553020;FLORIANO;2016;1;107.8;bruto;Matelandia
2553020;FLORIANO;2016;2;163.0;bruto;Matelandia
2553020;FLORIANO;2016;3;117.2;bruto;Matelandia
2553020;FLORIANO;2016;4;66.2;bruto;Matelandia
2553020;FLORIANO;2016;5;209.6;bruto;Matelandia
2553020;FLORIANO;2016;6;55.8;bruto;Matelandia
2553020;FLORIANO;2016;7;43.0;bruto;Matelandia
2553020;FLORIANO;2016;8;123.4;bruto;Matelandia
2553020;FLORIANO;2016;9;26.4;bruto;Matelandia
2553020;FLORIANO;2016;10;281.0;bruto;Matelandia
2553020;FLORIANO;2016;11;97.8;bruto;Matelandia
2553020;FLORIANO;2016;12;82.6;bruto;Matelandia
2553020;FLORIANO;2017;1;138.8;bruto;Matelandia
2553020;FLORIANO;2017;2;211.6;bruto;Matelandia
2553020;FLORIANO;2017;3;154.6;bruto;Matelandia
2553020;FLORIANO;2017;4;211.2;bruto;Matelandia
2553020;FLORIANO;2017;5;169.2;bruto;Matelandia
2553020;FLORIANO;2017;6;99.2;bruto;Matelandia
2553020;FLORIANO;2017;7;3.8;bruto;Matelandia
2553020;FLORIANO;2017;8;168.8;bruto;Matelandia
2553020;FLORIANO;2017;9;28.2;bruto;Matelandia
2553020;FLORIANO;2017;10;505.2;bruto;Matelandia
2553020;FLORIANO;2017;11;338.6;bruto;Matelandia
2553020;FLORIANO;2017;12;122.6;bruto;Matelandia
2553020;FLORIANO;2018;1;229.4;bruto;Matelandia
2553020;FLORIANO;2018;2;215.6;bruto;Matelandia
2553020;FLORIANO;2018;3;222.6;bruto;Matelandia
2553020;FLORIANO;2018;4;17.8;bruto;Matelandia
2553020;FLORIANO;2018;5;64.2;bruto;Matelandia
2553020;FLORIANO;2018;6;69.6;bruto;Matelandia
2553020;FLORIANO;2018;7;11.6;bruto;Matelandia
2553020;FLORIANO;2018;8;55.4;bruto;Matelandia
2553020;FLORIANO;2018;9;246.8;bruto;Matelandia
2553020;FLORIANO;2018;10;329.2;bruto;Matelandia
2553020;FLORIANO;2018;11;108.4;bruto;Matelandia
2553020;FLORIANO;2018;12;77.4;bruto;Matelandia
2553020;FLORIANO;2019;1;114.0;bruto;Matelandia
2553020;FLORIANO;2019;2;140.8;bruto;Matelandia
2553020;FLORIANO;2019;3;127.7;bruto;Matelandia
2553020;FLORIANO;2019;4;144.8;bruto;Matelandia
2553020;FLORIANO;2019;5;189.6;bruto;Matelandia
2553020;FLORIANO;2019;6;27.2;bruto;Matelandia
2553020;FLORIANO;2019;7;53.1;bruto;Matelandia
2553020;FLORIANO;2019;8;14.6;bruto;Matelandia
2553020;FLORIANO;2019;9;24.8;bruto;Matelandia
2553020;FLORIANO;2019;10;124.4;bruto;Matelandia
2553020;FLORIANO;2019;11;113.4;bruto;Matelandia
2553020;FLORIANO;2019;12;247.2;bruto;Matelandia
2553020;FLORIANO;2020;1;243.8;bruto;Matelandia
2553020;FLORIANO;2020;2;126.6;bruto;Matelandia
2553020;FLORIANO;2020;3;45.9;bruto;Matelandia
2553020;FLORIANO;2020;4;88.4;bruto;Matelandia
2553020;FLORIANO;2020;5;187.8;bruto;Matelandia
2553020;FLORIANO;2020;6;101.1;bruto;Matelandia
2553020;FLORIANO;2020;7;63.0;bruto;Matelandia
2553020;FLORIANO;2020;8;128.0;bruto;Matelandia
2553020;FLORIANO;2020;9;20.2;bruto;Matelandia
2553020;FLORIANO;2020;10;78.0;bruto;Matelandia
2553020;FLORIANO;2020;11;74.0;bruto;Matelandia
2553020;FLORIANO;2020;12;228.6;bruto;Matelandia
2553020;FLORIANO;2021;1;428.6;bruto;Matelandia
2553020;FLORIANO;2021;2;72.2;bruto;Matelandia
2553020;FLORIANO;2021;3;38.6;bruto;Matelandia
2553020;FLORIANO;2021;4;7.0;bruto;Matelandia
2553020;FLORIANO;2021;5;32.0;bruto;Matelandia
2553020;FLORIANO;2021;6;102.2;bruto;Matelandia
2553020;FLORIANO;2021;7;56.4;bruto;Matelandia
2553020;FLORIANO;2021;8;45.2;bruto;Matelandia
2553020;FLORIANO;2021;9;36.8;bruto;Matelandia
2553020;FLORIANO;2021;10;448.2;bruto;Matelandia
2553020;FLORIANO;2021;11;47.8;bruto;Matelandia
2553020;FLORIANO;2021;12;4.6;bruto;Matelandia
2553020;FLORIANO;2022;1;114.4;bruto;Matelandia
2553020;FLORIANO;2022;2;135.8;bruto;Matelandia
2553020;FLORIANO;2022;3;168.9;bruto;Matelandia
2553020;FLORIANO;2022;4;255.2;bruto;Matelandia
2553020;FLORIANO;2022;5;137.8;bruto;Matelandia
2553020;FLORIANO;2022;6;120.6;bruto;Matelandia
2553020;FLORIANO;2022;7;43.8;bruto;Matelandia
2553020;FLORIANO;2022;8;161.6;bruto;Matelandia
2553020;FLORIANO;2022;9;225.6;bruto;Matelandia
2553020;FLORIANO;2022;10;355.2;bruto;Matelandia
2553020;FLORIANO;2022;11;155.0;bruto;Matelandia
2553020;FLORIANO;2022;12;41.6;bruto;Matelandia
2553020;FLORIANO;2023;1;128.2;bruto;Matelandia
2553020;FLORIANO;2023;2;278.0;bruto;Matelandia
2553020;FLORIANO;2023;3;127.0;bruto;Matelandia
2553020;FLORIANO;2023;4;112.0;bruto;Matelandia
2553020;FLORIANO;2023;5;114.2;bruto;Matelandia
2553020;FLORIANO;2023;6;111.6;bruto;Matelandia
2553020;FLORIANO;2023;7;109.0;bruto;Matelandia
2553020;FLORIANO;2023;8;72.6;bruto;Matelandia
2553020;FLORIANO;2023;9;177.6;bruto;Matelandia
2553020;FLORIANO;2023;10;368.0;bruto;Matelandia
2553020;FLORIANO;2023;11;416.2;bruto;Matelandia
2553020;FLORIANO;2023;12;213.6;bruto;Matelandia
2553020;FLORIANO;2024;1;198.2;bruto;Matelandia
2553020;FLORIANO;2024;2;91.2;bruto;Matelandia
2553020;FLORIANO;2024;3;101.4;bruto;Matelandia
2553020;FLORIANO;2024;4;261.8;bruto;Matelandia
2553020;FLORIANO;2024;5;302.2;bruto;Matelandia
2553020;FLORIANO;2024;6;68.2;bruto;Matelandia
2553020;FLORIANO;2024;7;169.2;bruto;Matelandia
2553020;FLORIANO;2024;8;;sem_leitura;Matelandia
2553020;FLORIANO;2024;9;70.5;bruto;Matelandia
2553020;FLORIANO;2024;10;68.7;bruto;Matelandia
2553020;FLORIANO;2024;11;222.5;bruto;Matelandia
2553020;FLORIANO;2024;12;160.7;bruto;Matelandia
2553020;FLORIANO;2025;1;99.0;bruto;Matelandia
2553020;FLORIANO;2025;2;102.7;bruto;Matelandia
2553020;FLORIANO;2025;3;46.9;bruto;Matelandia
2553020;FLORIANO;2025;4;74.0;bruto;Matelandia
2553020;FLORIANO;2025;5;109.7;bruto;Matelandia
2553020;FLORIANO;2025;6;426.7;bruto;Matelandia
2553020;FLORIANO;2025;7;90.0;bruto;Matelandia
2553020;FLORIANO;2025;8;129.5;bruto;Matelandia
2553020;FLORIANO;2025;9;127.7;bruto;Matelandia
2553020;FLORIANO;2025;10;281.5;bruto;Matelandia
2553020;FLORIANO;2025;11;131.4;bruto;Matelandia
2553020;FLORIANO;2025;12;251.9;bruto;Matelandia
2553023;DOIS DE MAIO;1986;1;206.5;bruto;Céu Azul
2553023;DOIS DE MAIO;1986;2;327.5;bruto;Céu Azul
2553023;DOIS DE MAIO;1986;3;92.2;bruto;Céu Azul
2553023;DOIS DE MAIO;1986;4;109.7;bruto;Céu Azul
2553023;DOIS DE MAIO;1986;5;317.4;bruto;Céu Azul
2553023;DOIS DE MAIO;1986;6;22.3;bruto;Céu Azul
2553023;DOIS DE MAIO;1986;7;62.8;bruto;Céu Azul
2553023;DOIS DE MAIO;1986;8;160.3;bruto;Céu Azul
2553023;DOIS DE MAIO;1986;9;175.7;bruto;Céu Azul
2553023;DOIS DE MAIO;1986;10;150.6;bruto;Céu Azul
2553023;DOIS DE MAIO;1986;11;142.7;bruto;Céu Azul
2553023;DOIS DE MAIO;1986;12;253.2;bruto;Céu Azul
2553023;DOIS DE MAIO;1987;1;75.7;bruto;Céu Azul
2553023;DOIS DE MAIO;1987;2;271.1;bruto;Céu Azul
2553023;DOIS DE MAIO;1987;3;257.5;bruto;Céu Azul
2553023;DOIS DE MAIO;1987;4;140.5;bruto;Céu Azul
2553023;DOIS DE MAIO;1987;5;381.2;bruto;Céu Azul
2553023;DOIS DE MAIO;1987;6;92.7;bruto;Céu Azul
2553023;DOIS DE MAIO;1987;7;147.9;bruto;Céu Azul
2553023;DOIS DE MAIO;1987;8;37.4;bruto;Céu Azul
2553023;DOIS DE MAIO;1987;9;20.8;bruto;Céu Azul
2553023;DOIS DE MAIO;1987;10;207.0;bruto;Céu Azul
2553023;DOIS DE MAIO;1987;11;300.0;bruto;Céu Azul
2553023;DOIS DE MAIO;1987;12;142.4;bruto;Céu Azul
2553023;DOIS DE MAIO;1988;1;150.7;bruto;Céu Azul
2553023;DOIS DE MAIO;1988;2;111.6;bruto;Céu Azul
2553023;DOIS DE MAIO;1988;3;116.9;bruto;Céu Azul
2553023;DOIS DE MAIO;1988;4;170.9;bruto;Céu Azul
2553023;DOIS DE MAIO;1988;5;249.6;bruto;Céu Azul
2553023;DOIS DE MAIO;1988;6;86.3;bruto;Céu Azul
2553023;DOIS DE MAIO;1988;7;0.0;bruto;Céu Azul
2553023;DOIS DE MAIO;1988;8;10.0;bruto;Céu Azul
2553023;DOIS DE MAIO;1988;9;12.3;bruto;Céu Azul
2553023;DOIS DE MAIO;1988;10;193.9;bruto;Céu Azul
2553023;DOIS DE MAIO;1988;11;81.5;bruto;Céu Azul
2553023;DOIS DE MAIO;1988;12;104.9;bruto;Céu Azul
2553023;DOIS DE MAIO;1989;1;197.3;bruto;Céu Azul
2553023;DOIS DE MAIO;1989;2;196.2;bruto;Céu Azul
2553023;DOIS DE MAIO;1989;3;138.0;bruto;Céu Azul
2553023;DOIS DE MAIO;1989;4;95.0;bruto;Céu Azul
2553023;DOIS DE MAIO;1989;5;33.3;bruto;Céu Azul
2553023;DOIS DE MAIO;1989;6;120.5;bruto;Céu Azul
2553023;DOIS DE MAIO;1989;7;118.7;bruto;Céu Azul
2553023;DOIS DE MAIO;1989;8;221.4;bruto;Céu Azul
2553023;DOIS DE MAIO;1989;9;309.0;bruto;Céu Azul
2553023;DOIS DE MAIO;1989;10;183.7;bruto;Céu Azul
2553023;DOIS DE MAIO;1989;11;89.9;bruto;Céu Azul
2553023;DOIS DE MAIO;1989;12;59.4;bruto;Céu Azul
2553023;DOIS DE MAIO;1990;1;206.0;bruto;Céu Azul
2553023;DOIS DE MAIO;1990;2;82.3;bruto;Céu Azul
2553023;DOIS DE MAIO;1990;3;87.1;bruto;Céu Azul
2553023;DOIS DE MAIO;1990;4;268.0;bruto;Céu Azul
2553023;DOIS DE MAIO;1990;5;211.1;bruto;Céu Azul
2553023;DOIS DE MAIO;1990;6;108.3;bruto;Céu Azul
2553023;DOIS DE MAIO;1990;7;151.5;bruto;Céu Azul
2553023;DOIS DE MAIO;1990;8;287.7;bruto;Céu Azul
2553023;DOIS DE MAIO;1990;9;411.3;bruto;Céu Azul
2553023;DOIS DE MAIO;1990;10;136.1;bruto;Céu Azul
2553023;DOIS DE MAIO;1990;11;214.5;bruto;Céu Azul
2553023;DOIS DE MAIO;1990;12;97.1;bruto;Céu Azul
2553023;DOIS DE MAIO;1991;1;225.2;bruto;Céu Azul
2553023;DOIS DE MAIO;1991;2;17.0;bruto;Céu Azul
2553023;DOIS DE MAIO;1991;3;84.4;bruto;Céu Azul
2553023;DOIS DE MAIO;1991;4;200.0;bruto;Céu Azul
2553023;DOIS DE MAIO;1991;5;55.4;bruto;Céu Azul
2553023;DOIS DE MAIO;1991;6;261.3;bruto;Céu Azul
2553023;DOIS DE MAIO;1991;7;41.3;bruto;Céu Azul
2553023;DOIS DE MAIO;1991;8;21.3;bruto;Céu Azul
2553023;DOIS DE MAIO;1991;9;113.7;bruto;Céu Azul
2553023;DOIS DE MAIO;1991;10;107.3;bruto;Céu Azul
2553023;DOIS DE MAIO;1991;11;191.6;bruto;Céu Azul
2553023;DOIS DE MAIO;1991;12;274.0;bruto;Céu Azul
2553023;DOIS DE MAIO;1992;1;89.5;bruto;Céu Azul
2553023;DOIS DE MAIO;1992;2;211.1;bruto;Céu Azul
2553023;DOIS DE MAIO;1992;3;235.9;bruto;Céu Azul
2553023;DOIS DE MAIO;1992;4;213.5;bruto;Céu Azul
2553023;DOIS DE MAIO;1992;5;590.6;bruto;Céu Azul
2553023;DOIS DE MAIO;1992;6;134.4;bruto;Céu Azul
2553023;DOIS DE MAIO;1992;7;80.3;bruto;Céu Azul
2553023;DOIS DE MAIO;1992;8;92.2;bruto;Céu Azul
2553023;DOIS DE MAIO;1992;9;128.6;bruto;Céu Azul
2553023;DOIS DE MAIO;1992;10;168.5;bruto;Céu Azul
2553023;DOIS DE MAIO;1992;11;136.4;bruto;Céu Azul
2553023;DOIS DE MAIO;1992;12;170.8;bruto;Céu Azul
2553023;DOIS DE MAIO;1993;1;190.5;bruto;Céu Azul
2553023;DOIS DE MAIO;1993;2;78.9;bruto;Céu Azul
2553023;DOIS DE MAIO;1993;3;81.9;bruto;Céu Azul
2553023;DOIS DE MAIO;1993;4;14.1;bruto;Céu Azul
2553023;DOIS DE MAIO;1993;5;299.7;bruto;Céu Azul
2553023;DOIS DE MAIO;1993;6;84.8;bruto;Céu Azul
2553023;DOIS DE MAIO;1993;7;136.2;bruto;Céu Azul
2553023;DOIS DE MAIO;1993;8;0.0;bruto;Céu Azul
2553023;DOIS DE MAIO;1993;9;193.4;bruto;Céu Azul
2553023;DOIS DE MAIO;1993;10;221.3;bruto;Céu Azul
2553023;DOIS DE MAIO;1993;11;205.9;bruto;Céu Azul
2553023;DOIS DE MAIO;1993;12;104.1;bruto;Céu Azul
2553023;DOIS DE MAIO;1994;1;152.8;bruto;Céu Azul
2553023;DOIS DE MAIO;1994;2;200.8;bruto;Céu Azul
2553023;DOIS DE MAIO;1994;3;106.2;bruto;Céu Azul
2553023;DOIS DE MAIO;1994;4;141.3;bruto;Céu Azul
2553023;DOIS DE MAIO;1994;5;235.0;bruto;Céu Azul
2553023;DOIS DE MAIO;1994;6;265.1;bruto;Céu Azul
2553023;DOIS DE MAIO;1994;7;118.8;bruto;Céu Azul
2553023;DOIS DE MAIO;1994;8;16.7;bruto;Céu Azul
2553023;DOIS DE MAIO;1994;9;84.8;bruto;Céu Azul
2553023;DOIS DE MAIO;1994;10;266.7;bruto;Céu Azul
2553023;DOIS DE MAIO;1994;11;177.2;bruto;Céu Azul
2553023;DOIS DE MAIO;1994;12;190.5;bruto;Céu Azul
2553023;DOIS DE MAIO;1995;1;226.1;bruto;Céu Azul
2553023;DOIS DE MAIO;1995;2;140.0;bruto;Céu Azul
2553023;DOIS DE MAIO;1995;3;136.4;bruto;Céu Azul
2553023;DOIS DE MAIO;1995;4;141.9;bruto;Céu Azul
2553023;DOIS DE MAIO;1995;5;4.5;bruto;Céu Azul
2553023;DOIS DE MAIO;1995;6;67.7;bruto;Céu Azul
2553023;DOIS DE MAIO;1995;7;111.2;bruto;Céu Azul
2553023;DOIS DE MAIO;1995;8;0.0;bruto;Céu Azul
2553023;DOIS DE MAIO;1995;9;196.1;bruto;Céu Azul
2553023;DOIS DE MAIO;1995;10;208.4;bruto;Céu Azul
2553023;DOIS DE MAIO;1995;11;93.9;bruto;Céu Azul
2553023;DOIS DE MAIO;1995;12;123.8;consistido;Céu Azul
2553023;DOIS DE MAIO;1996;1;181.3;bruto;Céu Azul
2553023;DOIS DE MAIO;1996;2;262.7;bruto;Céu Azul
2553023;DOIS DE MAIO;1996;3;147.8;bruto;Céu Azul
2553023;DOIS DE MAIO;1996;4;77.1;bruto;Céu Azul
2553023;DOIS DE MAIO;1996;5;64.7;bruto;Céu Azul
2553023;DOIS DE MAIO;1996;6;132.1;bruto;Céu Azul
2553023;DOIS DE MAIO;1996;7;29.5;bruto;Céu Azul
2553023;DOIS DE MAIO;1996;8;16.1;bruto;Céu Azul
2553023;DOIS DE MAIO;1996;9;129.3;bruto;Céu Azul
2553023;DOIS DE MAIO;1996;10;401.7;bruto;Céu Azul
2553023;DOIS DE MAIO;1996;11;97.1;bruto;Céu Azul
2553023;DOIS DE MAIO;1996;12;278.8;bruto;Céu Azul
2553023;DOIS DE MAIO;1997;1;158.8;bruto;Céu Azul
2553023;DOIS DE MAIO;1997;2;110.0;bruto;Céu Azul
2553023;DOIS DE MAIO;1997;3;87.5;bruto;Céu Azul
2553023;DOIS DE MAIO;1997;4;53.1;bruto;Céu Azul
2553023;DOIS DE MAIO;1997;5;139.7;bruto;Céu Azul
2553023;DOIS DE MAIO;1997;6;160.4;bruto;Céu Azul
2553023;DOIS DE MAIO;1997;7;90.8;bruto;Céu Azul
2553023;DOIS DE MAIO;1997;8;242.9;bruto;Céu Azul
2553023;DOIS DE MAIO;1997;9;256.5;bruto;Céu Azul
2553023;DOIS DE MAIO;1997;10;301.5;bruto;Céu Azul
2553023;DOIS DE MAIO;1997;11;280.2;bruto;Céu Azul
2553023;DOIS DE MAIO;1997;12;100.9;bruto;Céu Azul
2553023;DOIS DE MAIO;1998;1;218.4;bruto;Céu Azul
2553023;DOIS DE MAIO;1998;2;343.0;bruto;Céu Azul
2553023;DOIS DE MAIO;1998;3;377.1;bruto;Céu Azul
2553023;DOIS DE MAIO;1998;4;435.7;bruto;Céu Azul
2553023;DOIS DE MAIO;1998;5;182.9;bruto;Céu Azul
2553023;DOIS DE MAIO;1998;6;61.1;bruto;Céu Azul
2553023;DOIS DE MAIO;1998;7;24.5;bruto;Céu Azul
2553023;DOIS DE MAIO;1998;8;309.1;bruto;Céu Azul
2553023;DOIS DE MAIO;1998;9;257.8;bruto;Céu Azul
2553023;DOIS DE MAIO;1998;10;;sem_leitura;Céu Azul
2553023;DOIS DE MAIO;1998;11;;sem_leitura;Céu Azul
2553023;DOIS DE MAIO;1998;12;;sem_leitura;Céu Azul
2553031;IBIRACEMA;1986;1;288.8;bruto;Cascavel
2553031;IBIRACEMA;1986;2;220.7;bruto;Cascavel
2553031;IBIRACEMA;1986;3;65.1;bruto;Cascavel
2553031;IBIRACEMA;1986;4;226.4;bruto;Cascavel
2553031;IBIRACEMA;1986;5;242.3;bruto;Cascavel
2553031;IBIRACEMA;1986;6;31.9;bruto;Cascavel
2553031;IBIRACEMA;1986;7;71.7;bruto;Cascavel
2553031;IBIRACEMA;1986;8;136.0;bruto;Cascavel
2553031;IBIRACEMA;1986;9;161.9;bruto;Cascavel
2553031;IBIRACEMA;1986;10;223.3;bruto;Cascavel
2553031;IBIRACEMA;1986;11;157.2;bruto;Cascavel
2553031;IBIRACEMA;1986;12;85.6;bruto;Cascavel
2553031;IBIRACEMA;1987;1;124.6;bruto;Cascavel
2553031;IBIRACEMA;1987;2;196.6;bruto;Cascavel
2553031;IBIRACEMA;1987;3;136.1;bruto;Cascavel
2553031;IBIRACEMA;1987;4;196.3;bruto;Cascavel
2553031;IBIRACEMA;1987;5;383.6;bruto;Cascavel
2553031;IBIRACEMA;1987;6;87.2;bruto;Cascavel
2553031;IBIRACEMA;1987;7;132.6;bruto;Cascavel
2553031;IBIRACEMA;1987;8;48.4;bruto;Cascavel
2553031;IBIRACEMA;1987;9;28.8;bruto;Cascavel
2553031;IBIRACEMA;1987;10;321.8;bruto;Cascavel
2553031;IBIRACEMA;1987;11;270.8;bruto;Cascavel
2553031;IBIRACEMA;1987;12;134.5;bruto;Cascavel
2553031;IBIRACEMA;1988;1;231.0;bruto;Cascavel
2553031;IBIRACEMA;1988;2;94.4;bruto;Cascavel
2553031;IBIRACEMA;1988;3;131.9;bruto;Cascavel
2553031;IBIRACEMA;1988;4;194.5;bruto;Cascavel
2553031;IBIRACEMA;1988;5;239.5;bruto;Cascavel
2553031;IBIRACEMA;1988;6;144.2;bruto;Cascavel
2553031;IBIRACEMA;1988;7;12.7;bruto;Cascavel
2553031;IBIRACEMA;1988;8;17.3;bruto;Cascavel
2553031;IBIRACEMA;1988;9;15.3;bruto;Cascavel
2553031;IBIRACEMA;1988;10;206.2;bruto;Cascavel
2553031;IBIRACEMA;1988;11;64.6;bruto;Cascavel
2553031;IBIRACEMA;1988;12;146.3;bruto;Cascavel
2553031;IBIRACEMA;1989;1;136.2;bruto;Cascavel
2553031;IBIRACEMA;1989;2;375.2;bruto;Cascavel
2553031;IBIRACEMA;1989;3;126.0;bruto;Cascavel
2553031;IBIRACEMA;1989;4;134.4;bruto;Cascavel
2553031;IBIRACEMA;1989;5;63.5;bruto;Cascavel
2553031;IBIRACEMA;1989;6;109.9;bruto;Cascavel
2553031;IBIRACEMA;1989;7;184.9;bruto;Cascavel
2553031;IBIRACEMA;1989;8;171.1;bruto;Cascavel
2553031;IBIRACEMA;1989;9;296.8;bruto;Cascavel
2553031;IBIRACEMA;1989;10;231.3;bruto;Cascavel
2553031;IBIRACEMA;1989;11;68.7;bruto;Cascavel
2553031;IBIRACEMA;1989;12;187.0;bruto;Cascavel
2553031;IBIRACEMA;1990;1;326.3;bruto;Cascavel
2553031;IBIRACEMA;1990;2;82.6;bruto;Cascavel
2553031;IBIRACEMA;1990;3;199.6;bruto;Cascavel
2553031;IBIRACEMA;1990;4;232.0;bruto;Cascavel
2553031;IBIRACEMA;1990;5;124.7;bruto;Cascavel
2553031;IBIRACEMA;1990;6;151.6;bruto;Cascavel
2553031;IBIRACEMA;1990;7;99.1;bruto;Cascavel
2553031;IBIRACEMA;1990;8;292.7;bruto;Cascavel
2553031;IBIRACEMA;1990;9;352.4;bruto;Cascavel
2553031;IBIRACEMA;1990;10;222.5;bruto;Cascavel
2553031;IBIRACEMA;1990;11;217.3;bruto;Cascavel
2553031;IBIRACEMA;1990;12;161.0;bruto;Cascavel
2553031;IBIRACEMA;1991;1;208.5;bruto;Cascavel
2553031;IBIRACEMA;1991;2;35.1;bruto;Cascavel
2553031;IBIRACEMA;1991;3;79.2;bruto;Cascavel
2553031;IBIRACEMA;1991;4;155.4;bruto;Cascavel
2553031;IBIRACEMA;1991;5;70.3;bruto;Cascavel
2553031;IBIRACEMA;1991;6;298.2;bruto;Cascavel
2553031;IBIRACEMA;1991;7;45.0;bruto;Cascavel
2553031;IBIRACEMA;1991;8;49.2;bruto;Cascavel
2553031;IBIRACEMA;1991;9;73.8;bruto;Cascavel
2553031;IBIRACEMA;1991;10;101.4;bruto;Cascavel
2553031;IBIRACEMA;1991;11;130.9;bruto;Cascavel
2553031;IBIRACEMA;1991;12;320.0;bruto;Cascavel
2553031;IBIRACEMA;1992;1;114.8;bruto;Cascavel
2553031;IBIRACEMA;1992;2;164.6;bruto;Cascavel
2553031;IBIRACEMA;1992;3;178.5;bruto;Cascavel
2553031;IBIRACEMA;1992;4;138.7;bruto;Cascavel
2553031;IBIRACEMA;1992;5;444.4;bruto;Cascavel
2553031;IBIRACEMA;1992;6;112.0;bruto;Cascavel
2553031;IBIRACEMA;1992;7;142.6;bruto;Cascavel
2553031;IBIRACEMA;1992;8;187.1;bruto;Cascavel
2553031;IBIRACEMA;1992;9;149.4;bruto;Cascavel
2553031;IBIRACEMA;1992;10;210.2;bruto;Cascavel
2553031;IBIRACEMA;1992;11;119.2;bruto;Cascavel
2553031;IBIRACEMA;1992;12;106.9;bruto;Cascavel
2553031;IBIRACEMA;1993;1;222.2;bruto;Cascavel
2553031;IBIRACEMA;1993;2;87.0;bruto;Cascavel
2553031;IBIRACEMA;1993;3;119.2;bruto;Cascavel
2553031;IBIRACEMA;1993;4;82.9;bruto;Cascavel
2553031;IBIRACEMA;1993;5;343.3;bruto;Cascavel
2553031;IBIRACEMA;1993;6;113.9;bruto;Cascavel
2553031;IBIRACEMA;1993;7;191.3;bruto;Cascavel
2553031;IBIRACEMA;1993;8;11.4;bruto;Cascavel
2553031;IBIRACEMA;1993;9;337.5;bruto;Cascavel
2553031;IBIRACEMA;1993;10;254.3;bruto;Cascavel
2553031;IBIRACEMA;1993;11;123.8;bruto;Cascavel
2553031;IBIRACEMA;1993;12;228.1;bruto;Cascavel
2553031;IBIRACEMA;1994;1;88.2;bruto;Cascavel
2553031;IBIRACEMA;1994;2;221.8;bruto;Cascavel
2553031;IBIRACEMA;1994;3;60.4;bruto;Cascavel
2553031;IBIRACEMA;1994;4;136.1;bruto;Cascavel
2553031;IBIRACEMA;1994;5;165.8;bruto;Cascavel
2553031;IBIRACEMA;1994;6;307.9;bruto;Cascavel
2553031;IBIRACEMA;1994;7;119.4;bruto;Cascavel
2553031;IBIRACEMA;1994;8;13.9;bruto;Cascavel
2553031;IBIRACEMA;1994;9;83.7;bruto;Cascavel
2553031;IBIRACEMA;1994;10;245.1;bruto;Cascavel
2553031;IBIRACEMA;1994;11;207.0;bruto;Cascavel
2553031;IBIRACEMA;1994;12;150.6;bruto;Cascavel
2553031;IBIRACEMA;1995;1;412.2;bruto;Cascavel
2553031;IBIRACEMA;1995;2;106.7;bruto;Cascavel
2553031;IBIRACEMA;1995;3;161.1;bruto;Cascavel
2553031;IBIRACEMA;1995;4;178.6;bruto;Cascavel
2553031;IBIRACEMA;1995;5;27.2;bruto;Cascavel
2553031;IBIRACEMA;1995;6;139.6;bruto;Cascavel
2553031;IBIRACEMA;1995;7;189.9;bruto;Cascavel
2553031;IBIRACEMA;1995;8;21.3;bruto;Cascavel
2553031;IBIRACEMA;1995;9;152.0;bruto;Cascavel
2553031;IBIRACEMA;1995;10;210.4;bruto;Cascavel
2553031;IBIRACEMA;1995;11;71.8;bruto;Cascavel
2553031;IBIRACEMA;1995;12;167.6;bruto;Cascavel
2553031;IBIRACEMA;1996;1;205.8;bruto;Cascavel
2553031;IBIRACEMA;1996;2;242.3;bruto;Cascavel
2553031;IBIRACEMA;1996;3;342.7;bruto;Cascavel
2553031;IBIRACEMA;1996;4;109.1;bruto;Cascavel
2553031;IBIRACEMA;1996;5;36.4;bruto;Cascavel
2553031;IBIRACEMA;1996;6;99.5;bruto;Cascavel
2553031;IBIRACEMA;1996;7;47.2;bruto;Cascavel
2553031;IBIRACEMA;1996;8;42.0;bruto;Cascavel
2553031;IBIRACEMA;1996;9;223.0;bruto;Cascavel
2553031;IBIRACEMA;1996;10;477.2;bruto;Cascavel
2553031;IBIRACEMA;1996;11;73.2;bruto;Cascavel
2553031;IBIRACEMA;1996;12;324.1;bruto;Cascavel
2553031;IBIRACEMA;1997;1;150.7;bruto;Cascavel
2553031;IBIRACEMA;1997;2;262.9;bruto;Cascavel
2553031;IBIRACEMA;1997;3;101.1;bruto;Cascavel
2553031;IBIRACEMA;1997;4;71.8;bruto;Cascavel
2553031;IBIRACEMA;1997;5;241.4;bruto;Cascavel
2553031;IBIRACEMA;1997;6;178.1;bruto;Cascavel
2553031;IBIRACEMA;1997;7;76.2;bruto;Cascavel
2553031;IBIRACEMA;1997;8;200.4;bruto;Cascavel
2553031;IBIRACEMA;1997;9;217.7;bruto;Cascavel
2553031;IBIRACEMA;1997;10;353.8;bruto;Cascavel
2553031;IBIRACEMA;1997;11;364.7;bruto;Cascavel
2553031;IBIRACEMA;1997;12;134.4;bruto;Cascavel
2553031;IBIRACEMA;1998;1;171.0;bruto;Cascavel
2553031;IBIRACEMA;1998;2;245.7;bruto;Cascavel
2553031;IBIRACEMA;1998;3;349.6;bruto;Cascavel
2553031;IBIRACEMA;1998;4;472.9;bruto;Cascavel
2553031;IBIRACEMA;1998;5;193.1;bruto;Cascavel
2553031;IBIRACEMA;1998;6;202.7;bruto;Cascavel
2553031;IBIRACEMA;1998;7;79.3;bruto;Cascavel
2553031;IBIRACEMA;1998;8;333.0;bruto;Cascavel
2553031;IBIRACEMA;1998;9;396.1;bruto;Cascavel
2553031;IBIRACEMA;1998;10;303.5;bruto;Cascavel
2553031;IBIRACEMA;1998;11;119.3;bruto;Cascavel
2553031;IBIRACEMA;1998;12;262.6;bruto;Cascavel
2553031;IBIRACEMA;1999;1;110.1;bruto;Cascavel
2553031;IBIRACEMA;1999;2;245.6;bruto;Cascavel
2553031;IBIRACEMA;1999;3;109.8;bruto;Cascavel
2553031;IBIRACEMA;1999;4;177.8;bruto;Cascavel
2553031;IBIRACEMA;1999;5;186.4;bruto;Cascavel
2553031;IBIRACEMA;1999;6;331.0;bruto;Cascavel
2553031;IBIRACEMA;1999;7;217.2;bruto;Cascavel
2553031;IBIRACEMA;1999;8;0.0;bruto;Cascavel
2553031;IBIRACEMA;1999;9;211.4;bruto;Cascavel
2553031;IBIRACEMA;1999;10;122.9;bruto;Cascavel
2553031;IBIRACEMA;1999;11;67.9;bruto;Cascavel
2553031;IBIRACEMA;1999;12;276.4;bruto;Cascavel
2553031;IBIRACEMA;2000;1;218.8;bruto;Cascavel
2553031;IBIRACEMA;2000;2;362.4;bruto;Cascavel
2553031;IBIRACEMA;2000;3;127.9;bruto;Cascavel
2553031;IBIRACEMA;2000;4;77.4;bruto;Cascavel
2553031;IBIRACEMA;2000;5;134.0;bruto;Cascavel
2553031;IBIRACEMA;2000;6;116.7;bruto;Cascavel
2553031;IBIRACEMA;2000;7;96.0;bruto;Cascavel
2553031;IBIRACEMA;2000;8;120.7;bruto;Cascavel
2553031;IBIRACEMA;2000;9;388.0;bruto;Cascavel
2553031;IBIRACEMA;2000;10;255.3;bruto;Cascavel
2553031;IBIRACEMA;2000;11;119.3;bruto;Cascavel
2553031;IBIRACEMA;2000;12;195.3;bruto;Cascavel
2553031;IBIRACEMA;2001;1;375.8;bruto;Cascavel
2553031;IBIRACEMA;2001;2;316.6;bruto;Cascavel
2553031;IBIRACEMA;2001;3;181.4;bruto;Cascavel
2553031;IBIRACEMA;2001;4;208.8;bruto;Cascavel
2553031;IBIRACEMA;2001;5;252.9;bruto;Cascavel
2553031;IBIRACEMA;2001;6;142.4;bruto;Cascavel
2553031;IBIRACEMA;2001;7;132.0;bruto;Cascavel
2553031;IBIRACEMA;2001;8;52.7;bruto;Cascavel
2553031;IBIRACEMA;2001;9;114.4;bruto;Cascavel
2553031;IBIRACEMA;2001;10;153.4;bruto;Cascavel
2553031;IBIRACEMA;2001;11;108.4;bruto;Cascavel
2553031;IBIRACEMA;2001;12;95.8;bruto;Cascavel
2553031;IBIRACEMA;2002;1;233.3;bruto;Cascavel
2553031;IBIRACEMA;2002;2;68.1;bruto;Cascavel
2553031;IBIRACEMA;2002;3;99.9;bruto;Cascavel
2553031;IBIRACEMA;2002;4;81.0;bruto;Cascavel
2553031;IBIRACEMA;2002;5;365.3;bruto;Cascavel
2553031;IBIRACEMA;2002;6;19.1;bruto;Cascavel
2553031;IBIRACEMA;2002;7;57.9;bruto;Cascavel
2553031;IBIRACEMA;2002;8;125.2;bruto;Cascavel
2553031;IBIRACEMA;2002;9;175.0;bruto;Cascavel
2553031;IBIRACEMA;2002;10;291.1;bruto;Cascavel
2553031;IBIRACEMA;2002;11;193.0;bruto;Cascavel
2553031;IBIRACEMA;2002;12;120.0;bruto;Cascavel
2553031;IBIRACEMA;2003;1;100.6;bruto;Cascavel
2553031;IBIRACEMA;2003;2;191.3;bruto;Cascavel
2553031;IBIRACEMA;2003;3;123.1;bruto;Cascavel
2553031;IBIRACEMA;2003;4;121.0;bruto;Cascavel
2553031;IBIRACEMA;2003;5;19.3;bruto;Cascavel
2553031;IBIRACEMA;2003;6;80.0;bruto;Cascavel
2553031;IBIRACEMA;2003;7;83.6;bruto;Cascavel
2553031;IBIRACEMA;2003;8;25.4;bruto;Cascavel
2553031;IBIRACEMA;2003;9;129.1;consistido;Cascavel
2553031;IBIRACEMA;2003;10;;sem_leitura;Cascavel
2553031;IBIRACEMA;2003;11;;sem_leitura;Cascavel
2553031;IBIRACEMA;2003;12;;sem_leitura;Cascavel
2553032;CASTELO BRANCO;1986;1;233.0;bruto;Cascavel
2553032;CASTELO BRANCO;1986;2;144.8;bruto;Cascavel
2553032;CASTELO BRANCO;1986;3;43.2;bruto;Cascavel
2553032;CASTELO BRANCO;1986;4;171.0;bruto;Cascavel
2553032;CASTELO BRANCO;1986;5;292.8;bruto;Cascavel
2553032;CASTELO BRANCO;1986;6;19.8;bruto;Cascavel
2553032;CASTELO BRANCO;1986;7;102.0;bruto;Cascavel
2553032;CASTELO BRANCO;1986;8;163.6;bruto;Cascavel
2553032;CASTELO BRANCO;1986;9;230.1;bruto;Cascavel
2553032;CASTELO BRANCO;1986;10;136.3;bruto;Cascavel
2553032;CASTELO BRANCO;1986;11;203.6;bruto;Cascavel
2553032;CASTELO BRANCO;1986;12;137.8;bruto;Cascavel
2553032;CASTELO BRANCO;1987;1;54.0;bruto;Cascavel
2553032;CASTELO BRANCO;1987;2;215.1;bruto;Cascavel
2553032;CASTELO BRANCO;1987;3;25.8;bruto;Cascavel
2553032;CASTELO BRANCO;1987;4;116.2;bruto;Cascavel
2553032;CASTELO BRANCO;1987;5;469.2;bruto;Cascavel
2553032;CASTELO BRANCO;1987;6;170.8;bruto;Cascavel
2553032;CASTELO BRANCO;1987;7;92.2;bruto;Cascavel
2553032;CASTELO BRANCO;1987;8;40.9;bruto;Cascavel
2553032;CASTELO BRANCO;1987;9;26.3;bruto;Cascavel
2553032;CASTELO BRANCO;1987;10;239.6;bruto;Cascavel
2553032;CASTELO BRANCO;1987;11;299.4;bruto;Cascavel
2553032;CASTELO BRANCO;1987;12;182.6;bruto;Cascavel
2553032;CASTELO BRANCO;1988;1;254.4;bruto;Cascavel
2553032;CASTELO BRANCO;1988;2;257.3;bruto;Cascavel
2553032;CASTELO BRANCO;1988;3;171.9;bruto;Cascavel
2553032;CASTELO BRANCO;1988;4;475.0;bruto;Cascavel
2553032;CASTELO BRANCO;1988;5;427.7;bruto;Cascavel
2553032;CASTELO BRANCO;1988;6;190.0;bruto;Cascavel
2553032;CASTELO BRANCO;1988;7;60.0;bruto;Cascavel
2553032;CASTELO BRANCO;1988;8;21.3;bruto;Cascavel
2553032;CASTELO BRANCO;1988;9;15.3;bruto;Cascavel
2553032;CASTELO BRANCO;1988;10;342.9;bruto;Cascavel
2553032;CASTELO BRANCO;1988;11;98.9;bruto;Cascavel
2553032;CASTELO BRANCO;1988;12;247.0;bruto;Cascavel
2553032;CASTELO BRANCO;1989;1;330.0;bruto;Cascavel
2553032;CASTELO BRANCO;1989;2;480.2;bruto;Cascavel
2553032;CASTELO BRANCO;1989;3;230.0;bruto;Cascavel
2553032;CASTELO BRANCO;1989;4;330.4;bruto;Cascavel
2553032;CASTELO BRANCO;1989;5;430.5;bruto;Cascavel
2553032;CASTELO BRANCO;1989;6;140.0;bruto;Cascavel
2553032;CASTELO BRANCO;1989;7;465.0;bruto;Cascavel
2553032;CASTELO BRANCO;1989;8;597.8;bruto;Cascavel
2553032;CASTELO BRANCO;1989;9;831.0;bruto;Cascavel
2553032;CASTELO BRANCO;1989;10;280.5;bruto;Cascavel
2553032;CASTELO BRANCO;1989;11;330.0;bruto;Cascavel
2553032;CASTELO BRANCO;1989;12;39.6;bruto;Cascavel
2553032;CASTELO BRANCO;1990;1;264.9;consistido;Cascavel
2553032;CASTELO BRANCO;1990;2;11.4;bruto;Cascavel
2553032;CASTELO BRANCO;1990;3;153.3;consistido;Cascavel
2553032;CASTELO BRANCO;1990;4;66.8;bruto;Cascavel
2553032;CASTELO BRANCO;1990;5;18.7;bruto;Cascavel
2553032;CASTELO BRANCO;1990;6;138.3;bruto;Cascavel
2553032;CASTELO BRANCO;1990;7;86.2;bruto;Cascavel
2553032;CASTELO BRANCO;1990;8;57.8;bruto;Cascavel
2553032;CASTELO BRANCO;1990;9;162.4;bruto;Cascavel
2553032;CASTELO BRANCO;1990;10;192.0;bruto;Cascavel
2553032;CASTELO BRANCO;1990;11;102.3;bruto;Cascavel
2553032;CASTELO BRANCO;1990;12;225.3;bruto;Cascavel
2553032;CASTELO BRANCO;1991;1;266.3;bruto;Cascavel
2553032;CASTELO BRANCO;1991;2;51.5;bruto;Cascavel
2553032;CASTELO BRANCO;1991;3;34.1;bruto;Cascavel
2553032;CASTELO BRANCO;1991;4;163.3;bruto;Cascavel
2553032;CASTELO BRANCO;1991;5;101.6;bruto;Cascavel
2553032;CASTELO BRANCO;1991;6;207.3;bruto;Cascavel
2553032;CASTELO BRANCO;1991;7;64.4;bruto;Cascavel
2553032;CASTELO BRANCO;1991;8;37.3;bruto;Cascavel
2553032;CASTELO BRANCO;1991;9;112.2;bruto;Cascavel
2553032;CASTELO BRANCO;1991;10;265.8;bruto;Cascavel
2553032;CASTELO BRANCO;1991;11;156.7;bruto;Cascavel
2553032;CASTELO BRANCO;1991;12;467.6;bruto;Cascavel
2553032;CASTELO BRANCO;1992;1;78.0;bruto;Cascavel
2553032;CASTELO BRANCO;1992;2;123.8;bruto;Cascavel
2553032;CASTELO BRANCO;1992;3;147.6;bruto;Cascavel
2553032;CASTELO BRANCO;1992;4;66.5;bruto;Cascavel
2553032;CASTELO BRANCO;1992;5;155.2;bruto;Cascavel
2553032;CASTELO BRANCO;1992;6;152.1;bruto;Cascavel
2553032;CASTELO BRANCO;1992;7;119.5;bruto;Cascavel
2553032;CASTELO BRANCO;1992;8;161.2;bruto;Cascavel
2553032;CASTELO BRANCO;1992;9;66.7;bruto;Cascavel
2553032;CASTELO BRANCO;1992;10;163.4;bruto;Cascavel
2553032;CASTELO BRANCO;1992;11;160.1;bruto;Cascavel
2553032;CASTELO BRANCO;1992;12;142.5;bruto;Cascavel
2553032;CASTELO BRANCO;1993;1;282.6;bruto;Cascavel
2553032;CASTELO BRANCO;1993;2;78.2;bruto;Cascavel
2553032;CASTELO BRANCO;1993;3;134.2;consistido;Cascavel
2553032;CASTELO BRANCO;1993;4;45.0;bruto;Cascavel
2553032;CASTELO BRANCO;1993;5;290.1;bruto;Cascavel
2553032;CASTELO BRANCO;1993;6;91.0;bruto;Cascavel
2553032;CASTELO BRANCO;1993;7;155.3;consistido;Cascavel
2553032;CASTELO BRANCO;1993;8;7.5;consistido;Cascavel
2553032;CASTELO BRANCO;1993;9;293.3;consistido;Cascavel
2553032;CASTELO BRANCO;1993;10;147.8;bruto;Cascavel
2553032;CASTELO BRANCO;1993;11;47.8;bruto;Cascavel
2553032;CASTELO BRANCO;1993;12;144.0;bruto;Cascavel
2553032;CASTELO BRANCO;1994;1;129.4;consistido;Cascavel
2553032;CASTELO BRANCO;1994;2;137.5;bruto;Cascavel
2553032;CASTELO BRANCO;1994;3;53.5;bruto;Cascavel
2553032;CASTELO BRANCO;1994;4;142.3;bruto;Cascavel
2553032;CASTELO BRANCO;1994;5;92.3;bruto;Cascavel
2553032;CASTELO BRANCO;1994;6;311.4;consistido;Cascavel
2553032;CASTELO BRANCO;1994;7;119.3;bruto;Cascavel
2553032;CASTELO BRANCO;1994;8;12.8;bruto;Cascavel
2553032;CASTELO BRANCO;1994;9;91.7;consistido;Cascavel
2553032;CASTELO BRANCO;1994;10;322.7;bruto;Cascavel
2553032;CASTELO BRANCO;1994;11;249.9;bruto;Cascavel
2553032;CASTELO BRANCO;1994;12;150.1;bruto;Cascavel
2553032;CASTELO BRANCO;1995;1;401.1;bruto;Cascavel
2553032;CASTELO BRANCO;1995;2;354.6;bruto;Cascavel
2553032;CASTELO BRANCO;1995;3;161.7;bruto;Cascavel
2553032;CASTELO BRANCO;1995;4;129.6;bruto;Cascavel
2553032;CASTELO BRANCO;1995;5;27.3;bruto;Cascavel
2553032;CASTELO BRANCO;1995;6;54.1;bruto;Cascavel
2553032;CASTELO BRANCO;1995;7;131.0;bruto;Cascavel
2553032;CASTELO BRANCO;1995;8;26.0;bruto;Cascavel
2553032;CASTELO BRANCO;1995;9;226.6;bruto;Cascavel
2553032;CASTELO BRANCO;1995;10;243.5;bruto;Cascavel
2553032;CASTELO BRANCO;1995;11;158.8;bruto;Cascavel
2553032;CASTELO BRANCO;1995;12;209.1;bruto;Cascavel
2553032;CASTELO BRANCO;1996;1;346.8;bruto;Cascavel
2553032;CASTELO BRANCO;1996;2;290.2;bruto;Cascavel
2553032;CASTELO BRANCO;1996;3;377.8;bruto;Cascavel
2553032;CASTELO BRANCO;1996;4;93.9;bruto;Cascavel
2553032;CASTELO BRANCO;1996;5;73.2;bruto;Cascavel
2553032;CASTELO BRANCO;1996;6;129.1;bruto;Cascavel
2553032;CASTELO BRANCO;1996;7;80.6;bruto;Cascavel
2553032;CASTELO BRANCO;1996;8;51.4;bruto;Cascavel
2553032;CASTELO BRANCO;1996;9;183.3;bruto;Cascavel
2553032;CASTELO BRANCO;1996;10;590.0;bruto;Cascavel
2553032;CASTELO BRANCO;1996;11;80.0;bruto;Cascavel
2553032;CASTELO BRANCO;1996;12;412.2;bruto;Cascavel
2553032;CASTELO BRANCO;1997;1;217.7;bruto;Cascavel
2553032;CASTELO BRANCO;1997;2;236.0;bruto;Cascavel
2553032;CASTELO BRANCO;1997;3;67.1;bruto;Cascavel
2553032;CASTELO BRANCO;1997;4;112.0;bruto;Cascavel
2553032;CASTELO BRANCO;1997;5;227.4;bruto;Cascavel
2553032;CASTELO BRANCO;1997;6;157.9;bruto;Cascavel
2553032;CASTELO BRANCO;1997;7;73.7;bruto;Cascavel
2553032;CASTELO BRANCO;1997;8;232.4;bruto;Cascavel
2553032;CASTELO BRANCO;1997;9;229.3;bruto;Cascavel
2553032;CASTELO BRANCO;1997;10;294.1;bruto;Cascavel
2553032;CASTELO BRANCO;1997;11;415.9;bruto;Cascavel
2553032;CASTELO BRANCO;1997;12;173.3;bruto;Cascavel
2553032;CASTELO BRANCO;1998;1;197.3;bruto;Cascavel
2553032;CASTELO BRANCO;1998;2;303.2;bruto;Cascavel
2553032;CASTELO BRANCO;1998;3;290.3;bruto;Cascavel
2553032;CASTELO BRANCO;1998;4;535.2;bruto;Cascavel
2553032;CASTELO BRANCO;1998;5;131.7;bruto;Cascavel
2553032;CASTELO BRANCO;1998;6;41.2;bruto;Cascavel
2553032;CASTELO BRANCO;1998;7;52.1;bruto;Cascavel
2553032;CASTELO BRANCO;1998;8;370.8;bruto;Cascavel
2553032;CASTELO BRANCO;1998;9;439.6;bruto;Cascavel
2553032;CASTELO BRANCO;1998;10;388.7;bruto;Cascavel
2553032;CASTELO BRANCO;1998;11;53.3;bruto;Cascavel
2553032;CASTELO BRANCO;1998;12;198.6;bruto;Cascavel
2553032;CASTELO BRANCO;1999;1;194.4;bruto;Cascavel
2553032;CASTELO BRANCO;1999;2;315.4;bruto;Cascavel
2553032;CASTELO BRANCO;1999;3;107.9;bruto;Cascavel
2553032;CASTELO BRANCO;1999;4;265.6;bruto;Cascavel
2553032;CASTELO BRANCO;1999;5;171.1;bruto;Cascavel
2553032;CASTELO BRANCO;1999;6;426.0;bruto;Cascavel
2553032;CASTELO BRANCO;1999;7;193.1;bruto;Cascavel
2553032;CASTELO BRANCO;1999;8;8.0;bruto;Cascavel
2553032;CASTELO BRANCO;1999;9;249.8;bruto;Cascavel
2553032;CASTELO BRANCO;1999;10;59.6;bruto;Cascavel
2553032;CASTELO BRANCO;1999;11;95.2;bruto;Cascavel
2553032;CASTELO BRANCO;1999;12;331.6;bruto;Cascavel
2553032;CASTELO BRANCO;2000;1;197.2;bruto;Cascavel
2553032;CASTELO BRANCO;2000;2;299.0;bruto;Cascavel
2553032;CASTELO BRANCO;2000;3;109.4;bruto;Cascavel
2553032;CASTELO BRANCO;2000;4;122.8;bruto;Cascavel
2553032;CASTELO BRANCO;2000;5;216.3;bruto;Cascavel
2553032;CASTELO BRANCO;2000;6;202.3;bruto;Cascavel
2553032;CASTELO BRANCO;2000;7;;sem_leitura;Cascavel
2553032;CASTELO BRANCO;2000;8;;sem_leitura;Cascavel
2553032;CASTELO BRANCO;2000;9;;sem_leitura;Cascavel
2553032;CASTELO BRANCO;2000;10;;sem_leitura;Cascavel
2553032;CASTELO BRANCO;2000;11;;sem_leitura;Cascavel
2553032;CASTELO BRANCO;2000;12;;sem_leitura;Cascavel
2553035;RIO DO SALTO;1986;1;187.6;bruto;Cascavel
2553035;RIO DO SALTO;1986;2;247.5;bruto;Cascavel
2553035;RIO DO SALTO;1986;3;193.4;bruto;Cascavel
2553035;RIO DO SALTO;1986;4;118.8;bruto;Cascavel
2553035;RIO DO SALTO;1986;5;279.9;bruto;Cascavel
2553035;RIO DO SALTO;1986;6;12.4;bruto;Cascavel
2553035;RIO DO SALTO;1986;7;48.2;bruto;Cascavel
2553035;RIO DO SALTO;1986;8;56.8;bruto;Cascavel
2553035;RIO DO SALTO;1986;9;167.1;bruto;Cascavel
2553035;RIO DO SALTO;1986;10;85.8;bruto;Cascavel
2553035;RIO DO SALTO;1986;11;120.2;bruto;Cascavel
2553035;RIO DO SALTO;1986;12;169.7;bruto;Cascavel
2553035;RIO DO SALTO;1987;1;120.9;bruto;Cascavel
2553035;RIO DO SALTO;1987;2;224.1;bruto;Cascavel
2553035;RIO DO SALTO;1987;3;69.5;bruto;Cascavel
2553035;RIO DO SALTO;1987;4;191.6;bruto;Cascavel
2553035;RIO DO SALTO;1987;5;411.6;bruto;Cascavel
2553035;RIO DO SALTO;1987;6;152.0;bruto;Cascavel
2553035;RIO DO SALTO;1987;7;125.7;bruto;Cascavel
2553035;RIO DO SALTO;1987;8;35.9;bruto;Cascavel
2553035;RIO DO SALTO;1987;9;28.5;bruto;Cascavel
2553035;RIO DO SALTO;1987;10;237.2;bruto;Cascavel
2553035;RIO DO SALTO;1987;11;234.1;bruto;Cascavel
2553035;RIO DO SALTO;1987;12;180.7;bruto;Cascavel
2553035;RIO DO SALTO;1988;1;158.9;bruto;Cascavel
2553035;RIO DO SALTO;1988;2;139.7;bruto;Cascavel
2553035;RIO DO SALTO;1988;3;91.8;bruto;Cascavel
2553035;RIO DO SALTO;1988;4;185.4;bruto;Cascavel
2553035;RIO DO SALTO;1988;5;258.7;bruto;Cascavel
2553035;RIO DO SALTO;1988;6;133.5;bruto;Cascavel
2553035;RIO DO SALTO;1988;7;19.3;bruto;Cascavel
2553035;RIO DO SALTO;1988;8;12.5;bruto;Cascavel
2553035;RIO DO SALTO;1988;9;13.9;bruto;Cascavel
2553035;RIO DO SALTO;1988;10;215.5;bruto;Cascavel
2553035;RIO DO SALTO;1988;11;63.9;bruto;Cascavel
2553035;RIO DO SALTO;1988;12;149.4;bruto;Cascavel
2553035;RIO DO SALTO;1989;1;180.7;bruto;Cascavel
2553035;RIO DO SALTO;1989;2;255.9;bruto;Cascavel
2553035;RIO DO SALTO;1989;3;93.1;bruto;Cascavel
2553035;RIO DO SALTO;1989;4;184.2;bruto;Cascavel
2553035;RIO DO SALTO;1989;5;47.0;bruto;Cascavel
2553035;RIO DO SALTO;1989;6;113.2;bruto;Cascavel
2553035;RIO DO SALTO;1989;7;162.4;bruto;Cascavel
2553035;RIO DO SALTO;1989;8;175.2;bruto;Cascavel
2553035;RIO DO SALTO;1989;9;275.0;bruto;Cascavel
2553035;RIO DO SALTO;1989;10;185.2;bruto;Cascavel
2553035;RIO DO SALTO;1989;11;95.5;bruto;Cascavel
2553035;RIO DO SALTO;1989;12;153.1;bruto;Cascavel
2553035;RIO DO SALTO;1990;1;193.1;bruto;Cascavel
2553035;RIO DO SALTO;1990;2;54.2;bruto;Cascavel
2553035;RIO DO SALTO;1990;3;102.2;bruto;Cascavel
2553035;RIO DO SALTO;1990;4;255.9;bruto;Cascavel
2553035;RIO DO SALTO;1990;5;138.4;bruto;Cascavel
2553035;RIO DO SALTO;1990;6;160.2;bruto;Cascavel
2553035;RIO DO SALTO;1990;7;218.5;bruto;Cascavel
2553035;RIO DO SALTO;1990;8;336.4;bruto;Cascavel
2553035;RIO DO SALTO;1990;9;343.2;bruto;Cascavel
2553035;RIO DO SALTO;1990;10;185.8;bruto;Cascavel
2553035;RIO DO SALTO;1990;11;204.1;bruto;Cascavel
2553035;RIO DO SALTO;1990;12;142.6;bruto;Cascavel
2553035;RIO DO SALTO;1991;1;211.3;bruto;Cascavel
2553035;RIO DO SALTO;1991;2;57.7;bruto;Cascavel
2553035;RIO DO SALTO;1991;3;82.9;bruto;Cascavel
2553035;RIO DO SALTO;1991;4;317.1;bruto;Cascavel
2553035;RIO DO SALTO;1991;5;84.5;bruto;Cascavel
2553035;RIO DO SALTO;1991;6;260.0;bruto;Cascavel
2553035;RIO DO SALTO;1991;7;50.2;bruto;Cascavel
2553035;RIO DO SALTO;1991;8;52.6;bruto;Cascavel
2553035;RIO DO SALTO;1991;9;70.0;bruto;Cascavel
2553035;RIO DO SALTO;1991;10;215.9;bruto;Cascavel
2553035;RIO DO SALTO;1991;11;88.8;bruto;Cascavel
2553035;RIO DO SALTO;1991;12;239.8;bruto;Cascavel
2553035;RIO DO SALTO;1992;1;47.7;bruto;Cascavel
2553035;RIO DO SALTO;1992;2;131.1;bruto;Cascavel
2553035;RIO DO SALTO;1992;3;231.4;bruto;Cascavel
2553035;RIO DO SALTO;1992;4;133.8;bruto;Cascavel
2553035;RIO DO SALTO;1992;5;514.3;bruto;Cascavel
2553035;RIO DO SALTO;1992;6;144.2;bruto;Cascavel
2553035;RIO DO SALTO;1992;7;185.2;bruto;Cascavel
2553035;RIO DO SALTO;1992;8;172.2;bruto;Cascavel
2553035;RIO DO SALTO;1992;9;115.0;bruto;Cascavel
2553035;RIO DO SALTO;1992;10;164.4;bruto;Cascavel
2553035;RIO DO SALTO;1992;11;173.2;bruto;Cascavel
2553035;RIO DO SALTO;1992;12;145.8;bruto;Cascavel
2553035;RIO DO SALTO;1993;1;188.0;bruto;Cascavel
2553035;RIO DO SALTO;1993;2;81.0;bruto;Cascavel
2553035;RIO DO SALTO;1993;3;109.3;bruto;Cascavel
2553035;RIO DO SALTO;1993;4;105.6;bruto;Cascavel
2553035;RIO DO SALTO;1993;5;325.8;bruto;Cascavel
2553035;RIO DO SALTO;1993;6;36.1;bruto;Cascavel
2553035;RIO DO SALTO;1993;7;101.8;bruto;Cascavel
2553035;RIO DO SALTO;1993;8;0.0;bruto;Cascavel
2553035;RIO DO SALTO;1993;9;190.6;bruto;Cascavel
2553035;RIO DO SALTO;1993;10;152.3;bruto;Cascavel
2553035;RIO DO SALTO;1993;11;83.1;bruto;Cascavel
2553035;RIO DO SALTO;1993;12;151.6;bruto;Cascavel
2553035;RIO DO SALTO;1994;1;111.0;bruto;Cascavel
2553035;RIO DO SALTO;1994;2;125.3;bruto;Cascavel
2553035;RIO DO SALTO;1994;3;122.4;bruto;Cascavel
2553035;RIO DO SALTO;1994;4;110.7;bruto;Cascavel
2553035;RIO DO SALTO;1994;5;213.1;bruto;Cascavel
2553035;RIO DO SALTO;1994;6;288.0;bruto;Cascavel
2553035;RIO DO SALTO;1994;7;140.4;bruto;Cascavel
2553035;RIO DO SALTO;1994;8;17.4;bruto;Cascavel
2553035;RIO DO SALTO;1994;9;109.1;bruto;Cascavel
2553035;RIO DO SALTO;1994;10;241.2;bruto;Cascavel
2553035;RIO DO SALTO;1994;11;209.2;bruto;Cascavel
2553035;RIO DO SALTO;1994;12;153.9;bruto;Cascavel
2553035;RIO DO SALTO;1995;1;226.8;bruto;Cascavel
2553035;RIO DO SALTO;1995;2;131.7;bruto;Cascavel
2553035;RIO DO SALTO;1995;3;136.2;bruto;Cascavel
2553035;RIO DO SALTO;1995;4;87.9;bruto;Cascavel
2553035;RIO DO SALTO;1995;5;23.0;bruto;Cascavel
2553035;RIO DO SALTO;1995;6;30.5;bruto;Cascavel
2553035;RIO DO SALTO;1995;7;134.5;bruto;Cascavel
2553035;RIO DO SALTO;1995;8;26.2;bruto;Cascavel
2553035;RIO DO SALTO;1995;9;181.3;bruto;Cascavel
2553035;RIO DO SALTO;1995;10;234.6;bruto;Cascavel
2553035;RIO DO SALTO;1995;11;146.5;bruto;Cascavel
2553035;RIO DO SALTO;1995;12;138.4;bruto;Cascavel
2553035;RIO DO SALTO;1996;1;226.8;bruto;Cascavel
2553035;RIO DO SALTO;1996;2;143.6;bruto;Cascavel
2553035;RIO DO SALTO;1996;3;230.6;bruto;Cascavel
2553035;RIO DO SALTO;1996;4;51.4;bruto;Cascavel
2553035;RIO DO SALTO;1996;5;52.7;bruto;Cascavel
2553035;RIO DO SALTO;1996;6;82.2;bruto;Cascavel
2553035;RIO DO SALTO;1996;7;49.0;bruto;Cascavel
2553035;RIO DO SALTO;1996;8;31.9;bruto;Cascavel
2553035;RIO DO SALTO;1996;9;179.7;bruto;Cascavel
2553035;RIO DO SALTO;1996;10;341.6;bruto;Cascavel
2553035;RIO DO SALTO;1996;11;150.7;bruto;Cascavel
2553035;RIO DO SALTO;1996;12;442.4;bruto;Cascavel
2553035;RIO DO SALTO;1997;1;103.4;bruto;Cascavel
2553035;RIO DO SALTO;1997;2;230.1;bruto;Cascavel
2553035;RIO DO SALTO;1997;3;82.2;bruto;Cascavel
2553035;RIO DO SALTO;1997;4;63.5;bruto;Cascavel
2553035;RIO DO SALTO;1997;5;207.4;bruto;Cascavel
2553035;RIO DO SALTO;1997;6;147.0;bruto;Cascavel
2553035;RIO DO SALTO;1997;7;80.3;bruto;Cascavel
2553035;RIO DO SALTO;1997;8;218.6;bruto;Cascavel
2553035;RIO DO SALTO;1997;9;232.4;bruto;Cascavel
2553035;RIO DO SALTO;1997;10;295.4;bruto;Cascavel
2553035;RIO DO SALTO;1997;11;361.9;bruto;Cascavel
2553035;RIO DO SALTO;1997;12;115.7;bruto;Cascavel
2553035;RIO DO SALTO;1998;1;149.1;bruto;Cascavel
2553035;RIO DO SALTO;1998;2;306.8;bruto;Cascavel
2553035;RIO DO SALTO;1998;3;303.6;bruto;Cascavel
2553035;RIO DO SALTO;1998;4;436.4;bruto;Cascavel
2553035;RIO DO SALTO;1998;5;151.7;bruto;Cascavel
2553035;RIO DO SALTO;1998;6;60.0;bruto;Cascavel
2553035;RIO DO SALTO;1998;7;68.1;bruto;Cascavel
2553035;RIO DO SALTO;1998;8;314.9;bruto;Cascavel
2553035;RIO DO SALTO;1998;9;295.0;bruto;Cascavel
2553035;RIO DO SALTO;1998;10;326.2;bruto;Cascavel
2553035;RIO DO SALTO;1998;11;136.3;bruto;Cascavel
2553035;RIO DO SALTO;1998;12;178.8;bruto;Cascavel
2553035;RIO DO SALTO;1999;1;149.7;bruto;Cascavel
2553035;RIO DO SALTO;1999;2;252.7;bruto;Cascavel
2553035;RIO DO SALTO;1999;3;68.7;bruto;Cascavel
2553035;RIO DO SALTO;1999;4;221.7;bruto;Cascavel
2553035;RIO DO SALTO;1999;5;99.0;bruto;Cascavel
2553035;RIO DO SALTO;1999;6;183.0;bruto;Cascavel
2553035;RIO DO SALTO;1999;7;46.9;bruto;Cascavel
2553035;RIO DO SALTO;1999;8;1.3;bruto;Cascavel
2553035;RIO DO SALTO;1999;9;233.7;bruto;Cascavel
2553035;RIO DO SALTO;1999;10;89.6;bruto;Cascavel
2553035;RIO DO SALTO;1999;11;41.3;bruto;Cascavel
2553035;RIO DO SALTO;1999;12;286.8;bruto;Cascavel
2553035;RIO DO SALTO;2000;1;199.3;bruto;Cascavel
2553035;RIO DO SALTO;2000;2;359.1;bruto;Cascavel
2553035;RIO DO SALTO;2000;3;71.1;bruto;Cascavel
2553035;RIO DO SALTO;2000;4;89.9;bruto;Cascavel
2553035;RIO DO SALTO;2000;5;133.8;bruto;Cascavel
2553035;RIO DO SALTO;2000;6;105.0;bruto;Cascavel
2553035;RIO DO SALTO;2000;7;85.5;bruto;Cascavel
2553035;RIO DO SALTO;2000;8;75.6;bruto;Cascavel
2553035;RIO DO SALTO;2000;9;278.6;bruto;Cascavel
2553035;RIO DO SALTO;2000;10;288.5;bruto;Cascavel
2553035;RIO DO SALTO;2000;11;155.7;bruto;Cascavel
2553035;RIO DO SALTO;2000;12;160.3;bruto;Cascavel
2553035;RIO DO SALTO;2001;1;151.7;bruto;Cascavel
2553035;RIO DO SALTO;2001;2;318.7;bruto;Cascavel
2553035;RIO DO SALTO;2001;3;190.4;bruto;Cascavel
2553035;RIO DO SALTO;2001;4;88.6;bruto;Cascavel
2553035;RIO DO SALTO;2001;5;120.8;bruto;Cascavel
2553035;RIO DO SALTO;2001;6;131.5;bruto;Cascavel
2553035;RIO DO SALTO;2001;7;100.3;bruto;Cascavel
2553035;RIO DO SALTO;2001;8;57.5;bruto;Cascavel
2553035;RIO DO SALTO;2001;9;119.3;bruto;Cascavel
2553035;RIO DO SALTO;2001;10;109.5;bruto;Cascavel
2553035;RIO DO SALTO;2001;11;139.4;bruto;Cascavel
2553035;RIO DO SALTO;2001;12;107.2;bruto;Cascavel
2553035;RIO DO SALTO;2002;1;297.3;bruto;Cascavel
2553035;RIO DO SALTO;2002;2;55.4;bruto;Cascavel
2553035;RIO DO SALTO;2002;3;151.7;bruto;Cascavel
2553035;RIO DO SALTO;2002;4;67.8;bruto;Cascavel
2553035;RIO DO SALTO;2002;5;468.7;bruto;Cascavel
2553035;RIO DO SALTO;2002;6;14.9;bruto;Cascavel
2553035;RIO DO SALTO;2002;7;52.4;bruto;Cascavel
2553035;RIO DO SALTO;2002;8;129.3;bruto;Cascavel
2553035;RIO DO SALTO;2002;9;226.5;bruto;Cascavel
2553035;RIO DO SALTO;2002;10;213.9;bruto;Cascavel
2553035;RIO DO SALTO;2002;11;245.7;bruto;Cascavel
2553035;RIO DO SALTO;2002;12;98.2;bruto;Cascavel
2553035;RIO DO SALTO;2003;1;279.7;bruto;Cascavel
2553035;RIO DO SALTO;2003;2;257.6;bruto;Cascavel
2553035;RIO DO SALTO;2003;3;181.3;bruto;Cascavel
2553035;RIO DO SALTO;2003;4;123.5;bruto;Cascavel
2553035;RIO DO SALTO;2003;5;118.1;bruto;Cascavel
2553035;RIO DO SALTO;2003;6;104.4;bruto;Cascavel
2553035;RIO DO SALTO;2003;7;119.4;bruto;Cascavel
2553035;RIO DO SALTO;2003;8;52.8;bruto;Cascavel
2553035;RIO DO SALTO;2003;9;106.5;bruto;Cascavel
2553035;RIO DO SALTO;2003;10;325.6;bruto;Cascavel
2553035;RIO DO SALTO;2003;11;169.4;bruto;Cascavel
2553035;RIO DO SALTO;2003;12;257.9;bruto;Cascavel
2553035;RIO DO SALTO;2004;1;50.1;bruto;Cascavel
2553035;RIO DO SALTO;2004;2;90.1;bruto;Cascavel
2553035;RIO DO SALTO;2004;3;69.3;bruto;Cascavel
2553035;RIO DO SALTO;2004;4;145.7;bruto;Cascavel
2553035;RIO DO SALTO;2004;5;365.7;bruto;Cascavel
2553035;RIO DO SALTO;2004;6;148.5;bruto;Cascavel
2553035;RIO DO SALTO;2004;7;190.5;bruto;Cascavel
2553035;RIO DO SALTO;2004;8;50.7;bruto;Cascavel
2553035;RIO DO SALTO;2004;9;93.5;bruto;Cascavel
2553035;RIO DO SALTO;2004;10;266.0;bruto;Cascavel
2553035;RIO DO SALTO;2004;11;244.0;bruto;Cascavel
2553035;RIO DO SALTO;2004;12;99.4;bruto;Cascavel
2553035;RIO DO SALTO;2005;1;166.2;consistido;Cascavel
2553035;RIO DO SALTO;2005;2;41.5;consistido;Cascavel
2553035;RIO DO SALTO;2005;3;75.1;bruto;Cascavel
2553035;RIO DO SALTO;2005;4;97.4;bruto;Cascavel
2553035;RIO DO SALTO;2005;5;310.6;bruto;Cascavel
2553035;RIO DO SALTO;2005;6;208.0;bruto;Cascavel
2553035;RIO DO SALTO;2005;7;107.6;bruto;Cascavel
2553035;RIO DO SALTO;2005;8;152.1;bruto;Cascavel
2553035;RIO DO SALTO;2005;9;147.7;bruto;Cascavel
2553035;RIO DO SALTO;2005;10;370.6;bruto;Cascavel
2553035;RIO DO SALTO;2005;11;144.3;bruto;Cascavel
2553035;RIO DO SALTO;2005;12;50.9;bruto;Cascavel
2553035;RIO DO SALTO;2006;1;207.4;bruto;Cascavel
2553035;RIO DO SALTO;2006;2;33.4;bruto;Cascavel
2553035;RIO DO SALTO;2006;3;181.0;bruto;Cascavel
2553035;RIO DO SALTO;2006;4;126.4;bruto;Cascavel
2553035;RIO DO SALTO;2006;5;1.2;bruto;Cascavel
2553035;RIO DO SALTO;2006;6;51.6;bruto;Cascavel
2553035;RIO DO SALTO;2006;7;44.0;bruto;Cascavel
2553035;RIO DO SALTO;2006;8;92.4;bruto;Cascavel
2553035;RIO DO SALTO;2006;9;211.4;bruto;Cascavel
2553035;RIO DO SALTO;2006;10;88.5;bruto;Cascavel
2553035;RIO DO SALTO;2006;11;190.5;bruto;Cascavel
2553035;RIO DO SALTO;2006;12;96.6;bruto;Cascavel
2553035;RIO DO SALTO;2007;1;218.4;bruto;Cascavel
2553035;RIO DO SALTO;2007;2;112.9;bruto;Cascavel
2553035;RIO DO SALTO;2007;3;157.6;bruto;Cascavel
2553035;RIO DO SALTO;2007;4;341.5;bruto;Cascavel
2553035;RIO DO SALTO;2007;5;212.7;bruto;Cascavel
2553035;RIO DO SALTO;2007;6;17.8;bruto;Cascavel
2553035;RIO DO SALTO;2007;7;59.6;bruto;Cascavel
2553035;RIO DO SALTO;2007;8;17.3;bruto;Cascavel
2553035;RIO DO SALTO;2007;9;17.6;bruto;Cascavel
2553035;RIO DO SALTO;2007;10;148.8;bruto;Cascavel
2553035;RIO DO SALTO;2007;11;254.3;bruto;Cascavel
2553035;RIO DO SALTO;2007;12;237.9;bruto;Cascavel
2553035;RIO DO SALTO;2008;1;146.7;bruto;Cascavel
2553035;RIO DO SALTO;2008;2;101.2;bruto;Cascavel
2553035;RIO DO SALTO;2008;3;103.0;bruto;Cascavel
2553035;RIO DO SALTO;2008;4;111.5;bruto;Cascavel
2553035;RIO DO SALTO;2008;5;106.3;bruto;Cascavel
2553035;RIO DO SALTO;2008;6;159.2;bruto;Cascavel
2553035;RIO DO SALTO;2008;7;96.5;bruto;Cascavel
2553035;RIO DO SALTO;2008;8;198.8;bruto;Cascavel
2553035;RIO DO SALTO;2008;9;65.0;bruto;Cascavel
2553035;RIO DO SALTO;2008;10;331.8;bruto;Cascavel
2553035;RIO DO SALTO;2008;11;225.6;bruto;Cascavel
2553035;RIO DO SALTO;2008;12;47.6;bruto;Cascavel
2553035;RIO DO SALTO;2009;1;198.0;bruto;Cascavel
2553035;RIO DO SALTO;2009;2;199.4;bruto;Cascavel
2553035;RIO DO SALTO;2009;3;100.7;bruto;Cascavel
2553035;RIO DO SALTO;2009;4;48.5;bruto;Cascavel
2553035;RIO DO SALTO;2009;5;148.4;bruto;Cascavel
2553035;RIO DO SALTO;2009;6;124.2;bruto;Cascavel
2553035;RIO DO SALTO;2009;7;174.2;bruto;Cascavel
2553035;RIO DO SALTO;2009;8;102.8;bruto;Cascavel
2553035;RIO DO SALTO;2009;9;259.1;bruto;Cascavel
2553035;RIO DO SALTO;2009;10;302.5;bruto;Cascavel
2553035;RIO DO SALTO;2009;11;188.8;bruto;Cascavel
2553035;RIO DO SALTO;2009;12;272.7;bruto;Cascavel
2553035;RIO DO SALTO;2010;1;157.7;bruto;Cascavel
2553035;RIO DO SALTO;2010;2;253.7;bruto;Cascavel
2553035;RIO DO SALTO;2010;3;222.1;bruto;Cascavel
2553035;RIO DO SALTO;2010;4;212.3;bruto;Cascavel
2553035;RIO DO SALTO;2010;5;46.3;bruto;Cascavel
2553035;RIO DO SALTO;2010;6;33.4;bruto;Cascavel
2553035;RIO DO SALTO;2010;7;133.3;bruto;Cascavel
2553035;RIO DO SALTO;2010;8;25.6;bruto;Cascavel
2553035;RIO DO SALTO;2010;9;75.5;bruto;Cascavel
2553035;RIO DO SALTO;2010;10;243.5;bruto;Cascavel
2553035;RIO DO SALTO;2010;11;125.9;bruto;Cascavel
2553035;RIO DO SALTO;2010;12;297.9;bruto;Cascavel
2553035;RIO DO SALTO;2011;1;173.9;bruto;Cascavel
2553035;RIO DO SALTO;2011;2;331.0;bruto;Cascavel
2553035;RIO DO SALTO;2011;3;77.4;bruto;Cascavel
2553035;RIO DO SALTO;2011;4;70.7;bruto;Cascavel
2553035;RIO DO SALTO;2011;5;30.6;bruto;Cascavel
2553035;RIO DO SALTO;2011;6;88.0;bruto;Cascavel
2553035;RIO DO SALTO;2011;7;243.9;bruto;Cascavel
2553035;RIO DO SALTO;2011;8;247.3;bruto;Cascavel
2553035;RIO DO SALTO;2011;9;43.1;bruto;Cascavel
2553035;RIO DO SALTO;2011;10;254.3;bruto;Cascavel
2553035;RIO DO SALTO;2011;11;147.2;bruto;Cascavel
2553035;RIO DO SALTO;2011;12;150.6;bruto;Cascavel
2553035;RIO DO SALTO;2012;1;199.2;bruto;Cascavel
2553035;RIO DO SALTO;2012;2;89.5;bruto;Cascavel
2553035;RIO DO SALTO;2012;3;26.4;bruto;Cascavel
2553035;RIO DO SALTO;2012;4;235.3;bruto;Cascavel
2553035;RIO DO SALTO;2012;5;86.9;bruto;Cascavel
2553035;RIO DO SALTO;2012;6;251.2;bruto;Cascavel
2553035;RIO DO SALTO;2012;7;78.7;bruto;Cascavel
2553035;RIO DO SALTO;2012;8;0.0;bruto;Cascavel
2553035;RIO DO SALTO;2012;9;73.0;bruto;Cascavel
2553035;RIO DO SALTO;2012;10;238.5;bruto;Cascavel
2553035;RIO DO SALTO;2012;11;188.0;bruto;Cascavel
2553035;RIO DO SALTO;2012;12;;sem_leitura;Cascavel
2553035;RIO DO SALTO;2013;1;172.5;bruto;Cascavel
2553035;RIO DO SALTO;2013;2;124.0;bruto;Cascavel
2553035;RIO DO SALTO;2013;3;399.6;bruto;Cascavel
2553035;RIO DO SALTO;2013;4;51.7;bruto;Cascavel
2553035;RIO DO SALTO;2013;5;286.1;bruto;Cascavel
2553035;RIO DO SALTO;2013;6;293.3;bruto;Cascavel
2553035;RIO DO SALTO;2013;7;95.2;bruto;Cascavel
2553035;RIO DO SALTO;2013;8;37.4;bruto;Cascavel
2553035;RIO DO SALTO;2013;9;214.0;bruto;Cascavel
2553035;RIO DO SALTO;2013;10;159.4;bruto;Cascavel
2553035;RIO DO SALTO;2013;11;134.9;bruto;Cascavel
2553035;RIO DO SALTO;2013;12;154.7;bruto;Cascavel
2553035;RIO DO SALTO;2014;1;306.3;bruto;Cascavel
2553035;RIO DO SALTO;2014;2;65.0;bruto;Cascavel
2553035;RIO DO SALTO;2014;3;271.5;bruto;Cascavel
2553035;RIO DO SALTO;2014;4;180.0;bruto;Cascavel
2553035;RIO DO SALTO;2014;5;158.7;bruto;Cascavel
2553035;RIO DO SALTO;2014;6;595.3;bruto;Cascavel
2553035;RIO DO SALTO;2014;7;85.6;bruto;Cascavel
2553035;RIO DO SALTO;2014;8;55.9;bruto;Cascavel
2553035;RIO DO SALTO;2014;9;347.8;bruto;Cascavel
2553035;RIO DO SALTO;2014;10;134.3;bruto;Cascavel
2553035;RIO DO SALTO;2014;11;126.8;bruto;Cascavel
2553035;RIO DO SALTO;2014;12;122.7;bruto;Cascavel
2553035;RIO DO SALTO;2015;1;336.8;bruto;Cascavel
2553035;RIO DO SALTO;2015;2;249.8;bruto;Cascavel
2553035;RIO DO SALTO;2015;3;246.6;bruto;Cascavel
2553035;RIO DO SALTO;2015;4;44.1;bruto;Cascavel
2553035;RIO DO SALTO;2015;5;179.2;bruto;Cascavel
2553035;RIO DO SALTO;2015;6;106.1;bruto;Cascavel
2553035;RIO DO SALTO;2015;7;419.7;bruto;Cascavel
2553035;RIO DO SALTO;2015;8;41.2;bruto;Cascavel
2553035;RIO DO SALTO;2015;9;162.0;bruto;Cascavel
2553035;RIO DO SALTO;2015;10;170.2;bruto;Cascavel
2553035;RIO DO SALTO;2015;11;196.6;bruto;Cascavel
2553035;RIO DO SALTO;2015;12;339.4;bruto;Cascavel
2553035;RIO DO SALTO;2016;1;161.4;bruto;Cascavel
2553035;RIO DO SALTO;2016;2;248.8;bruto;Cascavel
2553035;RIO DO SALTO;2016;3;144.2;bruto;Cascavel
2553035;RIO DO SALTO;2016;4;79.5;bruto;Cascavel
2553035;RIO DO SALTO;2016;5;251.9;bruto;Cascavel
2553035;RIO DO SALTO;2016;6;77.4;bruto;Cascavel
2553035;RIO DO SALTO;2016;7;62.4;bruto;Cascavel
2553035;RIO DO SALTO;2016;8;212.1;bruto;Cascavel
2553035;RIO DO SALTO;2016;9;50.5;bruto;Cascavel
2553035;RIO DO SALTO;2016;10;359.2;bruto;Cascavel
2553035;RIO DO SALTO;2016;11;155.2;bruto;Cascavel
2553035;RIO DO SALTO;2016;12;83.5;bruto;Cascavel
2553035;RIO DO SALTO;2017;1;210.1;bruto;Cascavel
2553035;RIO DO SALTO;2017;2;268.7;bruto;Cascavel
2553035;RIO DO SALTO;2017;3;223.2;bruto;Cascavel
2553035;RIO DO SALTO;2017;4;189.2;bruto;Cascavel
2553035;RIO DO SALTO;2017;5;145.4;bruto;Cascavel
2553035;RIO DO SALTO;2017;6;183.5;bruto;Cascavel
2553035;RIO DO SALTO;2017;7;0.0;bruto;Cascavel
2553035;RIO DO SALTO;2017;8;86.2;bruto;Cascavel
2553035;RIO DO SALTO;2017;9;70.7;bruto;Cascavel
2553035;RIO DO SALTO;2017;10;515.1;bruto;Cascavel
2553035;RIO DO SALTO;2017;11;131.5;bruto;Cascavel
2553035;RIO DO SALTO;2017;12;95.7;bruto;Cascavel
2553035;RIO DO SALTO;2018;1;321.3;bruto;Cascavel
2553035;RIO DO SALTO;2018;2;154.2;bruto;Cascavel
2553035;RIO DO SALTO;2018;3;400.1;bruto;Cascavel
2553035;RIO DO SALTO;2018;4;0.0;bruto;Cascavel
2553035;RIO DO SALTO;2018;5;112.2;bruto;Cascavel
2553035;RIO DO SALTO;2018;6;128.2;bruto;Cascavel
2553035;RIO DO SALTO;2018;7;0.0;bruto;Cascavel
2553035;RIO DO SALTO;2018;8;94.0;bruto;Cascavel
2553035;RIO DO SALTO;2018;9;138.5;bruto;Cascavel
2553035;RIO DO SALTO;2018;10;206.7;bruto;Cascavel
2553035;RIO DO SALTO;2018;11;172.0;consistido;Cascavel
2553035;RIO DO SALTO;2018;12;163.7;bruto;Cascavel
2553035;RIO DO SALTO;2019;1;167.3;bruto;Cascavel
2553035;RIO DO SALTO;2019;2;162.3;bruto;Cascavel
2553035;RIO DO SALTO;2019;3;123.7;bruto;Cascavel
2553035;RIO DO SALTO;2019;4;197.8;bruto;Cascavel
2553035;RIO DO SALTO;2019;5;239.4;bruto;Cascavel
2553035;RIO DO SALTO;2019;6;46.5;bruto;Cascavel
2553035;RIO DO SALTO;2019;7;56.9;bruto;Cascavel
2553035;RIO DO SALTO;2019;8;0.0;bruto;Cascavel
2553035;RIO DO SALTO;2019;9;35.8;bruto;Cascavel
2553035;RIO DO SALTO;2019;10;84.7;bruto;Cascavel
2553035;RIO DO SALTO;2019;11;131.5;bruto;Cascavel
2553035;RIO DO SALTO;2019;12;255.5;bruto;Cascavel
2553035;RIO DO SALTO;2020;1;114.4;bruto;Cascavel
2553035;RIO DO SALTO;2020;2;74.0;bruto;Cascavel
2553035;RIO DO SALTO;2020;3;52.7;bruto;Cascavel
2553035;RIO DO SALTO;2020;4;89.1;bruto;Cascavel
2553035;RIO DO SALTO;2020;5;135.8;bruto;Cascavel
2553035;RIO DO SALTO;2020;6;97.6;bruto;Cascavel
2553035;RIO DO SALTO;2020;7;98.5;bruto;Cascavel
2553035;RIO DO SALTO;2020;8;201.1;bruto;Cascavel
2553035;RIO DO SALTO;2020;9;48.9;bruto;Cascavel
2553035;RIO DO SALTO;2020;10;73.1;bruto;Cascavel
2553035;RIO DO SALTO;2020;11;90.8;bruto;Cascavel
2553035;RIO DO SALTO;2020;12;275.1;bruto;Cascavel
2553035;RIO DO SALTO;2021;1;478.3;bruto;Cascavel
2553035;RIO DO SALTO;2021;2;106.6;bruto;Cascavel
2553035;RIO DO SALTO;2021;3;58.9;bruto;Cascavel
2553035;RIO DO SALTO;2021;4;0.0;bruto;Cascavel
2553035;RIO DO SALTO;2021;5;16.3;bruto;Cascavel
2553035;RIO DO SALTO;2021;6;53.2;bruto;Cascavel
2553035;RIO DO SALTO;2021;7;21.2;bruto;Cascavel
2553035;RIO DO SALTO;2021;8;51.8;bruto;Cascavel
2553035;RIO DO SALTO;2021;9;84.4;bruto;Cascavel
2553035;RIO DO SALTO;2021;10;549.4;bruto;Cascavel
2553035;RIO DO SALTO;2021;11;43.4;bruto;Cascavel
2553035;RIO DO SALTO;2021;12;25.3;bruto;Cascavel
2553035;RIO DO SALTO;2022;1;195.0;bruto;Cascavel
2553035;RIO DO SALTO;2022;2;41.0;bruto;Cascavel
2553035;RIO DO SALTO;2022;3;181.9;bruto;Cascavel
2553035;RIO DO SALTO;2022;4;228.1;bruto;Cascavel
2553035;RIO DO SALTO;2022;5;111.4;bruto;Cascavel
2553035;RIO DO SALTO;2022;6;157.9;bruto;Cascavel
2553035;RIO DO SALTO;2022;7;30.5;bruto;Cascavel
2553035;RIO DO SALTO;2022;8;133.7;bruto;Cascavel
2553035;RIO DO SALTO;2022;9;267.5;bruto;Cascavel
2553035;RIO DO SALTO;2022;10;445.5;bruto;Cascavel
2553035;RIO DO SALTO;2022;11;180.8;bruto;Cascavel
2553035;RIO DO SALTO;2022;12;97.3;bruto;Cascavel
2553035;RIO DO SALTO;2023;1;140.9;bruto;Cascavel
2553035;RIO DO SALTO;2023;2;324.7;bruto;Cascavel
2553035;RIO DO SALTO;2023;3;157.9;bruto;Cascavel
2553035;RIO DO SALTO;2023;4;128.9;bruto;Cascavel
2553035;RIO DO SALTO;2023;5;51.7;bruto;Cascavel
2553035;RIO DO SALTO;2023;6;115.2;bruto;Cascavel
2553035;RIO DO SALTO;2023;7;130.1;bruto;Cascavel
2553035;RIO DO SALTO;2023;8;83.8;bruto;Cascavel
2553035;RIO DO SALTO;2023;9;243.5;bruto;Cascavel
2553035;RIO DO SALTO;2023;10;463.7;bruto;Cascavel
2553035;RIO DO SALTO;2023;11;215.2;bruto;Cascavel
2553035;RIO DO SALTO;2023;12;188.6;bruto;Cascavel
2553035;RIO DO SALTO;2024;1;393.9;bruto;Cascavel
2553035;RIO DO SALTO;2024;2;78.0;bruto;Cascavel
2553035;RIO DO SALTO;2024;3;107.0;bruto;Cascavel
2553035;RIO DO SALTO;2024;4;128.9;bruto;Cascavel
2553035;RIO DO SALTO;2024;5;233.5;consistido;Cascavel
2553035;RIO DO SALTO;2024;6;104.0;bruto;Cascavel
2553035;RIO DO SALTO;2024;7;177.7;bruto;Cascavel
2553035;RIO DO SALTO;2024;8;11.6;bruto;Cascavel
2553035;RIO DO SALTO;2024;9;91.4;bruto;Cascavel
2553035;RIO DO SALTO;2024;10;138.4;bruto;Cascavel
2553035;RIO DO SALTO;2024;11;168.5;bruto;Cascavel
2553035;RIO DO SALTO;2024;12;232.0;bruto;Cascavel
2553035;RIO DO SALTO;2025;1;164.3;bruto;Cascavel
2553035;RIO DO SALTO;2025;2;179.7;bruto;Cascavel
2553035;RIO DO SALTO;2025;3;134.5;bruto;Cascavel
2553035;RIO DO SALTO;2025;4;32.6;bruto;Cascavel
2553035;RIO DO SALTO;2025;5;120.2;bruto;Cascavel
2553035;RIO DO SALTO;2025;6;337.4;bruto;Cascavel
2553035;RIO DO SALTO;2025;7;62.0;bruto;Cascavel
2553035;RIO DO SALTO;2025;8;139.7;bruto;Cascavel
2553035;RIO DO SALTO;2025;9;150.8;bruto;Cascavel
2553035;RIO DO SALTO;2025;10;354.6;bruto;Cascavel
2553035;RIO DO SALTO;2025;11;195.6;bruto;Cascavel
2553035;RIO DO SALTO;2025;12;273.3;bruto;Cascavel
2553038;SÃO VALÉRIO;1986;1;200.7;bruto;Planalto
2553038;SÃO VALÉRIO;1986;2;180.2;bruto;Planalto
2553038;SÃO VALÉRIO;1986;3;144.5;bruto;Planalto
2553038;SÃO VALÉRIO;1986;4;172.7;bruto;Planalto
2553038;SÃO VALÉRIO;1986;5;260.3;bruto;Planalto
2553038;SÃO VALÉRIO;1986;6;64.9;bruto;Planalto
2553038;SÃO VALÉRIO;1986;7;83.6;bruto;Planalto
2553038;SÃO VALÉRIO;1986;8;165.4;bruto;Planalto
2553038;SÃO VALÉRIO;1986;9;227.2;bruto;Planalto
2553038;SÃO VALÉRIO;1986;10;169.7;bruto;Planalto
2553038;SÃO VALÉRIO;1986;11;102.6;bruto;Planalto
2553038;SÃO VALÉRIO;1986;12;189.2;bruto;Planalto
2553038;SÃO VALÉRIO;1987;1;117.8;bruto;Planalto
2553038;SÃO VALÉRIO;1987;2;214.4;bruto;Planalto
2553038;SÃO VALÉRIO;1987;3;107.6;bruto;Planalto
2553038;SÃO VALÉRIO;1987;4;267.4;bruto;Planalto
2553038;SÃO VALÉRIO;1987;5;320.0;bruto;Planalto
2553038;SÃO VALÉRIO;1987;6;115.1;bruto;Planalto
2553038;SÃO VALÉRIO;1987;7;140.1;bruto;Planalto
2553038;SÃO VALÉRIO;1987;8;43.8;bruto;Planalto
2553038;SÃO VALÉRIO;1987;9;32.5;bruto;Planalto
2553038;SÃO VALÉRIO;1987;10;250.5;bruto;Planalto
2553038;SÃO VALÉRIO;1987;11;271.5;bruto;Planalto
2553038;SÃO VALÉRIO;1987;12;201.1;bruto;Planalto
2553038;SÃO VALÉRIO;1988;1;64.3;bruto;Planalto
2553038;SÃO VALÉRIO;1988;2;174.0;bruto;Planalto
2553038;SÃO VALÉRIO;1988;3;18.2;bruto;Planalto
2553038;SÃO VALÉRIO;1988;4;196.6;bruto;Planalto
2553038;SÃO VALÉRIO;1988;5;246.0;bruto;Planalto
2553038;SÃO VALÉRIO;1988;6;165.9;bruto;Planalto
2553038;SÃO VALÉRIO;1988;7;6.0;bruto;Planalto
2553038;SÃO VALÉRIO;1988;8;7.4;bruto;Planalto
2553038;SÃO VALÉRIO;1988;9;36.9;bruto;Planalto
2553038;SÃO VALÉRIO;1988;10;210.9;bruto;Planalto
2553038;SÃO VALÉRIO;1988;11;66.4;bruto;Planalto
2553038;SÃO VALÉRIO;1988;12;235.7;bruto;Planalto
2553038;SÃO VALÉRIO;1989;1;352.4;bruto;Planalto
2553038;SÃO VALÉRIO;1989;2;174.1;bruto;Planalto
2553038;SÃO VALÉRIO;1989;3;49.0;bruto;Planalto
2553038;SÃO VALÉRIO;1989;4;89.6;bruto;Planalto
2553038;SÃO VALÉRIO;1989;5;90.0;bruto;Planalto
2553038;SÃO VALÉRIO;1989;6;113.8;bruto;Planalto
2553038;SÃO VALÉRIO;1989;7;128.4;bruto;Planalto
2553038;SÃO VALÉRIO;1989;8;342.3;bruto;Planalto
2553038;SÃO VALÉRIO;1989;9;229.3;bruto;Planalto
2553038;SÃO VALÉRIO;1989;10;189.9;bruto;Planalto
2553038;SÃO VALÉRIO;1989;11;122.5;bruto;Planalto
2553038;SÃO VALÉRIO;1989;12;102.5;bruto;Planalto
2553038;SÃO VALÉRIO;1990;1;332.6;bruto;Planalto
2553038;SÃO VALÉRIO;1990;2;65.7;bruto;Planalto
2553038;SÃO VALÉRIO;1990;3;122.4;bruto;Planalto
2553038;SÃO VALÉRIO;1990;4;388.4;bruto;Planalto
2553038;SÃO VALÉRIO;1990;5;151.0;bruto;Planalto
2553038;SÃO VALÉRIO;1990;6;203.9;bruto;Planalto
2553038;SÃO VALÉRIO;1990;7;158.3;bruto;Planalto
2553038;SÃO VALÉRIO;1990;8;293.1;bruto;Planalto
2553038;SÃO VALÉRIO;1990;9;328.5;bruto;Planalto
2553038;SÃO VALÉRIO;1990;10;225.0;bruto;Planalto
2553038;SÃO VALÉRIO;1990;11;273.0;bruto;Planalto
2553038;SÃO VALÉRIO;1990;12;155.1;bruto;Planalto
2553038;SÃO VALÉRIO;1991;1;140.6;bruto;Planalto
2553038;SÃO VALÉRIO;1991;2;10.2;bruto;Planalto
2553038;SÃO VALÉRIO;1991;3;50.1;bruto;Planalto
2553038;SÃO VALÉRIO;1991;4;198.6;bruto;Planalto
2553038;SÃO VALÉRIO;1991;5;47.6;bruto;Planalto
2553038;SÃO VALÉRIO;1991;6;397.4;bruto;Planalto
2553038;SÃO VALÉRIO;1991;7;34.5;bruto;Planalto
2553038;SÃO VALÉRIO;1991;8;31.8;bruto;Planalto
2553038;SÃO VALÉRIO;1991;9;100.4;bruto;Planalto
2553038;SÃO VALÉRIO;1991;10;147.1;bruto;Planalto
2553038;SÃO VALÉRIO;1991;11;82.1;bruto;Planalto
2553038;SÃO VALÉRIO;1991;12;242.2;bruto;Planalto
2553038;SÃO VALÉRIO;1992;1;39.9;bruto;Planalto
2553038;SÃO VALÉRIO;1992;2;146.4;bruto;Planalto
2553038;SÃO VALÉRIO;1992;3;271.0;bruto;Planalto
2553038;SÃO VALÉRIO;1992;4;146.9;bruto;Planalto
2553038;SÃO VALÉRIO;1992;5;453.7;bruto;Planalto
2553038;SÃO VALÉRIO;1992;6;205.9;bruto;Planalto
2553038;SÃO VALÉRIO;1992;7;158.8;bruto;Planalto
2553038;SÃO VALÉRIO;1992;8;151.6;bruto;Planalto
2553038;SÃO VALÉRIO;1992;9;126.3;bruto;Planalto
2553038;SÃO VALÉRIO;1992;10;285.8;bruto;Planalto
2553038;SÃO VALÉRIO;1992;11;153.6;bruto;Planalto
2553038;SÃO VALÉRIO;1992;12;72.0;bruto;Planalto
2553038;SÃO VALÉRIO;1993;1;221.3;bruto;Planalto
2553038;SÃO VALÉRIO;1993;2;105.2;bruto;Planalto
2553038;SÃO VALÉRIO;1993;3;207.7;bruto;Planalto
2553038;SÃO VALÉRIO;1993;4;65.8;bruto;Planalto
2553038;SÃO VALÉRIO;1993;5;285.7;bruto;Planalto
2553038;SÃO VALÉRIO;1993;6;243.3;bruto;Planalto
2553038;SÃO VALÉRIO;1993;7;202.0;bruto;Planalto
2553038;SÃO VALÉRIO;1993;8;13.5;bruto;Planalto
2553038;SÃO VALÉRIO;1993;9;249.4;bruto;Planalto
2553038;SÃO VALÉRIO;1993;10;204.4;bruto;Planalto
2553038;SÃO VALÉRIO;1993;11;140.5;bruto;Planalto
2553038;SÃO VALÉRIO;1993;12;96.2;bruto;Planalto
2553038;SÃO VALÉRIO;1994;1;164.0;bruto;Planalto
2553038;SÃO VALÉRIO;1994;2;357.4;bruto;Planalto
2553038;SÃO VALÉRIO;1994;3;78.2;bruto;Planalto
2553038;SÃO VALÉRIO;1994;4;130.5;bruto;Planalto
2553038;SÃO VALÉRIO;1994;5;199.1;bruto;Planalto
2553038;SÃO VALÉRIO;1994;6;283.3;bruto;Planalto
2553038;SÃO VALÉRIO;1994;7;108.9;bruto;Planalto
2553038;SÃO VALÉRIO;1994;8;12.2;bruto;Planalto
2553038;SÃO VALÉRIO;1994;9;140.7;bruto;Planalto
2553038;SÃO VALÉRIO;1994;10;283.7;bruto;Planalto
2553038;SÃO VALÉRIO;1994;11;233.2;bruto;Planalto
2553038;SÃO VALÉRIO;1994;12;245.8;bruto;Planalto
2553038;SÃO VALÉRIO;1995;1;216.6;bruto;Planalto
2553038;SÃO VALÉRIO;1995;2;224.5;bruto;Planalto
2553038;SÃO VALÉRIO;1995;3;207.7;bruto;Planalto
2553038;SÃO VALÉRIO;1995;4;105.6;bruto;Planalto
2553038;SÃO VALÉRIO;1995;5;18.6;bruto;Planalto
2553038;SÃO VALÉRIO;1995;6;165.3;bruto;Planalto
2553038;SÃO VALÉRIO;1995;7;82.1;bruto;Planalto
2553038;SÃO VALÉRIO;1995;8;33.7;bruto;Planalto
2553038;SÃO VALÉRIO;1995;9;209.9;bruto;Planalto
2553038;SÃO VALÉRIO;1995;10;226.3;bruto;Planalto
2553038;SÃO VALÉRIO;1995;11;93.6;bruto;Planalto
2553038;SÃO VALÉRIO;1995;12;101.9;bruto;Planalto
2553038;SÃO VALÉRIO;1996;1;265.3;bruto;Planalto
2553038;SÃO VALÉRIO;1996;2;303.9;bruto;Planalto
2553038;SÃO VALÉRIO;1996;3;174.5;bruto;Planalto
2553038;SÃO VALÉRIO;1996;4;126.8;bruto;Planalto
2553038;SÃO VALÉRIO;1996;5;41.7;bruto;Planalto
2553038;SÃO VALÉRIO;1996;6;144.1;bruto;Planalto
2553038;SÃO VALÉRIO;1996;7;102.2;bruto;Planalto
2553038;SÃO VALÉRIO;1996;8;44.1;bruto;Planalto
2553038;SÃO VALÉRIO;1996;9;176.6;bruto;Planalto
2553038;SÃO VALÉRIO;1996;10;599.1;bruto;Planalto
2553038;SÃO VALÉRIO;1996;11;178.5;bruto;Planalto
2553038;SÃO VALÉRIO;1996;12;344.5;bruto;Planalto
2553038;SÃO VALÉRIO;1997;1;108.4;bruto;Planalto
2553038;SÃO VALÉRIO;1997;2;248.3;bruto;Planalto
2553038;SÃO VALÉRIO;1997;3;17.9;bruto;Planalto
2553038;SÃO VALÉRIO;1997;4;50.0;bruto;Planalto
2553038;SÃO VALÉRIO;1997;5;368.7;bruto;Planalto
2553038;SÃO VALÉRIO;1997;6;302.8;bruto;Planalto
2553038;SÃO VALÉRIO;1997;7;84.1;bruto;Planalto
2553038;SÃO VALÉRIO;1997;8;210.6;bruto;Planalto
2553038;SÃO VALÉRIO;1997;9;251.4;bruto;Planalto
2553038;SÃO VALÉRIO;1997;10;260.3;bruto;Planalto
2553038;SÃO VALÉRIO;1997;11;304.7;bruto;Planalto
2553038;SÃO VALÉRIO;1997;12;119.4;bruto;Planalto
2553038;SÃO VALÉRIO;1998;1;248.8;bruto;Planalto
2553038;SÃO VALÉRIO;1998;2;248.1;bruto;Planalto
2553038;SÃO VALÉRIO;1998;3;280.5;bruto;Planalto
2553038;SÃO VALÉRIO;1998;4;420.8;bruto;Planalto
2553038;SÃO VALÉRIO;1998;5;205.7;bruto;Planalto
2553038;SÃO VALÉRIO;1998;6;92.2;bruto;Planalto
2553038;SÃO VALÉRIO;1998;7;57.5;bruto;Planalto
2553038;SÃO VALÉRIO;1998;8;318.6;bruto;Planalto
2553038;SÃO VALÉRIO;1998;9;331.6;bruto;Planalto
2553038;SÃO VALÉRIO;1998;10;340.9;bruto;Planalto
2553038;SÃO VALÉRIO;1998;11;34.3;bruto;Planalto
2553038;SÃO VALÉRIO;1998;12;161.7;bruto;Planalto
2553038;SÃO VALÉRIO;1999;1;253.9;bruto;Planalto
2553038;SÃO VALÉRIO;1999;2;261.6;bruto;Planalto
2553038;SÃO VALÉRIO;1999;3;63.0;bruto;Planalto
2553038;SÃO VALÉRIO;1999;4;123.5;bruto;Planalto
2553038;SÃO VALÉRIO;1999;5;104.3;bruto;Planalto
2553038;SÃO VALÉRIO;1999;6;202.8;bruto;Planalto
2553038;SÃO VALÉRIO;1999;7;126.1;bruto;Planalto
2553038;SÃO VALÉRIO;1999;8;11.4;bruto;Planalto
2553038;SÃO VALÉRIO;1999;9;120.6;bruto;Planalto
2553038;SÃO VALÉRIO;1999;10;83.2;bruto;Planalto
2553038;SÃO VALÉRIO;1999;11;65.6;bruto;Planalto
2553038;SÃO VALÉRIO;1999;12;184.2;bruto;Planalto
2553038;SÃO VALÉRIO;2000;1;234.9;bruto;Planalto
2553038;SÃO VALÉRIO;2000;2;290.5;bruto;Planalto
2553038;SÃO VALÉRIO;2000;3;132.8;bruto;Planalto
2553038;SÃO VALÉRIO;2000;4;101.2;bruto;Planalto
2553038;SÃO VALÉRIO;2000;5;177.3;bruto;Planalto
2553038;SÃO VALÉRIO;2000;6;136.7;bruto;Planalto
2553038;SÃO VALÉRIO;2000;7;95.1;bruto;Planalto
2553038;SÃO VALÉRIO;2000;8;121.6;bruto;Planalto
2553038;SÃO VALÉRIO;2000;9;227.7;bruto;Planalto
2553038;SÃO VALÉRIO;2000;10;311.6;bruto;Planalto
2553038;SÃO VALÉRIO;2000;11;127.7;bruto;Planalto
2553038;SÃO VALÉRIO;2000;12;189.2;bruto;Planalto
2553038;SÃO VALÉRIO;2001;1;229.9;bruto;Planalto
2553038;SÃO VALÉRIO;2001;2;235.1;bruto;Planalto
2553038;SÃO VALÉRIO;2001;3;191.4;bruto;Planalto
2553038;SÃO VALÉRIO;2001;4;174.0;bruto;Planalto
2553038;SÃO VALÉRIO;2001;5;121.9;bruto;Planalto
2553038;SÃO VALÉRIO;2001;6;130.0;bruto;Planalto
2553038;SÃO VALÉRIO;2001;7;133.6;bruto;Planalto
2553038;SÃO VALÉRIO;2001;8;64.4;bruto;Planalto
2553038;SÃO VALÉRIO;2001;9;147.5;bruto;Planalto
2553038;SÃO VALÉRIO;2001;10;192.5;bruto;Planalto
2553038;SÃO VALÉRIO;2001;11;117.7;bruto;Planalto
2553038;SÃO VALÉRIO;2001;12;108.5;bruto;Planalto
2553038;SÃO VALÉRIO;2002;1;190.4;bruto;Planalto
2553038;SÃO VALÉRIO;2002;2;96.7;bruto;Planalto
2553038;SÃO VALÉRIO;2002;3;38.1;bruto;Planalto
2553038;SÃO VALÉRIO;2002;4;37.8;bruto;Planalto
2553038;SÃO VALÉRIO;2002;5;362.3;bruto;Planalto
2553038;SÃO VALÉRIO;2002;6;46.7;bruto;Planalto
2553038;SÃO VALÉRIO;2002;7;95.3;bruto;Planalto
2553038;SÃO VALÉRIO;2002;8;148.0;bruto;Planalto
2553038;SÃO VALÉRIO;2002;9;164.2;bruto;Planalto
2553038;SÃO VALÉRIO;2002;10;382.3;bruto;Planalto
2553038;SÃO VALÉRIO;2002;11;286.7;bruto;Planalto
2553038;SÃO VALÉRIO;2002;12;117.9;bruto;Planalto
2553038;SÃO VALÉRIO;2003;1;182.6;bruto;Planalto
2553038;SÃO VALÉRIO;2003;2;253.4;bruto;Planalto
2553038;SÃO VALÉRIO;2003;3;127.2;bruto;Planalto
2553038;SÃO VALÉRIO;2003;4;96.2;bruto;Planalto
2553038;SÃO VALÉRIO;2003;5;81.4;bruto;Planalto
2553038;SÃO VALÉRIO;2003;6;74.7;bruto;Planalto
2553038;SÃO VALÉRIO;2003;7;56.4;bruto;Planalto
2553038;SÃO VALÉRIO;2003;8;46.1;bruto;Planalto
2553038;SÃO VALÉRIO;2003;9;170.8;bruto;Planalto
2553038;SÃO VALÉRIO;2003;10;228.9;bruto;Planalto
2553038;SÃO VALÉRIO;2003;11;190.8;bruto;Planalto
2553038;SÃO VALÉRIO;2003;12;364.0;bruto;Planalto
2553038;SÃO VALÉRIO;2004;1;136.6;bruto;Planalto
2553038;SÃO VALÉRIO;2004;2;68.5;bruto;Planalto
2553038;SÃO VALÉRIO;2004;3;41.2;bruto;Planalto
2553038;SÃO VALÉRIO;2004;4;153.8;bruto;Planalto
2553038;SÃO VALÉRIO;2004;5;344.3;bruto;Planalto
2553038;SÃO VALÉRIO;2004;6;97.2;bruto;Planalto
2553038;SÃO VALÉRIO;2004;7;186.1;bruto;Planalto
2553038;SÃO VALÉRIO;2004;8;19.9;bruto;Planalto
2553038;SÃO VALÉRIO;2004;9;94.3;bruto;Planalto
2553038;SÃO VALÉRIO;2004;10;291.6;bruto;Planalto
2553038;SÃO VALÉRIO;2004;11;217.7;bruto;Planalto
2553038;SÃO VALÉRIO;2004;12;98.5;bruto;Planalto
2553038;SÃO VALÉRIO;2005;1;223.5;bruto;Planalto
2553038;SÃO VALÉRIO;2005;2;23.7;bruto;Planalto
2553038;SÃO VALÉRIO;2005;3;56.0;bruto;Planalto
2553038;SÃO VALÉRIO;2005;4;146.8;bruto;Planalto
2553038;SÃO VALÉRIO;2005;5;360.0;bruto;Planalto
2553038;SÃO VALÉRIO;2005;6;233.7;bruto;Planalto
2553038;SÃO VALÉRIO;2005;7;103.9;bruto;Planalto
2553038;SÃO VALÉRIO;2005;8;85.9;bruto;Planalto
2553038;SÃO VALÉRIO;2005;9;205.8;bruto;Planalto
2553038;SÃO VALÉRIO;2005;10;462.7;bruto;Planalto
2553038;SÃO VALÉRIO;2005;11;35.1;bruto;Planalto
2553038;SÃO VALÉRIO;2005;12;43.5;bruto;Planalto
2553038;SÃO VALÉRIO;2006;1;182.4;bruto;Planalto
2553038;SÃO VALÉRIO;2006;2;33.3;bruto;Planalto
2553038;SÃO VALÉRIO;2006;3;169.8;bruto;Planalto
2553038;SÃO VALÉRIO;2006;4;78.0;bruto;Planalto
2553038;SÃO VALÉRIO;2006;5;3.6;bruto;Planalto
2553038;SÃO VALÉRIO;2006;6;58.7;bruto;Planalto
2553038;SÃO VALÉRIO;2006;7;41.1;bruto;Planalto
2553038;SÃO VALÉRIO;2006;8;131.5;bruto;Planalto
2553038;SÃO VALÉRIO;2006;9;226.1;bruto;Planalto
2553038;SÃO VALÉRIO;2006;10;157.9;bruto;Planalto
2553038;SÃO VALÉRIO;2006;11;164.7;bruto;Planalto
2553038;SÃO VALÉRIO;2006;12;291.5;bruto;Planalto
2553038;SÃO VALÉRIO;2007;1;214.8;bruto;Planalto
2553038;SÃO VALÉRIO;2007;2;206.7;bruto;Planalto
2553038;SÃO VALÉRIO;2007;3;82.9;bruto;Planalto
2553038;SÃO VALÉRIO;2007;4;321.9;bruto;Planalto
2553038;SÃO VALÉRIO;2007;5;275.3;bruto;Planalto
2553038;SÃO VALÉRIO;2007;6;11.0;bruto;Planalto
2553038;SÃO VALÉRIO;2007;7;146.2;bruto;Planalto
2553038;SÃO VALÉRIO;2007;8;21.7;bruto;Planalto
2553038;SÃO VALÉRIO;2007;9;22.5;bruto;Planalto
2553038;SÃO VALÉRIO;2007;10;143.8;bruto;Planalto
2553038;SÃO VALÉRIO;2007;11;274.9;bruto;Planalto
2553038;SÃO VALÉRIO;2007;12;152.2;bruto;Planalto
2553038;SÃO VALÉRIO;2008;1;227.5;bruto;Planalto
2553038;SÃO VALÉRIO;2008;2;69.6;bruto;Planalto
2553038;SÃO VALÉRIO;2008;3;14.0;bruto;Planalto
2553038;SÃO VALÉRIO;2008;4;254.2;bruto;Planalto
2553038;SÃO VALÉRIO;2008;5;50.1;bruto;Planalto
2553038;SÃO VALÉRIO;2008;6;167.6;bruto;Planalto
2553038;SÃO VALÉRIO;2008;7;62.1;bruto;Planalto
2553038;SÃO VALÉRIO;2008;8;127.9;bruto;Planalto
2553038;SÃO VALÉRIO;2008;9;122.7;bruto;Planalto
2553038;SÃO VALÉRIO;2008;10;266.9;bruto;Planalto
2553038;SÃO VALÉRIO;2008;11;87.4;bruto;Planalto
2553038;SÃO VALÉRIO;2008;12;37.5;bruto;Planalto
2553038;SÃO VALÉRIO;2009;1;182.6;bruto;Planalto
2553038;SÃO VALÉRIO;2009;2;199.1;bruto;Planalto
2553038;SÃO VALÉRIO;2009;3;40.2;bruto;Planalto
2553038;SÃO VALÉRIO;2009;4;66.9;bruto;Planalto
2553038;SÃO VALÉRIO;2009;5;271.0;bruto;Planalto
2553038;SÃO VALÉRIO;2009;6;93.8;bruto;Planalto
2553038;SÃO VALÉRIO;2009;7;148.7;bruto;Planalto
2553038;SÃO VALÉRIO;2009;8;233.6;bruto;Planalto
2553038;SÃO VALÉRIO;2009;9;185.7;bruto;Planalto
2553038;SÃO VALÉRIO;2009;10;328.0;bruto;Planalto
2553038;SÃO VALÉRIO;2009;11;219.5;bruto;Planalto
2553038;SÃO VALÉRIO;2009;12;231.1;bruto;Planalto
2553038;SÃO VALÉRIO;2010;1;216.4;bruto;Planalto
2553038;SÃO VALÉRIO;2010;2;171.4;bruto;Planalto
2553038;SÃO VALÉRIO;2010;3;244.3;bruto;Planalto
2553038;SÃO VALÉRIO;2010;4;232.4;bruto;Planalto
2553038;SÃO VALÉRIO;2010;5;146.7;bruto;Planalto
2553038;SÃO VALÉRIO;2010;6;44.1;bruto;Planalto
2553038;SÃO VALÉRIO;2010;7;105.4;bruto;Planalto
2553038;SÃO VALÉRIO;2010;8;37.1;bruto;Planalto
2553038;SÃO VALÉRIO;2010;9;68.3;bruto;Planalto
2553038;SÃO VALÉRIO;2010;10;217.8;bruto;Planalto
2553038;SÃO VALÉRIO;2010;11;64.7;bruto;Planalto
2553038;SÃO VALÉRIO;2010;12;311.4;bruto;Planalto
2553038;SÃO VALÉRIO;2011;1;216.9;bruto;Planalto
2553038;SÃO VALÉRIO;2011;2;173.2;bruto;Planalto
2553038;SÃO VALÉRIO;2011;3;136.3;bruto;Planalto
2553038;SÃO VALÉRIO;2011;4;137.3;bruto;Planalto
2553038;SÃO VALÉRIO;2011;5;28.7;bruto;Planalto
2553038;SÃO VALÉRIO;2011;6;95.3;bruto;Planalto
2553038;SÃO VALÉRIO;2011;7;231.5;bruto;Planalto
2553038;SÃO VALÉRIO;2011;8;273.0;bruto;Planalto
2553038;SÃO VALÉRIO;2011;9;156.8;bruto;Planalto
2553038;SÃO VALÉRIO;2011;10;290.2;bruto;Planalto
2553038;SÃO VALÉRIO;2011;11;141.7;bruto;Planalto
2553038;SÃO VALÉRIO;2011;12;10.2;bruto;Planalto
2553038;SÃO VALÉRIO;2012;1;173.2;bruto;Planalto
2553038;SÃO VALÉRIO;2012;2;96.9;bruto;Planalto
2553038;SÃO VALÉRIO;2012;3;70.1;bruto;Planalto
2553038;SÃO VALÉRIO;2012;4;325.7;bruto;Planalto
2553038;SÃO VALÉRIO;2012;5;92.7;bruto;Planalto
2553038;SÃO VALÉRIO;2012;6;177.7;bruto;Planalto
2553038;SÃO VALÉRIO;2012;7;127.8;bruto;Planalto
2553038;SÃO VALÉRIO;2012;8;0.0;bruto;Planalto
2553038;SÃO VALÉRIO;2012;9;71.0;bruto;Planalto
2553038;SÃO VALÉRIO;2012;10;292.6;bruto;Planalto
2553038;SÃO VALÉRIO;2012;11;42.0;bruto;Planalto
2553038;SÃO VALÉRIO;2012;12;283.7;bruto;Planalto
2553038;SÃO VALÉRIO;2013;1;179.4;bruto;Planalto
2553038;SÃO VALÉRIO;2013;2;211.0;bruto;Planalto
2553038;SÃO VALÉRIO;2013;3;361.0;bruto;Planalto
2553038;SÃO VALÉRIO;2013;4;78.9;bruto;Planalto
2553038;SÃO VALÉRIO;2013;5;185.7;bruto;Planalto
2553038;SÃO VALÉRIO;2013;6;426.2;bruto;Planalto
2553038;SÃO VALÉRIO;2013;7;67.7;bruto;Planalto
2553038;SÃO VALÉRIO;2013;8;96.3;bruto;Planalto
2553038;SÃO VALÉRIO;2013;9;246.2;bruto;Planalto
2553038;SÃO VALÉRIO;2013;10;136.9;bruto;Planalto
2553038;SÃO VALÉRIO;2013;11;194.5;bruto;Planalto
2553038;SÃO VALÉRIO;2013;12;100.3;bruto;Planalto
2553038;SÃO VALÉRIO;2014;1;250.9;bruto;Planalto
2553038;SÃO VALÉRIO;2014;2;107.8;bruto;Planalto
2553038;SÃO VALÉRIO;2014;3;249.5;bruto;Planalto
2553038;SÃO VALÉRIO;2014;4;180.7;bruto;Planalto
2553038;SÃO VALÉRIO;2014;5;269.2;bruto;Planalto
2553038;SÃO VALÉRIO;2014;6;458.3;bruto;Planalto
2553038;SÃO VALÉRIO;2014;7;156.0;bruto;Planalto
2553038;SÃO VALÉRIO;2014;8;24.7;bruto;Planalto
2553038;SÃO VALÉRIO;2014;9;293.3;bruto;Planalto
2553038;SÃO VALÉRIO;2014;10;88.6;bruto;Planalto
2553038;SÃO VALÉRIO;2014;11;202.5;bruto;Planalto
2553038;SÃO VALÉRIO;2014;12;115.7;bruto;Planalto
2553038;SÃO VALÉRIO;2015;1;269.7;bruto;Planalto
2553038;SÃO VALÉRIO;2015;2;159.9;bruto;Planalto
2553038;SÃO VALÉRIO;2015;3;174.5;bruto;Planalto
2553038;SÃO VALÉRIO;2015;4;131.5;bruto;Planalto
2553038;SÃO VALÉRIO;2015;5;163.1;bruto;Planalto
2553038;SÃO VALÉRIO;2015;6;180.5;bruto;Planalto
2553038;SÃO VALÉRIO;2015;7;360.2;bruto;Planalto
2553038;SÃO VALÉRIO;2015;8;42.7;bruto;Planalto
2553038;SÃO VALÉRIO;2015;9;89.2;bruto;Planalto
2553038;SÃO VALÉRIO;2015;10;121.7;bruto;Planalto
2553038;SÃO VALÉRIO;2015;11;285.0;bruto;Planalto
2553038;SÃO VALÉRIO;2015;12;460.3;bruto;Planalto
2553038;SÃO VALÉRIO;2016;1;225.5;bruto;Planalto
2553038;SÃO VALÉRIO;2016;2;312.6;bruto;Planalto
2553038;SÃO VALÉRIO;2016;3;146.4;bruto;Planalto
2553038;SÃO VALÉRIO;2016;4;73.6;bruto;Planalto
2553038;SÃO VALÉRIO;2016;5;186.9;bruto;Planalto
2553038;SÃO VALÉRIO;2016;6;39.1;bruto;Planalto
2553038;SÃO VALÉRIO;2016;7;65.9;bruto;Planalto
2553038;SÃO VALÉRIO;2016;8;173.2;bruto;Planalto
2553038;SÃO VALÉRIO;2016;9;78.2;bruto;Planalto
2553038;SÃO VALÉRIO;2016;10;264.9;bruto;Planalto
2553038;SÃO VALÉRIO;2016;11;108.3;bruto;Planalto
2553038;SÃO VALÉRIO;2016;12;223.8;bruto;Planalto
2553038;SÃO VALÉRIO;2017;1;61.5;bruto;Planalto
2553038;SÃO VALÉRIO;2017;2;202.7;bruto;Planalto
2553038;SÃO VALÉRIO;2017;3;192.4;bruto;Planalto
2553038;SÃO VALÉRIO;2017;4;156.4;bruto;Planalto
2553038;SÃO VALÉRIO;2017;5;221.3;bruto;Planalto
2553038;SÃO VALÉRIO;2017;6;97.7;bruto;Planalto
2553038;SÃO VALÉRIO;2017;7;7.7;bruto;Planalto
2553038;SÃO VALÉRIO;2017;8;166.3;bruto;Planalto
2553038;SÃO VALÉRIO;2017;9;20.2;bruto;Planalto
2553038;SÃO VALÉRIO;2017;10;468.5;bruto;Planalto
2553038;SÃO VALÉRIO;2017;11;262.8;bruto;Planalto
2553038;SÃO VALÉRIO;2017;12;129.8;bruto;Planalto
2553038;SÃO VALÉRIO;2018;1;307.8;bruto;Planalto
2553038;SÃO VALÉRIO;2018;2;148.7;bruto;Planalto
2553038;SÃO VALÉRIO;2018;3;320.3;bruto;Planalto
2553038;SÃO VALÉRIO;2018;4;18.8;bruto;Planalto
2553038;SÃO VALÉRIO;2018;5;103.4;bruto;Planalto
2553038;SÃO VALÉRIO;2018;6;111.6;bruto;Planalto
2553038;SÃO VALÉRIO;2018;7;9.9;bruto;Planalto
2553038;SÃO VALÉRIO;2018;8;82.5;bruto;Planalto
2553038;SÃO VALÉRIO;2018;9;259.9;bruto;Planalto
2553038;SÃO VALÉRIO;2018;10;273.0;bruto;Planalto
2553038;SÃO VALÉRIO;2018;11;197.9;bruto;Planalto
2553038;SÃO VALÉRIO;2018;12;50.9;bruto;Planalto
2553038;SÃO VALÉRIO;2019;1;165.2;bruto;Planalto
2553038;SÃO VALÉRIO;2019;2;183.6;bruto;Planalto
2553038;SÃO VALÉRIO;2019;3;207.1;bruto;Planalto
2553038;SÃO VALÉRIO;2019;4;204.1;bruto;Planalto
2553038;SÃO VALÉRIO;2019;5;295.5;bruto;Planalto
2553038;SÃO VALÉRIO;2019;6;27.0;bruto;Planalto
2553038;SÃO VALÉRIO;2019;7;26.2;bruto;Planalto
2553038;SÃO VALÉRIO;2019;8;3.3;bruto;Planalto
2553038;SÃO VALÉRIO;2019;9;55.0;bruto;Planalto
2553038;SÃO VALÉRIO;2019;10;125.9;bruto;Planalto
2553038;SÃO VALÉRIO;2019;11;165.3;bruto;Planalto
2553038;SÃO VALÉRIO;2019;12;277.6;bruto;Planalto
2553038;SÃO VALÉRIO;2020;1;127.5;bruto;Planalto
2553038;SÃO VALÉRIO;2020;2;101.8;bruto;Planalto
2553038;SÃO VALÉRIO;2020;3;57.4;bruto;Planalto
2553038;SÃO VALÉRIO;2020;4;46.6;bruto;Planalto
2553038;SÃO VALÉRIO;2020;5;290.0;bruto;Planalto
2553038;SÃO VALÉRIO;2020;6;132.0;bruto;Planalto
2553038;SÃO VALÉRIO;2020;7;60.7;bruto;Planalto
2553038;SÃO VALÉRIO;2020;8;100.6;bruto;Planalto
2553038;SÃO VALÉRIO;2020;9;33.4;bruto;Planalto
2553038;SÃO VALÉRIO;2020;10;55.1;bruto;Planalto
2553038;SÃO VALÉRIO;2020;11;34.3;bruto;Planalto
2553038;SÃO VALÉRIO;2020;12;227.7;bruto;Planalto
2553038;SÃO VALÉRIO;2021;1;428.1;bruto;Planalto
2553038;SÃO VALÉRIO;2021;2;74.2;bruto;Planalto
2553038;SÃO VALÉRIO;2021;3;40.6;bruto;Planalto
2553038;SÃO VALÉRIO;2021;4;10.5;bruto;Planalto
2553038;SÃO VALÉRIO;2021;5;38.9;bruto;Planalto
2553038;SÃO VALÉRIO;2021;6;121.8;bruto;Planalto
2553038;SÃO VALÉRIO;2021;7;43.8;bruto;Planalto
2553038;SÃO VALÉRIO;2021;8;46.0;bruto;Planalto
2553038;SÃO VALÉRIO;2021;9;86.7;bruto;Planalto
2553038;SÃO VALÉRIO;2021;10;300.6;bruto;Planalto
2553038;SÃO VALÉRIO;2021;11;40.8;bruto;Planalto
2553038;SÃO VALÉRIO;2021;12;11.5;bruto;Planalto
2553038;SÃO VALÉRIO;2022;1;106.3;bruto;Planalto
2553038;SÃO VALÉRIO;2022;2;106.9;bruto;Planalto
2553038;SÃO VALÉRIO;2022;3;221.6;bruto;Planalto
2553038;SÃO VALÉRIO;2022;4;254.1;bruto;Planalto
2553038;SÃO VALÉRIO;2022;5;200.6;bruto;Planalto
2553038;SÃO VALÉRIO;2022;6;103.3;bruto;Planalto
2553038;SÃO VALÉRIO;2022;7;54.9;bruto;Planalto
2553038;SÃO VALÉRIO;2022;8;176.4;bruto;Planalto
2553038;SÃO VALÉRIO;2022;9;212.0;bruto;Planalto
2553038;SÃO VALÉRIO;2022;10;404.9;bruto;Planalto
2553038;SÃO VALÉRIO;2022;11;61.7;bruto;Planalto
2553038;SÃO VALÉRIO;2022;12;55.7;bruto;Planalto
2553038;SÃO VALÉRIO;2023;1;213.7;bruto;Planalto
2553038;SÃO VALÉRIO;2023;2;231.4;bruto;Planalto
2553038;SÃO VALÉRIO;2023;3;131.2;bruto;Planalto
2553038;SÃO VALÉRIO;2023;4;171.5;bruto;Planalto
2553038;SÃO VALÉRIO;2023;5;154.3;bruto;Planalto
2553038;SÃO VALÉRIO;2023;6;134.5;bruto;Planalto
2553038;SÃO VALÉRIO;2023;7;160.7;bruto;Planalto
2553038;SÃO VALÉRIO;2023;8;91.2;bruto;Planalto
2553038;SÃO VALÉRIO;2023;9;161.9;bruto;Planalto
2553038;SÃO VALÉRIO;2023;10;510.4;bruto;Planalto
2553038;SÃO VALÉRIO;2023;11;341.1;bruto;Planalto
2553038;SÃO VALÉRIO;2023;12;179.3;bruto;Planalto
2553038;SÃO VALÉRIO;2024;1;177.8;bruto;Planalto
2553038;SÃO VALÉRIO;2024;2;154.0;bruto;Planalto
2553038;SÃO VALÉRIO;2024;3;99.9;bruto;Planalto
2553038;SÃO VALÉRIO;2024;4;301.2;bruto;Planalto
2553038;SÃO VALÉRIO;2024;5;291.2;bruto;Planalto
2553038;SÃO VALÉRIO;2024;6;167.7;bruto;Planalto
2553038;SÃO VALÉRIO;2024;7;169.4;bruto;Planalto
2553038;SÃO VALÉRIO;2024;8;45.0;bruto;Planalto
2553038;SÃO VALÉRIO;2024;9;91.0;bruto;Planalto
2553038;SÃO VALÉRIO;2024;10;191.8;bruto;Planalto
2553038;SÃO VALÉRIO;2024;11;159.9;bruto;Planalto
2553038;SÃO VALÉRIO;2024;12;310.4;bruto;Planalto
2553038;SÃO VALÉRIO;2025;1;150.0;bruto;Planalto
2553038;SÃO VALÉRIO;2025;2;126.2;bruto;Planalto
2553038;SÃO VALÉRIO;2025;3;100.6;bruto;Planalto
2553038;SÃO VALÉRIO;2025;4;148.8;bruto;Planalto
2553038;SÃO VALÉRIO;2025;5;89.4;bruto;Planalto
2553038;SÃO VALÉRIO;2025;6;337.0;bruto;Planalto
2553038;SÃO VALÉRIO;2025;7;65.9;bruto;Planalto
2553038;SÃO VALÉRIO;2025;8;130.8;bruto;Planalto
2553038;SÃO VALÉRIO;2025;9;92.8;bruto;Planalto
2553038;SÃO VALÉRIO;2025;10;262.5;bruto;Planalto
2553038;SÃO VALÉRIO;2025;11;182.8;bruto;Planalto
2553038;SÃO VALÉRIO;2025;12;164.3;bruto;Planalto
2553039;SAGRADA FAMILIA;1986;1;159.3;bruto;Planalto
2553039;SAGRADA FAMILIA;1986;2;286.8;bruto;Planalto
2553039;SAGRADA FAMILIA;1986;3;301.4;bruto;Planalto
2553039;SAGRADA FAMILIA;1986;4;150.8;bruto;Planalto
2553039;SAGRADA FAMILIA;1986;5;342.1;bruto;Planalto
2553039;SAGRADA FAMILIA;1986;6;125.4;bruto;Planalto
2553039;SAGRADA FAMILIA;1986;7;74.5;consistido;Planalto
2553039;SAGRADA FAMILIA;1986;8;241.5;bruto;Planalto
2553039;SAGRADA FAMILIA;1986;9;204.8;bruto;Planalto
2553039;SAGRADA FAMILIA;1986;10;188.3;bruto;Planalto
2553039;SAGRADA FAMILIA;1986;11;37.2;bruto;Planalto
2553039;SAGRADA FAMILIA;1986;12;124.1;bruto;Planalto
2553039;SAGRADA FAMILIA;1987;1;96.1;bruto;Planalto
2553039;SAGRADA FAMILIA;1987;2;175.6;bruto;Planalto
2553039;SAGRADA FAMILIA;1987;3;51.7;bruto;Planalto
2553039;SAGRADA FAMILIA;1987;4;82.6;bruto;Planalto
2553039;SAGRADA FAMILIA;1987;5;354.6;bruto;Planalto
2553039;SAGRADA FAMILIA;1987;6;88.0;bruto;Planalto
2553039;SAGRADA FAMILIA;1987;7;83.0;bruto;Planalto
2553039;SAGRADA FAMILIA;1987;8;31.9;bruto;Planalto
2553039;SAGRADA FAMILIA;1987;9;12.1;bruto;Planalto
2553039;SAGRADA FAMILIA;1987;10;193.0;bruto;Planalto
2553039;SAGRADA FAMILIA;1987;11;256.2;bruto;Planalto
2553039;SAGRADA FAMILIA;1987;12;199.5;bruto;Planalto
2553039;SAGRADA FAMILIA;1988;1;85.7;bruto;Planalto
2553039;SAGRADA FAMILIA;1988;2;119.9;bruto;Planalto
2553039;SAGRADA FAMILIA;1988;3;25.4;bruto;Planalto
2553039;SAGRADA FAMILIA;1988;4;80.0;bruto;Planalto
2553039;SAGRADA FAMILIA;1988;5;488.7;bruto;Planalto
2553039;SAGRADA FAMILIA;1988;6;276.1;bruto;Planalto
2553039;SAGRADA FAMILIA;1988;7;21.4;bruto;Planalto
2553039;SAGRADA FAMILIA;1988;8;3.5;bruto;Planalto
2553039;SAGRADA FAMILIA;1988;9;26.3;bruto;Planalto
2553039;SAGRADA FAMILIA;1988;10;166.7;bruto;Planalto
2553039;SAGRADA FAMILIA;1988;11;33.6;bruto;Planalto
2553039;SAGRADA FAMILIA;1988;12;96.6;bruto;Planalto
2553039;SAGRADA FAMILIA;1989;1;389.3;bruto;Planalto
2553039;SAGRADA FAMILIA;1989;2;106.6;bruto;Planalto
2553039;SAGRADA FAMILIA;1989;3;59.6;bruto;Planalto
2553039;SAGRADA FAMILIA;1989;4;60.9;bruto;Planalto
2553039;SAGRADA FAMILIA;1989;5;55.7;bruto;Planalto
2553039;SAGRADA FAMILIA;1989;6;27.0;bruto;Planalto
2553039;SAGRADA FAMILIA;1989;7;158.2;bruto;Planalto
2553039;SAGRADA FAMILIA;1989;8;282.8;bruto;Planalto
2553039;SAGRADA FAMILIA;1989;9;227.1;bruto;Planalto
2553039;SAGRADA FAMILIA;1989;10;174.4;bruto;Planalto
2553039;SAGRADA FAMILIA;1989;11;120.5;bruto;Planalto
2553039;SAGRADA FAMILIA;1989;12;197.2;bruto;Planalto
2553039;SAGRADA FAMILIA;1990;1;347.2;bruto;Planalto
2553039;SAGRADA FAMILIA;1990;2;56.2;bruto;Planalto
2553039;SAGRADA FAMILIA;1990;3;62.4;bruto;Planalto
2553039;SAGRADA FAMILIA;1990;4;362.8;consistido;Planalto
2553039;SAGRADA FAMILIA;1990;5;147.0;consistido;Planalto
2553039;SAGRADA FAMILIA;1990;6;187.5;consistido;Planalto
2553039;SAGRADA FAMILIA;1990;7;295.0;bruto;Planalto
2553039;SAGRADA FAMILIA;1990;8;277.7;bruto;Planalto
2553039;SAGRADA FAMILIA;1990;9;149.8;bruto;Planalto
2553039;SAGRADA FAMILIA;1990;10;518.2;bruto;Planalto
2553039;SAGRADA FAMILIA;1990;11;352.9;bruto;Planalto
2553039;SAGRADA FAMILIA;1990;12;151.9;bruto;Planalto
2553039;SAGRADA FAMILIA;1991;1;169.9;bruto;Planalto
2553039;SAGRADA FAMILIA;1991;2;49.4;bruto;Planalto
2553039;SAGRADA FAMILIA;1991;3;48.2;bruto;Planalto
2553039;SAGRADA FAMILIA;1991;4;105.2;bruto;Planalto
2553039;SAGRADA FAMILIA;1991;5;160.1;bruto;Planalto
2553039;SAGRADA FAMILIA;1991;6;279.6;bruto;Planalto
2553039;SAGRADA FAMILIA;1991;7;14.2;bruto;Planalto
2553039;SAGRADA FAMILIA;1991;8;86.8;bruto;Planalto
2553039;SAGRADA FAMILIA;1991;9;33.6;bruto;Planalto
2553039;SAGRADA FAMILIA;1991;10;123.1;bruto;Planalto
2553039;SAGRADA FAMILIA;1991;11;108.6;bruto;Planalto
2553039;SAGRADA FAMILIA;1991;12;277.3;bruto;Planalto
2553039;SAGRADA FAMILIA;1992;1;8.4;bruto;Planalto
2553039;SAGRADA FAMILIA;1992;2;200.2;bruto;Planalto
2553039;SAGRADA FAMILIA;1992;3;213.8;bruto;Planalto
2553039;SAGRADA FAMILIA;1992;4;157.3;bruto;Planalto
2553039;SAGRADA FAMILIA;1992;5;509.9;bruto;Planalto
2553039;SAGRADA FAMILIA;1992;6;138.2;bruto;Planalto
2553039;SAGRADA FAMILIA;1992;7;108.2;bruto;Planalto
2553039;SAGRADA FAMILIA;1992;8;130.7;bruto;Planalto
2553039;SAGRADA FAMILIA;1992;9;103.2;bruto;Planalto
2553039;SAGRADA FAMILIA;1992;10;216.4;bruto;Planalto
2553039;SAGRADA FAMILIA;1992;11;178.3;bruto;Planalto
2553039;SAGRADA FAMILIA;1992;12;61.6;bruto;Planalto
2553039;SAGRADA FAMILIA;1993;1;224.4;bruto;Planalto
2553039;SAGRADA FAMILIA;1993;2;71.0;bruto;Planalto
2553039;SAGRADA FAMILIA;1993;3;136.8;bruto;Planalto
2553039;SAGRADA FAMILIA;1993;4;86.3;bruto;Planalto
2553039;SAGRADA FAMILIA;1993;5;274.1;bruto;Planalto
2553039;SAGRADA FAMILIA;1993;6;244.3;bruto;Planalto
2553039;SAGRADA FAMILIA;1993;7;205.6;bruto;Planalto
2553039;SAGRADA FAMILIA;1993;8;13.9;bruto;Planalto
2553039;SAGRADA FAMILIA;1993;9;228.6;bruto;Planalto
2553039;SAGRADA FAMILIA;1993;10;183.0;consistido;Planalto
2553039;SAGRADA FAMILIA;1993;11;105.9;bruto;Planalto
2553039;SAGRADA FAMILIA;1993;12;137.9;bruto;Planalto
2553039;SAGRADA FAMILIA;1994;1;112.2;bruto;Planalto
2553039;SAGRADA FAMILIA;1994;2;330.7;bruto;Planalto
2553039;SAGRADA FAMILIA;1994;3;44.2;bruto;Planalto
2553039;SAGRADA FAMILIA;1994;4;99.3;bruto;Planalto
2553039;SAGRADA FAMILIA;1994;5;149.1;bruto;Planalto
2553039;SAGRADA FAMILIA;1994;6;283.8;bruto;Planalto
2553039;SAGRADA FAMILIA;1994;7;93.9;bruto;Planalto
2553039;SAGRADA FAMILIA;1994;8;10.4;bruto;Planalto
2553039;SAGRADA FAMILIA;1994;9;116.9;bruto;Planalto
2553039;SAGRADA FAMILIA;1994;10;272.0;bruto;Planalto
2553039;SAGRADA FAMILIA;1994;11;228.8;bruto;Planalto
2553039;SAGRADA FAMILIA;1994;12;250.2;bruto;Planalto
2553039;SAGRADA FAMILIA;1995;1;297.8;bruto;Planalto
2553039;SAGRADA FAMILIA;1995;2;160.8;bruto;Planalto
2553039;SAGRADA FAMILIA;1995;3;248.7;bruto;Planalto
2553039;SAGRADA FAMILIA;1995;4;180.7;bruto;Planalto
2553039;SAGRADA FAMILIA;1995;5;11.6;bruto;Planalto
2553039;SAGRADA FAMILIA;1995;6;128.4;bruto;Planalto
2553039;SAGRADA FAMILIA;1995;7;104.5;bruto;Planalto
2553039;SAGRADA FAMILIA;1995;8;29.0;bruto;Planalto
2553039;SAGRADA FAMILIA;1995;9;221.3;bruto;Planalto
2553039;SAGRADA FAMILIA;1995;10;228.1;bruto;Planalto
2553039;SAGRADA FAMILIA;1995;11;45.3;bruto;Planalto
2553039;SAGRADA FAMILIA;1995;12;129.3;bruto;Planalto
2553039;SAGRADA FAMILIA;1996;1;244.0;bruto;Planalto
2553039;SAGRADA FAMILIA;1996;2;253.8;bruto;Planalto
2553039;SAGRADA FAMILIA;1996;3;124.9;bruto;Planalto
2553039;SAGRADA FAMILIA;1996;4;62.6;bruto;Planalto
2553039;SAGRADA FAMILIA;1996;5;38.2;bruto;Planalto
2553039;SAGRADA FAMILIA;1996;6;119.4;bruto;Planalto
2553039;SAGRADA FAMILIA;1996;7;70.9;bruto;Planalto
2553039;SAGRADA FAMILIA;1996;8;43.8;bruto;Planalto
2553039;SAGRADA FAMILIA;1996;9;133.5;bruto;Planalto
2553039;SAGRADA FAMILIA;1996;10;701.6;bruto;Planalto
2553039;SAGRADA FAMILIA;1996;11;171.3;bruto;Planalto
2553039;SAGRADA FAMILIA;1996;12;297.9;bruto;Planalto
2553039;SAGRADA FAMILIA;1997;1;169.8;bruto;Planalto
2553039;SAGRADA FAMILIA;1997;2;230.4;bruto;Planalto
2553039;SAGRADA FAMILIA;1997;3;21.8;bruto;Planalto
2553039;SAGRADA FAMILIA;1997;4;35.5;bruto;Planalto
2553039;SAGRADA FAMILIA;1997;5;283.1;bruto;Planalto
2553039;SAGRADA FAMILIA;1997;6;247.9;bruto;Planalto
2553039;SAGRADA FAMILIA;1997;7;79.0;bruto;Planalto
2553039;SAGRADA FAMILIA;1997;8;190.0;bruto;Planalto
2553039;SAGRADA FAMILIA;1997;9;247.6;bruto;Planalto
2553039;SAGRADA FAMILIA;1997;10;246.3;bruto;Planalto
2553039;SAGRADA FAMILIA;1997;11;285.2;bruto;Planalto
2553039;SAGRADA FAMILIA;1997;12;92.8;bruto;Planalto
2553039;SAGRADA FAMILIA;1998;1;178.8;bruto;Planalto
2553039;SAGRADA FAMILIA;1998;2;247.0;bruto;Planalto
2553039;SAGRADA FAMILIA;1998;3;255.8;bruto;Planalto
2553039;SAGRADA FAMILIA;1998;4;394.0;bruto;Planalto
2553039;SAGRADA FAMILIA;1998;5;184.9;bruto;Planalto
2553039;SAGRADA FAMILIA;1998;6;98.7;bruto;Planalto
2553039;SAGRADA FAMILIA;1998;7;65.0;bruto;Planalto
2553039;SAGRADA FAMILIA;1998;8;344.3;bruto;Planalto
2553039;SAGRADA FAMILIA;1998;9;314.1;bruto;Planalto
2553039;SAGRADA FAMILIA;1998;10;300.7;bruto;Planalto
2553039;SAGRADA FAMILIA;1998;11;56.3;bruto;Planalto
2553039;SAGRADA FAMILIA;1998;12;131.8;bruto;Planalto
2553039;SAGRADA FAMILIA;1999;1;245.0;bruto;Planalto
2553039;SAGRADA FAMILIA;1999;2;259.6;bruto;Planalto
2553039;SAGRADA FAMILIA;1999;3;76.8;bruto;Planalto
2553039;SAGRADA FAMILIA;1999;4;176.3;bruto;Planalto
2553039;SAGRADA FAMILIA;1999;5;93.1;bruto;Planalto
2553039;SAGRADA FAMILIA;1999;6;204.4;bruto;Planalto
2553039;SAGRADA FAMILIA;1999;7;138.0;bruto;Planalto
2553039;SAGRADA FAMILIA;1999;8;3.9;bruto;Planalto
2553039;SAGRADA FAMILIA;1999;9;77.3;bruto;Planalto
2553039;SAGRADA FAMILIA;1999;10;43.9;bruto;Planalto
2553039;SAGRADA FAMILIA;1999;11;40.2;bruto;Planalto
2553039;SAGRADA FAMILIA;1999;12;260.6;bruto;Planalto
2553039;SAGRADA FAMILIA;2000;1;185.5;bruto;Planalto
2553039;SAGRADA FAMILIA;2000;2;262.0;bruto;Planalto
2553039;SAGRADA FAMILIA;2000;3;134.7;bruto;Planalto
2553039;SAGRADA FAMILIA;2000;4;150.2;bruto;Planalto
2553039;SAGRADA FAMILIA;2000;5;147.2;bruto;Planalto
2553039;SAGRADA FAMILIA;2000;6;116.9;bruto;Planalto
2553039;SAGRADA FAMILIA;2000;7;120.4;bruto;Planalto
2553039;SAGRADA FAMILIA;2000;8;93.3;bruto;Planalto
2553039;SAGRADA FAMILIA;2000;9;172.0;bruto;Planalto
2553039;SAGRADA FAMILIA;2000;10;355.1;bruto;Planalto
2553039;SAGRADA FAMILIA;2000;11;139.6;bruto;Planalto
2553039;SAGRADA FAMILIA;2000;12;89.0;bruto;Planalto
2553039;SAGRADA FAMILIA;2001;1;244.5;bruto;Planalto
2553039;SAGRADA FAMILIA;2001;2;237.1;bruto;Planalto
2553039;SAGRADA FAMILIA;2001;3;155.6;bruto;Planalto
2553039;SAGRADA FAMILIA;2001;4;208.0;bruto;Planalto
2553039;SAGRADA FAMILIA;2001;5;96.6;bruto;Planalto
2553039;SAGRADA FAMILIA;2001;6;114.8;bruto;Planalto
2553039;SAGRADA FAMILIA;2001;7;141.9;bruto;Planalto
2553039;SAGRADA FAMILIA;2001;8;43.9;bruto;Planalto
2553039;SAGRADA FAMILIA;2001;9;95.8;bruto;Planalto
2553039;SAGRADA FAMILIA;2001;10;134.6;bruto;Planalto
2553039;SAGRADA FAMILIA;2001;11;165.0;bruto;Planalto
2553039;SAGRADA FAMILIA;2001;12;62.6;bruto;Planalto
2553039;SAGRADA FAMILIA;2002;1;164.1;bruto;Planalto
2553039;SAGRADA FAMILIA;2002;2;84.3;bruto;Planalto
2553039;SAGRADA FAMILIA;2002;3;34.1;bruto;Planalto
2553039;SAGRADA FAMILIA;2002;4;12.1;bruto;Planalto
2553039;SAGRADA FAMILIA;2002;5;258.3;bruto;Planalto
2553039;SAGRADA FAMILIA;2002;6;44.7;bruto;Planalto
2553039;SAGRADA FAMILIA;2002;7;102.0;bruto;Planalto
2553039;SAGRADA FAMILIA;2002;8;147.8;bruto;Planalto
2553039;SAGRADA FAMILIA;2002;9;150.9;bruto;Planalto
2553039;SAGRADA FAMILIA;2002;10;445.1;bruto;Planalto
2553039;SAGRADA FAMILIA;2002;11;234.4;bruto;Planalto
2553039;SAGRADA FAMILIA;2002;12;103.6;bruto;Planalto
2553039;SAGRADA FAMILIA;2003;1;166.8;bruto;Planalto
2553039;SAGRADA FAMILIA;2003;2;269.7;bruto;Planalto
2553039;SAGRADA FAMILIA;2003;3;123.6;bruto;Planalto
2553039;SAGRADA FAMILIA;2003;4;96.1;bruto;Planalto
2553039;SAGRADA FAMILIA;2003;5;61.5;bruto;Planalto
2553039;SAGRADA FAMILIA;2003;6;95.7;bruto;Planalto
2553039;SAGRADA FAMILIA;2003;7;65.4;bruto;Planalto
2553039;SAGRADA FAMILIA;2003;8;29.4;bruto;Planalto
2553039;SAGRADA FAMILIA;2003;9;192.9;bruto;Planalto
2553039;SAGRADA FAMILIA;2003;10;193.5;bruto;Planalto
2553039;SAGRADA FAMILIA;2003;11;211.2;bruto;Planalto
2553039;SAGRADA FAMILIA;2003;12;306.0;bruto;Planalto
2553039;SAGRADA FAMILIA;2004;1;135.4;bruto;Planalto
2553039;SAGRADA FAMILIA;2004;2;37.5;bruto;Planalto
2553039;SAGRADA FAMILIA;2004;3;35.6;bruto;Planalto
2553039;SAGRADA FAMILIA;2004;4;112.2;bruto;Planalto
2553039;SAGRADA FAMILIA;2004;5;374.1;bruto;Planalto
2553039;SAGRADA FAMILIA;2004;6;87.7;bruto;Planalto
2553039;SAGRADA FAMILIA;2004;7;136.1;bruto;Planalto
2553039;SAGRADA FAMILIA;2004;8;20.5;bruto;Planalto
2553039;SAGRADA FAMILIA;2004;9;56.3;bruto;Planalto
2553039;SAGRADA FAMILIA;2004;10;349.6;bruto;Planalto
2553039;SAGRADA FAMILIA;2004;11;206.8;bruto;Planalto
2553039;SAGRADA FAMILIA;2004;12;60.0;bruto;Planalto
2553039;SAGRADA FAMILIA;2005;1;203.9;bruto;Planalto
2553039;SAGRADA FAMILIA;2005;2;0.4;bruto;Planalto
2553039;SAGRADA FAMILIA;2005;3;40.2;bruto;Planalto
2553039;SAGRADA FAMILIA;2005;4;140.5;bruto;Planalto
2553039;SAGRADA FAMILIA;2005;5;321.4;bruto;Planalto
2553039;SAGRADA FAMILIA;2005;6;243.9;bruto;Planalto
2553039;SAGRADA FAMILIA;2005;7;101.5;bruto;Planalto
2553039;SAGRADA FAMILIA;2005;8;90.8;bruto;Planalto
2553039;SAGRADA FAMILIA;2005;9;241.2;bruto;Planalto
2553039;SAGRADA FAMILIA;2005;10;447.6;bruto;Planalto
2553039;SAGRADA FAMILIA;2005;11;54.6;bruto;Planalto
2553039;SAGRADA FAMILIA;2005;12;26.4;bruto;Planalto
2553039;SAGRADA FAMILIA;2006;1;171.8;bruto;Planalto
2553039;SAGRADA FAMILIA;2006;2;29.6;bruto;Planalto
2553039;SAGRADA FAMILIA;2006;3;153.4;bruto;Planalto
2553039;SAGRADA FAMILIA;2006;4;96.1;bruto;Planalto
2553039;SAGRADA FAMILIA;2006;5;0.0;bruto;Planalto
2553039;SAGRADA FAMILIA;2006;6;58.9;bruto;Planalto
2553039;SAGRADA FAMILIA;2006;7;21.0;bruto;Planalto
2553039;SAGRADA FAMILIA;2006;8;91.7;bruto;Planalto
2553039;SAGRADA FAMILIA;2006;9;151.2;bruto;Planalto
2553039;SAGRADA FAMILIA;2006;10;158.2;bruto;Planalto
2553039;SAGRADA FAMILIA;2006;11;176.5;bruto;Planalto
2553039;SAGRADA FAMILIA;2006;12;219.1;bruto;Planalto
2553039;SAGRADA FAMILIA;2007;1;164.3;bruto;Planalto
2553039;SAGRADA FAMILIA;2007;2;144.4;bruto;Planalto
2553039;SAGRADA FAMILIA;2007;3;98.3;bruto;Planalto
2553039;SAGRADA FAMILIA;2007;4;239.0;bruto;Planalto
2553039;SAGRADA FAMILIA;2007;5;221.2;bruto;Planalto
2553039;SAGRADA FAMILIA;2007;6;3.9;bruto;Planalto
2553039;SAGRADA FAMILIA;2007;7;104.8;bruto;Planalto
2553039;SAGRADA FAMILIA;2007;8;28.6;bruto;Planalto
2553039;SAGRADA FAMILIA;2007;9;22.0;bruto;Planalto
2553039;SAGRADA FAMILIA;2007;10;88.5;bruto;Planalto
2553039;SAGRADA FAMILIA;2007;11;230.1;bruto;Planalto
2553039;SAGRADA FAMILIA;2007;12;104.4;bruto;Planalto
2553039;SAGRADA FAMILIA;2008;1;66.4;bruto;Planalto
2553039;SAGRADA FAMILIA;2008;2;54.6;bruto;Planalto
2553039;SAGRADA FAMILIA;2008;3;22.3;bruto;Planalto
2553039;SAGRADA FAMILIA;2008;4;175.0;bruto;Planalto
2553039;SAGRADA FAMILIA;2008;5;37.7;bruto;Planalto
2553039;SAGRADA FAMILIA;2008;6;150.9;bruto;Planalto
2553039;SAGRADA FAMILIA;2008;7;50.1;bruto;Planalto
2553039;SAGRADA FAMILIA;2008;8;165.4;bruto;Planalto
2553039;SAGRADA FAMILIA;2008;9;113.6;bruto;Planalto
2553039;SAGRADA FAMILIA;2008;10;321.5;bruto;Planalto
2553039;SAGRADA FAMILIA;2008;11;112.7;bruto;Planalto
2553039;SAGRADA FAMILIA;2008;12;41.3;bruto;Planalto
2553039;SAGRADA FAMILIA;2009;1;180.1;bruto;Planalto
2553039;SAGRADA FAMILIA;2009;2;138.2;bruto;Planalto
2553039;SAGRADA FAMILIA;2009;3;25.8;bruto;Planalto
2553039;SAGRADA FAMILIA;2009;4;57.0;bruto;Planalto
2553039;SAGRADA FAMILIA;2009;5;284.3;bruto;Planalto
2553039;SAGRADA FAMILIA;2009;6;150.2;bruto;Planalto
2553039;SAGRADA FAMILIA;2009;7;140.0;bruto;Planalto
2553039;SAGRADA FAMILIA;2009;8;253.7;bruto;Planalto
2553039;SAGRADA FAMILIA;2009;9;141.6;bruto;Planalto
2553039;SAGRADA FAMILIA;2009;10;225.9;bruto;Planalto
2553039;SAGRADA FAMILIA;2009;11;172.7;bruto;Planalto
2553039;SAGRADA FAMILIA;2009;12;174.7;bruto;Planalto
2553039;SAGRADA FAMILIA;2010;1;183.4;bruto;Planalto
2553039;SAGRADA FAMILIA;2010;2;137.5;bruto;Planalto
2553039;SAGRADA FAMILIA;2010;3;272.2;bruto;Planalto
2553039;SAGRADA FAMILIA;2010;4;273.0;bruto;Planalto
2553039;SAGRADA FAMILIA;2010;5;180.3;bruto;Planalto
2553039;SAGRADA FAMILIA;2010;6;48.4;bruto;Planalto
2553039;SAGRADA FAMILIA;2010;7;84.5;bruto;Planalto
2553039;SAGRADA FAMILIA;2010;8;24.8;bruto;Planalto
2553039;SAGRADA FAMILIA;2010;9;53.0;bruto;Planalto
2553039;SAGRADA FAMILIA;2010;10;219.2;bruto;Planalto
2553039;SAGRADA FAMILIA;2010;11;64.2;bruto;Planalto
2553039;SAGRADA FAMILIA;2010;12;392.0;bruto;Planalto
2553039;SAGRADA FAMILIA;2011;1;228.4;bruto;Planalto
2553039;SAGRADA FAMILIA;2011;2;175.1;bruto;Planalto
2553039;SAGRADA FAMILIA;2011;3;217.9;bruto;Planalto
2553039;SAGRADA FAMILIA;2011;4;103.4;bruto;Planalto
2553039;SAGRADA FAMILIA;2011;5;12.8;bruto;Planalto
2553039;SAGRADA FAMILIA;2011;6;105.3;bruto;Planalto
2553039;SAGRADA FAMILIA;2011;7;239.0;bruto;Planalto
2553039;SAGRADA FAMILIA;2011;8;291.3;bruto;Planalto
2553039;SAGRADA FAMILIA;2011;9;154.8;bruto;Planalto
2553039;SAGRADA FAMILIA;2011;10;140.1;bruto;Planalto
2553039;SAGRADA FAMILIA;2011;11;113.7;bruto;Planalto
2553039;SAGRADA FAMILIA;2011;12;12.6;bruto;Planalto
2553039;SAGRADA FAMILIA;2012;1;166.7;bruto;Planalto
2553039;SAGRADA FAMILIA;2012;2;129.8;bruto;Planalto
2553039;SAGRADA FAMILIA;2012;3;51.8;bruto;Planalto
2553039;SAGRADA FAMILIA;2012;4;287.1;bruto;Planalto
2553039;SAGRADA FAMILIA;2012;5;57.8;bruto;Planalto
2553039;SAGRADA FAMILIA;2012;6;192.2;bruto;Planalto
2553039;SAGRADA FAMILIA;2012;7;107.3;bruto;Planalto
2553039;SAGRADA FAMILIA;2012;8;0.0;bruto;Planalto
2553039;SAGRADA FAMILIA;2012;9;73.7;bruto;Planalto
2553039;SAGRADA FAMILIA;2012;10;334.5;bruto;Planalto
2553039;SAGRADA FAMILIA;2012;11;72.5;bruto;Planalto
2553039;SAGRADA FAMILIA;2012;12;247.9;bruto;Planalto
2553039;SAGRADA FAMILIA;2013;1;168.4;bruto;Planalto
2553039;SAGRADA FAMILIA;2013;2;229.2;bruto;Planalto
2553039;SAGRADA FAMILIA;2013;3;404.4;bruto;Planalto
2553039;SAGRADA FAMILIA;2013;4;106.5;bruto;Planalto
2553039;SAGRADA FAMILIA;2013;5;159.2;bruto;Planalto
2553039;SAGRADA FAMILIA;2013;6;507.7;bruto;Planalto
2553039;SAGRADA FAMILIA;2013;7;56.6;bruto;Planalto
2553039;SAGRADA FAMILIA;2013;8;97.7;bruto;Planalto
2553039;SAGRADA FAMILIA;2013;9;209.6;bruto;Planalto
2553039;SAGRADA FAMILIA;2013;10;118.5;bruto;Planalto
2553039;SAGRADA FAMILIA;2013;11;166.4;bruto;Planalto
2553039;SAGRADA FAMILIA;2013;12;113.4;bruto;Planalto
2553039;SAGRADA FAMILIA;2014;1;179.1;bruto;Planalto
2553039;SAGRADA FAMILIA;2014;2;74.7;bruto;Planalto
2553039;SAGRADA FAMILIA;2014;3;282.0;bruto;Planalto
2553039;SAGRADA FAMILIA;2014;4;201.1;bruto;Planalto
2553039;SAGRADA FAMILIA;2014;5;239.0;bruto;Planalto
2553039;SAGRADA FAMILIA;2014;6;461.2;bruto;Planalto
2553039;SAGRADA FAMILIA;2014;7;184.3;bruto;Planalto
2553039;SAGRADA FAMILIA;2014;8;27.3;bruto;Planalto
2553039;SAGRADA FAMILIA;2014;9;276.9;bruto;Planalto
2553039;SAGRADA FAMILIA;2014;10;120.0;bruto;Planalto
2553039;SAGRADA FAMILIA;2014;11;191.2;bruto;Planalto
2553039;SAGRADA FAMILIA;2014;12;139.6;bruto;Planalto
2553039;SAGRADA FAMILIA;2015;1;204.3;bruto;Planalto
2553039;SAGRADA FAMILIA;2015;2;115.4;bruto;Planalto
2553039;SAGRADA FAMILIA;2015;3;198.1;bruto;Planalto
2553039;SAGRADA FAMILIA;2015;4;109.8;bruto;Planalto
2553039;SAGRADA FAMILIA;2015;5;135.8;bruto;Planalto
2553039;SAGRADA FAMILIA;2015;6;124.5;bruto;Planalto
2553039;SAGRADA FAMILIA;2015;7;334.7;bruto;Planalto
2553039;SAGRADA FAMILIA;2015;8;43.2;bruto;Planalto
2553039;SAGRADA FAMILIA;2015;9;184.3;bruto;Planalto
2553039;SAGRADA FAMILIA;2015;10;102.0;bruto;Planalto
2553039;SAGRADA FAMILIA;2015;11;290.8;bruto;Planalto
2553039;SAGRADA FAMILIA;2015;12;440.6;bruto;Planalto
2553039;SAGRADA FAMILIA;2016;1;187.2;bruto;Planalto
2553039;SAGRADA FAMILIA;2016;2;293.4;bruto;Planalto
2553039;SAGRADA FAMILIA;2016;3;173.6;bruto;Planalto
2553039;SAGRADA FAMILIA;2016;4;95.8;bruto;Planalto
2553039;SAGRADA FAMILIA;2016;5;205.1;bruto;Planalto
2553039;SAGRADA FAMILIA;2016;6;39.6;bruto;Planalto
2553039;SAGRADA FAMILIA;2016;7;70.8;bruto;Planalto
2553039;SAGRADA FAMILIA;2016;8;164.7;bruto;Planalto
2553039;SAGRADA FAMILIA;2016;9;43.2;bruto;Planalto
2553039;SAGRADA FAMILIA;2016;10;294.0;bruto;Planalto
2553039;SAGRADA FAMILIA;2016;11;93.6;bruto;Planalto
2553039;SAGRADA FAMILIA;2016;12;259.3;bruto;Planalto
2553039;SAGRADA FAMILIA;2017;1;144.3;bruto;Planalto
2553039;SAGRADA FAMILIA;2017;2;224.2;bruto;Planalto
2553039;SAGRADA FAMILIA;2017;3;94.6;bruto;Planalto
2553039;SAGRADA FAMILIA;2017;4;140.3;bruto;Planalto
2553039;SAGRADA FAMILIA;2017;5;266.3;bruto;Planalto
2553039;SAGRADA FAMILIA;2017;6;214.5;bruto;Planalto
2553039;SAGRADA FAMILIA;2017;7;7.7;bruto;Planalto
2553039;SAGRADA FAMILIA;2017;8;118.4;bruto;Planalto
2553039;SAGRADA FAMILIA;2017;9;46.4;bruto;Planalto
2553039;SAGRADA FAMILIA;2017;10;426.5;bruto;Planalto
2553039;SAGRADA FAMILIA;2017;11;234.9;bruto;Planalto
2553039;SAGRADA FAMILIA;2017;12;112.1;bruto;Planalto
2553039;SAGRADA FAMILIA;2018;1;304.7;bruto;Planalto
2553039;SAGRADA FAMILIA;2018;2;189.3;bruto;Planalto
2553039;SAGRADA FAMILIA;2018;3;356.0;bruto;Planalto
2553039;SAGRADA FAMILIA;2018;4;25.8;bruto;Planalto
2553039;SAGRADA FAMILIA;2018;5;84.3;bruto;Planalto
2553039;SAGRADA FAMILIA;2018;6;100.9;bruto;Planalto
2553039;SAGRADA FAMILIA;2018;7;22.6;bruto;Planalto
2553039;SAGRADA FAMILIA;2018;8;66.8;bruto;Planalto
2553039;SAGRADA FAMILIA;2018;9;303.7;bruto;Planalto
2553039;SAGRADA FAMILIA;2018;10;270.8;bruto;Planalto
2553039;SAGRADA FAMILIA;2018;11;180.2;bruto;Planalto
2553039;SAGRADA FAMILIA;2018;12;44.2;bruto;Planalto
2553039;SAGRADA FAMILIA;2019;1;116.3;bruto;Planalto
2553039;SAGRADA FAMILIA;2019;2;197.3;bruto;Planalto
2553039;SAGRADA FAMILIA;2019;3;182.6;bruto;Planalto
2553039;SAGRADA FAMILIA;2019;4;285.7;bruto;Planalto
2553039;SAGRADA FAMILIA;2019;5;435.1;bruto;Planalto
2553039;SAGRADA FAMILIA;2019;6;38.9;bruto;Planalto
2553039;SAGRADA FAMILIA;2019;7;28.3;bruto;Planalto
2553039;SAGRADA FAMILIA;2019;8;0.0;bruto;Planalto
2553039;SAGRADA FAMILIA;2019;9;73.5;bruto;Planalto
2553039;SAGRADA FAMILIA;2019;10;91.4;bruto;Planalto
2553039;SAGRADA FAMILIA;2019;11;66.8;bruto;Planalto
2553039;SAGRADA FAMILIA;2019;12;220.3;bruto;Planalto
2553039;SAGRADA FAMILIA;2020;1;122.1;bruto;Planalto
2553039;SAGRADA FAMILIA;2020;2;156.0;bruto;Planalto
2553039;SAGRADA FAMILIA;2020;3;77.2;bruto;Planalto
2553039;SAGRADA FAMILIA;2020;4;47.0;bruto;Planalto
2553039;SAGRADA FAMILIA;2020;5;288.5;bruto;Planalto
2553039;SAGRADA FAMILIA;2020;6;123.7;bruto;Planalto
2553039;SAGRADA FAMILIA;2020;7;77.7;bruto;Planalto
2553039;SAGRADA FAMILIA;2020;8;176.7;bruto;Planalto
2553039;SAGRADA FAMILIA;2020;9;33.1;bruto;Planalto
2553039;SAGRADA FAMILIA;2020;10;54.5;bruto;Planalto
2553039;SAGRADA FAMILIA;2020;11;53.5;bruto;Planalto
2553039;SAGRADA FAMILIA;2020;12;229.6;bruto;Planalto
2553039;SAGRADA FAMILIA;2021;1;521.0;bruto;Planalto
2553039;SAGRADA FAMILIA;2021;2;108.1;bruto;Planalto
2553039;SAGRADA FAMILIA;2021;3;30.7;bruto;Planalto
2553039;SAGRADA FAMILIA;2021;4;15.2;bruto;Planalto
2553039;SAGRADA FAMILIA;2021;5;35.6;bruto;Planalto
2553039;SAGRADA FAMILIA;2021;6;136.2;bruto;Planalto
2553039;SAGRADA FAMILIA;2021;7;46.2;bruto;Planalto
2553039;SAGRADA FAMILIA;2021;8;46.1;bruto;Planalto
2553039;SAGRADA FAMILIA;2021;9;77.0;bruto;Planalto
2553039;SAGRADA FAMILIA;2021;10;354.9;bruto;Planalto
2553039;SAGRADA FAMILIA;2021;11;30.1;bruto;Planalto
2553039;SAGRADA FAMILIA;2021;12;0.0;bruto;Planalto
2553039;SAGRADA FAMILIA;2022;1;112.3;bruto;Planalto
2553039;SAGRADA FAMILIA;2022;2;140.6;bruto;Planalto
2553039;SAGRADA FAMILIA;2022;3;273.4;bruto;Planalto
2553039;SAGRADA FAMILIA;2022;4;264.5;bruto;Planalto
2553039;SAGRADA FAMILIA;2022;5;215.2;bruto;Planalto
2553039;SAGRADA FAMILIA;2022;6;97.1;bruto;Planalto
2553039;SAGRADA FAMILIA;2022;7;61.3;bruto;Planalto
2553039;SAGRADA FAMILIA;2022;8;152.7;bruto;Planalto
2553039;SAGRADA FAMILIA;2022;9;216.3;bruto;Planalto
2553039;SAGRADA FAMILIA;2022;10;422.5;bruto;Planalto
2553039;SAGRADA FAMILIA;2022;11;84.6;bruto;Planalto
2553039;SAGRADA FAMILIA;2022;12;28.4;bruto;Planalto
2553039;SAGRADA FAMILIA;2023;1;182.1;bruto;Planalto
2553039;SAGRADA FAMILIA;2023;2;315.6;bruto;Planalto
2553039;SAGRADA FAMILIA;2023;3;121.2;bruto;Planalto
2553039;SAGRADA FAMILIA;2023;4;175.1;bruto;Planalto
2553039;SAGRADA FAMILIA;2023;5;117.3;bruto;Planalto
2553039;SAGRADA FAMILIA;2023;6;136.9;bruto;Planalto
2553039;SAGRADA FAMILIA;2023;7;114.8;bruto;Planalto
2553039;SAGRADA FAMILIA;2023;8;59.4;bruto;Planalto
2553039;SAGRADA FAMILIA;2023;9;176.3;bruto;Planalto
2553039;SAGRADA FAMILIA;2023;10;431.6;bruto;Planalto
2553039;SAGRADA FAMILIA;2023;11;346.6;bruto;Planalto
2553039;SAGRADA FAMILIA;2023;12;245.6;bruto;Planalto
2553039;SAGRADA FAMILIA;2024;1;165.5;bruto;Planalto
2553039;SAGRADA FAMILIA;2024;2;176.5;bruto;Planalto
2553039;SAGRADA FAMILIA;2024;3;76.7;bruto;Planalto
2553039;SAGRADA FAMILIA;2024;4;283.1;bruto;Planalto
2553039;SAGRADA FAMILIA;2024;5;277.6;bruto;Planalto
2553039;SAGRADA FAMILIA;2024;6;145.8;bruto;Planalto
2553039;SAGRADA FAMILIA;2024;7;179.8;bruto;Planalto
2553039;SAGRADA FAMILIA;2024;8;40.6;bruto;Planalto
2553039;SAGRADA FAMILIA;2024;9;90.4;bruto;Planalto
2553039;SAGRADA FAMILIA;2024;10;145.2;bruto;Planalto
2553039;SAGRADA FAMILIA;2024;11;116.6;bruto;Planalto
2553039;SAGRADA FAMILIA;2024;12;254.1;bruto;Planalto
2553039;SAGRADA FAMILIA;2025;1;85.4;bruto;Planalto
2553039;SAGRADA FAMILIA;2025;2;151.0;bruto;Planalto
2553039;SAGRADA FAMILIA;2025;3;62.1;bruto;Planalto
2553039;SAGRADA FAMILIA;2025;4;94.3;bruto;Planalto
2553039;SAGRADA FAMILIA;2025;5;84.7;bruto;Planalto
2553039;SAGRADA FAMILIA;2025;6;347.5;bruto;Planalto
2553039;SAGRADA FAMILIA;2025;7;71.9;bruto;Planalto
2553039;SAGRADA FAMILIA;2025;8;126.4;bruto;Planalto
2553039;SAGRADA FAMILIA;2025;9;139.9;bruto;Planalto
2553039;SAGRADA FAMILIA;2025;10;259.0;bruto;Planalto
2553039;SAGRADA FAMILIA;2025;11;224.3;bruto;Planalto
2553039;SAGRADA FAMILIA;2025;12;225.2;bruto;Planalto
2553047;ALTO UNIÃO;1986;1;78.6;bruto;Santa Isabel do Oeste
2553047;ALTO UNIÃO;1986;2;170.1;bruto;Santa Isabel do Oeste
2553047;ALTO UNIÃO;1986;3;75.6;bruto;Santa Isabel do Oeste
2553047;ALTO UNIÃO;1986;4;238.7;bruto;Santa Isabel do Oeste
2553047;ALTO UNIÃO;1986;5;288.6;bruto;Santa Isabel do Oeste
2553047;ALTO UNIÃO;1986;6;70.3;bruto;Santa Isabel do Oeste
2553047;ALTO UNIÃO;1986;7;114.8;bruto;Santa Isabel do Oeste
2553047;ALTO UNIÃO;1986;8;200.1;bruto;Santa Isabel do Oeste
2553047;ALTO UNIÃO;1986;9;164.2;bruto;Santa Isabel do Oeste
2553047;ALTO UNIÃO;1986;10;205.7;bruto;Santa Isabel do Oeste
2553047;ALTO UNIÃO;1986;11;117.5;bruto;Santa Isabel do Oeste
2553047;ALTO UNIÃO;1986;12;207.9;bruto;Santa Isabel do Oeste
2553047;ALTO UNIÃO;1987;1;218.3;bruto;Santa Isabel do Oeste
2553047;ALTO UNIÃO;1987;2;361.3;bruto;Santa Isabel do Oeste
2553047;ALTO UNIÃO;1987;3;65.9;bruto;Santa Isabel do Oeste
2553047;ALTO UNIÃO;1987;4;225.8;bruto;Santa Isabel do Oeste
2553047;ALTO UNIÃO;1987;5;474.2;bruto;Santa Isabel do Oeste
2553047;ALTO UNIÃO;1987;6;132.7;bruto;Santa Isabel do Oeste
2553047;ALTO UNIÃO;1987;7;218.6;bruto;Santa Isabel do Oeste
2553047;ALTO UNIÃO;1987;8;95.2;bruto;Santa Isabel do Oeste
2553047;ALTO UNIÃO;1987;9;16.6;bruto;Santa Isabel do Oeste
2553047;ALTO UNIÃO;1987;10;268.5;bruto;Santa Isabel do Oeste
2553047;ALTO UNIÃO;1987;11;440.0;bruto;Santa Isabel do Oeste
2553047;ALTO UNIÃO;1987;12;215.6;bruto;Santa Isabel do Oeste
2553047;ALTO UNIÃO;1988;1;230.7;bruto;Santa Isabel do Oeste
2553047;ALTO UNIÃO;1988;2;499.6;bruto;Santa Isabel do Oeste
2553047;ALTO UNIÃO;1988;3;51.8;bruto;Santa Isabel do Oeste
2553047;ALTO UNIÃO;1988;4;476.4;bruto;Santa Isabel do Oeste
2553047;ALTO UNIÃO;1988;5;643.7;bruto;Santa Isabel do Oeste
2553047;ALTO UNIÃO;1988;6;307.2;bruto;Santa Isabel do Oeste
2553047;ALTO UNIÃO;1988;7;14.6;bruto;Santa Isabel do Oeste
2553047;ALTO UNIÃO;1988;8;5.2;bruto;Santa Isabel do Oeste
2553047;ALTO UNIÃO;1988;9;41.6;bruto;Santa Isabel do Oeste
2553047;ALTO UNIÃO;1988;10;116.7;bruto;Santa Isabel do Oeste
2553047;ALTO UNIÃO;1988;11;80.8;bruto;Santa Isabel do Oeste
2553047;ALTO UNIÃO;1988;12;149.5;bruto;Santa Isabel do Oeste
2553047;ALTO UNIÃO;1989;1;301.7;bruto;Santa Isabel do Oeste
2553047;ALTO UNIÃO;1989;2;157.0;bruto;Santa Isabel do Oeste
2553047;ALTO UNIÃO;1989;3;46.0;bruto;Santa Isabel do Oeste
2553047;ALTO UNIÃO;1989;4;98.1;bruto;Santa Isabel do Oeste
2553047;ALTO UNIÃO;1989;5;77.2;bruto;Santa Isabel do Oeste
2553047;ALTO UNIÃO;1989;6;71.4;bruto;Santa Isabel do Oeste
2553047;ALTO UNIÃO;1989;7;180.4;bruto;Santa Isabel do Oeste
2553047;ALTO UNIÃO;1989;8;269.2;bruto;Santa Isabel do Oeste
2553047;ALTO UNIÃO;1989;9;233.4;bruto;Santa Isabel do Oeste
2553047;ALTO UNIÃO;1989;10;132.4;bruto;Santa Isabel do Oeste
2553047;ALTO UNIÃO;1989;11;80.7;bruto;Santa Isabel do Oeste
2553047;ALTO UNIÃO;1989;12;216.9;bruto;Santa Isabel do Oeste
2553047;ALTO UNIÃO;1990;1;382.4;bruto;Santa Isabel do Oeste
2553047;ALTO UNIÃO;1990;2;77.8;bruto;Santa Isabel do Oeste
2553047;ALTO UNIÃO;1990;3;70.3;bruto;Santa Isabel do Oeste
2553047;ALTO UNIÃO;1990;4;299.1;bruto;Santa Isabel do Oeste
2553047;ALTO UNIÃO;1990;5;89.2;bruto;Santa Isabel do Oeste
2553047;ALTO UNIÃO;1990;6;178.2;bruto;Santa Isabel do Oeste
2553047;ALTO UNIÃO;1990;7;166.4;bruto;Santa Isabel do Oeste
2553047;ALTO UNIÃO;1990;8;299.5;bruto;Santa Isabel do Oeste
2553047;ALTO UNIÃO;1990;9;159.6;bruto;Santa Isabel do Oeste
2553047;ALTO UNIÃO;1990;10;37.8;bruto;Santa Isabel do Oeste
2553047;ALTO UNIÃO;1990;11;188.3;bruto;Santa Isabel do Oeste
2553047;ALTO UNIÃO;1990;12;175.1;bruto;Santa Isabel do Oeste
2553047;ALTO UNIÃO;1991;1;131.9;bruto;Santa Isabel do Oeste
2553047;ALTO UNIÃO;1991;2;53.5;bruto;Santa Isabel do Oeste
2553047;ALTO UNIÃO;1991;3;46.0;bruto;Santa Isabel do Oeste
2553047;ALTO UNIÃO;1991;4;83.9;bruto;Santa Isabel do Oeste
2553047;ALTO UNIÃO;1991;5;7.4;bruto;Santa Isabel do Oeste
2553047;ALTO UNIÃO;1991;6;344.3;consistido;Santa Isabel do Oeste
2553047;ALTO UNIÃO;1991;7;96.3;bruto;Santa Isabel do Oeste
2553047;ALTO UNIÃO;1991;8;32.1;bruto;Santa Isabel do Oeste
2553047;ALTO UNIÃO;1991;9;71.9;bruto;Santa Isabel do Oeste
2553047;ALTO UNIÃO;1991;10;88.6;bruto;Santa Isabel do Oeste
2553047;ALTO UNIÃO;1991;11;21.4;bruto;Santa Isabel do Oeste
2553047;ALTO UNIÃO;1991;12;229.4;bruto;Santa Isabel do Oeste
2553047;ALTO UNIÃO;1992;1;7.1;bruto;Santa Isabel do Oeste
2553047;ALTO UNIÃO;1992;2;148.2;bruto;Santa Isabel do Oeste
2553047;ALTO UNIÃO;1992;3;182.5;bruto;Santa Isabel do Oeste
2553047;ALTO UNIÃO;1992;4;147.6;bruto;Santa Isabel do Oeste
2553047;ALTO UNIÃO;1992;5;498.0;bruto;Santa Isabel do Oeste
2553047;ALTO UNIÃO;1992;6;142.5;bruto;Santa Isabel do Oeste
2553047;ALTO UNIÃO;1992;7;142.3;bruto;Santa Isabel do Oeste
2553047;ALTO UNIÃO;1992;8;161.2;bruto;Santa Isabel do Oeste
2553047;ALTO UNIÃO;1992;9;98.4;bruto;Santa Isabel do Oeste
2553047;ALTO UNIÃO;1992;10;114.5;bruto;Santa Isabel do Oeste
2553047;ALTO UNIÃO;1992;11;160.1;bruto;Santa Isabel do Oeste
2553047;ALTO UNIÃO;1992;12;47.0;bruto;Santa Isabel do Oeste
2553047;ALTO UNIÃO;1993;1;491.3;bruto;Santa Isabel do Oeste
2553047;ALTO UNIÃO;1993;2;168.8;bruto;Santa Isabel do Oeste
2553047;ALTO UNIÃO;1993;3;103.0;bruto;Santa Isabel do Oeste
2553047;ALTO UNIÃO;1993;4;53.3;bruto;Santa Isabel do Oeste
2553047;ALTO UNIÃO;1993;5;293.4;bruto;Santa Isabel do Oeste
2553047;ALTO UNIÃO;1993;6;225.7;bruto;Santa Isabel do Oeste
2553047;ALTO UNIÃO;1993;7;195.2;consistido;Santa Isabel do Oeste
2553047;ALTO UNIÃO;1993;8;17.1;bruto;Santa Isabel do Oeste
2553047;ALTO UNIÃO;1993;9;159.6;bruto;Santa Isabel do Oeste
2553047;ALTO UNIÃO;1993;10;276.1;bruto;Santa Isabel do Oeste
2553047;ALTO UNIÃO;1993;11;138.1;bruto;Santa Isabel do Oeste
2553047;ALTO UNIÃO;1993;12;88.5;bruto;Santa Isabel do Oeste
2553047;ALTO UNIÃO;1994;1;108.0;bruto;Santa Isabel do Oeste
2553047;ALTO UNIÃO;1994;2;161.8;bruto;Santa Isabel do Oeste
2553047;ALTO UNIÃO;1994;3;44.8;bruto;Santa Isabel do Oeste
2553047;ALTO UNIÃO;1994;4;100.8;bruto;Santa Isabel do Oeste
2553047;ALTO UNIÃO;1994;5;301.3;bruto;Santa Isabel do Oeste
2553047;ALTO UNIÃO;1994;6;217.7;bruto;Santa Isabel do Oeste
2553047;ALTO UNIÃO;1994;7;87.8;bruto;Santa Isabel do Oeste
2553047;ALTO UNIÃO;1994;8;7.5;consistido;Santa Isabel do Oeste
2553047;ALTO UNIÃO;1994;9;102.0;bruto;Santa Isabel do Oeste
2553047;ALTO UNIÃO;1994;10;310.7;bruto;Santa Isabel do Oeste
2553047;ALTO UNIÃO;1994;11;234.8;bruto;Santa Isabel do Oeste
2553047;ALTO UNIÃO;1994;12;217.1;bruto;Santa Isabel do Oeste
2553047;ALTO UNIÃO;1995;1;304.7;bruto;Santa Isabel do Oeste
2553047;ALTO UNIÃO;1995;2;100.0;bruto;Santa Isabel do Oeste
2553047;ALTO UNIÃO;1995;3;179.4;consistido;Santa Isabel do Oeste
2553047;ALTO UNIÃO;1995;4;91.8;bruto;Santa Isabel do Oeste
2553047;ALTO UNIÃO;1995;5;21.7;bruto;Santa Isabel do Oeste
2553047;ALTO UNIÃO;1995;6;119.5;bruto;Santa Isabel do Oeste
2553047;ALTO UNIÃO;1995;7;74.6;bruto;Santa Isabel do Oeste
2553047;ALTO UNIÃO;1995;8;3.2;bruto;Santa Isabel do Oeste
2553047;ALTO UNIÃO;1995;9;166.5;bruto;Santa Isabel do Oeste
2553047;ALTO UNIÃO;1995;10;174.5;bruto;Santa Isabel do Oeste
2553047;ALTO UNIÃO;1995;11;69.4;bruto;Santa Isabel do Oeste
2553047;ALTO UNIÃO;1995;12;86.4;bruto;Santa Isabel do Oeste
2553047;ALTO UNIÃO;1996;1;274.2;bruto;Santa Isabel do Oeste
2553047;ALTO UNIÃO;1996;2;312.2;bruto;Santa Isabel do Oeste
2553047;ALTO UNIÃO;1996;3;142.8;bruto;Santa Isabel do Oeste
2553047;ALTO UNIÃO;1996;4;110.3;bruto;Santa Isabel do Oeste
2553047;ALTO UNIÃO;1996;5;28.2;bruto;Santa Isabel do Oeste
2553047;ALTO UNIÃO;1996;6;92.8;bruto;Santa Isabel do Oeste
2553047;ALTO UNIÃO;1996;7;71.3;bruto;Santa Isabel do Oeste
2553047;ALTO UNIÃO;1996;8;78.7;bruto;Santa Isabel do Oeste
2553047;ALTO UNIÃO;1996;9;136.9;bruto;Santa Isabel do Oeste
2553047;ALTO UNIÃO;1996;10;299.2;bruto;Santa Isabel do Oeste
2553047;ALTO UNIÃO;1996;11;184.6;bruto;Santa Isabel do Oeste
2553047;ALTO UNIÃO;1996;12;142.1;bruto;Santa Isabel do Oeste
2553047;ALTO UNIÃO;1997;1;244.9;bruto;Santa Isabel do Oeste
2553047;ALTO UNIÃO;1997;2;137.4;bruto;Santa Isabel do Oeste
2553047;ALTO UNIÃO;1997;3;35.2;bruto;Santa Isabel do Oeste
2553047;ALTO UNIÃO;1997;4;12.6;bruto;Santa Isabel do Oeste
2553047;ALTO UNIÃO;1997;5;225.0;bruto;Santa Isabel do Oeste
2553047;ALTO UNIÃO;1997;6;174.4;bruto;Santa Isabel do Oeste
2553047;ALTO UNIÃO;1997;7;126.0;bruto;Santa Isabel do Oeste
2553047;ALTO UNIÃO;1997;8;100.9;bruto;Santa Isabel do Oeste
2553047;ALTO UNIÃO;1997;9;201.2;bruto;Santa Isabel do Oeste
2553047;ALTO UNIÃO;1997;10;215.3;bruto;Santa Isabel do Oeste
2553047;ALTO UNIÃO;1997;11;148.6;bruto;Santa Isabel do Oeste
2553047;ALTO UNIÃO;1997;12;142.4;bruto;Santa Isabel do Oeste
2553047;ALTO UNIÃO;1998;1;254.5;bruto;Santa Isabel do Oeste
2553047;ALTO UNIÃO;1998;2;152.1;bruto;Santa Isabel do Oeste
2553047;ALTO UNIÃO;1998;3;180.2;bruto;Santa Isabel do Oeste
2553047;ALTO UNIÃO;1998;4;421.7;bruto;Santa Isabel do Oeste
2553047;ALTO UNIÃO;1998;5;121.7;bruto;Santa Isabel do Oeste
2553047;ALTO UNIÃO;1998;6;73.9;bruto;Santa Isabel do Oeste
2553047;ALTO UNIÃO;1998;7;110.2;bruto;Santa Isabel do Oeste
2553047;ALTO UNIÃO;1998;8;348.3;bruto;Santa Isabel do Oeste
2553047;ALTO UNIÃO;1998;9;308.2;bruto;Santa Isabel do Oeste
2553047;ALTO UNIÃO;1998;10;274.7;bruto;Santa Isabel do Oeste
2553047;ALTO UNIÃO;1998;11;36.4;bruto;Santa Isabel do Oeste
2553047;ALTO UNIÃO;1998;12;117.4;bruto;Santa Isabel do Oeste
2553047;ALTO UNIÃO;1999;1;82.6;bruto;Santa Isabel do Oeste
2553047;ALTO UNIÃO;1999;2;110.0;bruto;Santa Isabel do Oeste
2553047;ALTO UNIÃO;1999;3;126.7;bruto;Santa Isabel do Oeste
2553047;ALTO UNIÃO;1999;4;159.3;bruto;Santa Isabel do Oeste
2553047;ALTO UNIÃO;1999;5;59.6;bruto;Santa Isabel do Oeste
2553047;ALTO UNIÃO;1999;6;135.7;bruto;Santa Isabel do Oeste
2553047;ALTO UNIÃO;1999;7;178.1;bruto;Santa Isabel do Oeste
2553047;ALTO UNIÃO;1999;8;24.5;bruto;Santa Isabel do Oeste
2553047;ALTO UNIÃO;1999;9;80.6;bruto;Santa Isabel do Oeste
2553047;ALTO UNIÃO;1999;10;66.4;bruto;Santa Isabel do Oeste
2553047;ALTO UNIÃO;1999;11;51.2;bruto;Santa Isabel do Oeste
2553047;ALTO UNIÃO;1999;12;201.9;bruto;Santa Isabel do Oeste
2553047;ALTO UNIÃO;2000;1;117.4;bruto;Santa Isabel do Oeste
2553047;ALTO UNIÃO;2000;2;174.4;bruto;Santa Isabel do Oeste
2553047;ALTO UNIÃO;2000;3;129.8;bruto;Santa Isabel do Oeste
2553047;ALTO UNIÃO;2000;4;124.2;bruto;Santa Isabel do Oeste
2553047;ALTO UNIÃO;2000;5;82.9;bruto;Santa Isabel do Oeste
2553047;ALTO UNIÃO;2000;6;151.6;bruto;Santa Isabel do Oeste
2553047;ALTO UNIÃO;2000;7;159.0;bruto;Santa Isabel do Oeste
2553047;ALTO UNIÃO;2000;8;109.1;bruto;Santa Isabel do Oeste
2553047;ALTO UNIÃO;2000;9;196.1;bruto;Santa Isabel do Oeste
2553047;ALTO UNIÃO;2000;10;216.1;bruto;Santa Isabel do Oeste
2553047;ALTO UNIÃO;2000;11;57.7;bruto;Santa Isabel do Oeste
2553047;ALTO UNIÃO;2000;12;85.0;bruto;Santa Isabel do Oeste
2553047;ALTO UNIÃO;2001;1;134.0;bruto;Santa Isabel do Oeste
2553047;ALTO UNIÃO;2001;2;137.9;bruto;Santa Isabel do Oeste
2553047;ALTO UNIÃO;2001;3;139.0;bruto;Santa Isabel do Oeste
2553047;ALTO UNIÃO;2001;4;126.6;bruto;Santa Isabel do Oeste
2553047;ALTO UNIÃO;2001;5;61.9;bruto;Santa Isabel do Oeste
2553047;ALTO UNIÃO;2001;6;85.3;bruto;Santa Isabel do Oeste
2553047;ALTO UNIÃO;2001;7;95.8;bruto;Santa Isabel do Oeste
2553047;ALTO UNIÃO;2001;8;39.6;bruto;Santa Isabel do Oeste
2553047;ALTO UNIÃO;2001;9;119.0;bruto;Santa Isabel do Oeste
2553047;ALTO UNIÃO;2001;10;124.9;bruto;Santa Isabel do Oeste
2553047;ALTO UNIÃO;2001;11;119.7;bruto;Santa Isabel do Oeste
2553047;ALTO UNIÃO;2001;12;108.8;bruto;Santa Isabel do Oeste
2553047;ALTO UNIÃO;2002;1;213.2;bruto;Santa Isabel do Oeste
2553047;ALTO UNIÃO;2002;2;49.3;bruto;Santa Isabel do Oeste
2553047;ALTO UNIÃO;2002;3;48.8;bruto;Santa Isabel do Oeste
2553047;ALTO UNIÃO;2002;4;32.5;bruto;Santa Isabel do Oeste
2553047;ALTO UNIÃO;2002;5;366.6;bruto;Santa Isabel do Oeste
2553047;ALTO UNIÃO;2002;6;22.4;bruto;Santa Isabel do Oeste
2553047;ALTO UNIÃO;2002;7;116.6;bruto;Santa Isabel do Oeste
2553047;ALTO UNIÃO;2002;8;102.8;bruto;Santa Isabel do Oeste
2553047;ALTO UNIÃO;2002;9;179.8;bruto;Santa Isabel do Oeste
2553047;ALTO UNIÃO;2002;10;386.6;bruto;Santa Isabel do Oeste
2553047;ALTO UNIÃO;2002;11;281.7;bruto;Santa Isabel do Oeste
2553047;ALTO UNIÃO;2002;12;103.7;bruto;Santa Isabel do Oeste
2553047;ALTO UNIÃO;2003;1;195.8;bruto;Santa Isabel do Oeste
2553047;ALTO UNIÃO;2003;2;227.9;bruto;Santa Isabel do Oeste
2553047;ALTO UNIÃO;2003;3;125.5;bruto;Santa Isabel do Oeste
2553047;ALTO UNIÃO;2003;4;72.2;bruto;Santa Isabel do Oeste
2553047;ALTO UNIÃO;2003;5;56.7;bruto;Santa Isabel do Oeste
2553047;ALTO UNIÃO;2003;6;91.5;bruto;Santa Isabel do Oeste
2553047;ALTO UNIÃO;2003;7;77.0;bruto;Santa Isabel do Oeste
2553047;ALTO UNIÃO;2003;8;27.2;bruto;Santa Isabel do Oeste
2553047;ALTO UNIÃO;2003;9;144.7;bruto;Santa Isabel do Oeste
2553047;ALTO UNIÃO;2003;10;208.9;bruto;Santa Isabel do Oeste
2553047;ALTO UNIÃO;2003;11;175.4;bruto;Santa Isabel do Oeste
2553047;ALTO UNIÃO;2003;12;405.9;bruto;Santa Isabel do Oeste
2553047;ALTO UNIÃO;2004;1;45.6;bruto;Santa Isabel do Oeste
2553047;ALTO UNIÃO;2004;2;124.6;bruto;Santa Isabel do Oeste
2553047;ALTO UNIÃO;2004;3;122.1;bruto;Santa Isabel do Oeste
2553047;ALTO UNIÃO;2004;4;111.5;bruto;Santa Isabel do Oeste
2553047;ALTO UNIÃO;2004;5;294.6;bruto;Santa Isabel do Oeste
2553047;ALTO UNIÃO;2004;6;124.1;bruto;Santa Isabel do Oeste
2553047;ALTO UNIÃO;2004;7;167.4;bruto;Santa Isabel do Oeste
2553047;ALTO UNIÃO;2004;8;27.0;bruto;Santa Isabel do Oeste
2553047;ALTO UNIÃO;2004;9;69.7;bruto;Santa Isabel do Oeste
2553047;ALTO UNIÃO;2004;10;327.3;bruto;Santa Isabel do Oeste
2553047;ALTO UNIÃO;2004;11;155.0;bruto;Santa Isabel do Oeste
2553047;ALTO UNIÃO;2004;12;43.2;bruto;Santa Isabel do Oeste
2553047;ALTO UNIÃO;2005;1;56.1;bruto;Santa Isabel do Oeste
2553047;ALTO UNIÃO;2005;2;0.1;bruto;Santa Isabel do Oeste
2553047;ALTO UNIÃO;2005;3;42.7;bruto;Santa Isabel do Oeste
2553047;ALTO UNIÃO;2005;4;119.5;bruto;Santa Isabel do Oeste
2553047;ALTO UNIÃO;2005;5;339.1;bruto;Santa Isabel do Oeste
2553047;ALTO UNIÃO;2005;6;181.0;bruto;Santa Isabel do Oeste
2553047;ALTO UNIÃO;2005;7;86.6;bruto;Santa Isabel do Oeste
2553047;ALTO UNIÃO;2005;8;119.2;bruto;Santa Isabel do Oeste
2553047;ALTO UNIÃO;2005;9;194.2;bruto;Santa Isabel do Oeste
2553047;ALTO UNIÃO;2005;10;415.0;bruto;Santa Isabel do Oeste
2553047;ALTO UNIÃO;2005;11;82.3;bruto;Santa Isabel do Oeste
2553047;ALTO UNIÃO;2005;12;33.6;bruto;Santa Isabel do Oeste
2553047;ALTO UNIÃO;2006;1;115.4;bruto;Santa Isabel do Oeste
2553047;ALTO UNIÃO;2006;2;45.2;bruto;Santa Isabel do Oeste
2553047;ALTO UNIÃO;2006;3;176.0;bruto;Santa Isabel do Oeste
2553047;ALTO UNIÃO;2006;4;80.4;bruto;Santa Isabel do Oeste
2553047;ALTO UNIÃO;2006;5;1.9;bruto;Santa Isabel do Oeste
2553047;ALTO UNIÃO;2006;6;62.5;bruto;Santa Isabel do Oeste
2553047;ALTO UNIÃO;2006;7;24.2;bruto;Santa Isabel do Oeste
2553047;ALTO UNIÃO;2006;8;85.6;bruto;Santa Isabel do Oeste
2553047;ALTO UNIÃO;2006;9;191.9;bruto;Santa Isabel do Oeste
2553047;ALTO UNIÃO;2006;10;171.9;bruto;Santa Isabel do Oeste
2553047;ALTO UNIÃO;2006;11;169.8;bruto;Santa Isabel do Oeste
2553047;ALTO UNIÃO;2006;12;235.5;bruto;Santa Isabel do Oeste
2553047;ALTO UNIÃO;2007;1;265.3;bruto;Santa Isabel do Oeste
2553047;ALTO UNIÃO;2007;2;252.9;bruto;Santa Isabel do Oeste
2553047;ALTO UNIÃO;2007;3;107.9;bruto;Santa Isabel do Oeste
2553047;ALTO UNIÃO;2007;4;310.7;bruto;Santa Isabel do Oeste
2553047;ALTO UNIÃO;2007;5;262.3;bruto;Santa Isabel do Oeste
2553047;ALTO UNIÃO;2007;6;14.4;bruto;Santa Isabel do Oeste
2553047;ALTO UNIÃO;2007;7;113.3;bruto;Santa Isabel do Oeste
2553047;ALTO UNIÃO;2007;8;17.1;bruto;Santa Isabel do Oeste
2553047;ALTO UNIÃO;2007;9;22.0;bruto;Santa Isabel do Oeste
2553047;ALTO UNIÃO;2007;10;122.3;bruto;Santa Isabel do Oeste
2553047;ALTO UNIÃO;2007;11;214.5;bruto;Santa Isabel do Oeste
2553047;ALTO UNIÃO;2007;12;160.2;bruto;Santa Isabel do Oeste
2553047;ALTO UNIÃO;2008;1;128.4;bruto;Santa Isabel do Oeste
2553047;ALTO UNIÃO;2008;2;86.4;bruto;Santa Isabel do Oeste
2553047;ALTO UNIÃO;2008;3;98.4;bruto;Santa Isabel do Oeste
2553047;ALTO UNIÃO;2008;4;186.0;bruto;Santa Isabel do Oeste
2553047;ALTO UNIÃO;2008;5;81.9;bruto;Santa Isabel do Oeste
2553047;ALTO UNIÃO;2008;6;194.7;bruto;Santa Isabel do Oeste
2553047;ALTO UNIÃO;2008;7;61.8;bruto;Santa Isabel do Oeste
2553047;ALTO UNIÃO;2008;8;140.0;bruto;Santa Isabel do Oeste
2553047;ALTO UNIÃO;2008;9;130.8;bruto;Santa Isabel do Oeste
2553047;ALTO UNIÃO;2008;10;287.2;bruto;Santa Isabel do Oeste
2553047;ALTO UNIÃO;2008;11;171.6;bruto;Santa Isabel do Oeste
2553047;ALTO UNIÃO;2008;12;28.2;bruto;Santa Isabel do Oeste
2553047;ALTO UNIÃO;2009;1;177.8;bruto;Santa Isabel do Oeste
2553047;ALTO UNIÃO;2009;2;115.2;bruto;Santa Isabel do Oeste
2553047;ALTO UNIÃO;2009;3;25.7;bruto;Santa Isabel do Oeste
2553047;ALTO UNIÃO;2009;4;38.4;bruto;Santa Isabel do Oeste
2553047;ALTO UNIÃO;2009;5;255.7;bruto;Santa Isabel do Oeste
2553047;ALTO UNIÃO;2009;6;122.3;bruto;Santa Isabel do Oeste
2553047;ALTO UNIÃO;2009;7;144.2;bruto;Santa Isabel do Oeste
2553047;ALTO UNIÃO;2009;8;252.4;bruto;Santa Isabel do Oeste
2553047;ALTO UNIÃO;2009;9;215.7;bruto;Santa Isabel do Oeste
2553047;ALTO UNIÃO;2009;10;271.0;bruto;Santa Isabel do Oeste
2553047;ALTO UNIÃO;2009;11;140.2;bruto;Santa Isabel do Oeste
2553047;ALTO UNIÃO;2009;12;206.2;bruto;Santa Isabel do Oeste
2553047;ALTO UNIÃO;2010;1;127.5;bruto;Santa Isabel do Oeste
2553047;ALTO UNIÃO;2010;2;208.1;bruto;Santa Isabel do Oeste
2553047;ALTO UNIÃO;2010;3;216.9;bruto;Santa Isabel do Oeste
2553047;ALTO UNIÃO;2010;4;189.4;bruto;Santa Isabel do Oeste
2553047;ALTO UNIÃO;2010;5;103.6;bruto;Santa Isabel do Oeste
2553047;ALTO UNIÃO;2010;6;63.8;bruto;Santa Isabel do Oeste
2553047;ALTO UNIÃO;2010;7;136.4;bruto;Santa Isabel do Oeste
2553047;ALTO UNIÃO;2010;8;28.0;bruto;Santa Isabel do Oeste
2553047;ALTO UNIÃO;2010;9;63.3;bruto;Santa Isabel do Oeste
2553047;ALTO UNIÃO;2010;10;249.6;bruto;Santa Isabel do Oeste
2553047;ALTO UNIÃO;2010;11;113.9;bruto;Santa Isabel do Oeste
2553047;ALTO UNIÃO;2010;12;372.9;bruto;Santa Isabel do Oeste
2553047;ALTO UNIÃO;2011;1;84.6;bruto;Santa Isabel do Oeste
2553047;ALTO UNIÃO;2011;2;123.4;bruto;Santa Isabel do Oeste
2553047;ALTO UNIÃO;2011;3;179.7;bruto;Santa Isabel do Oeste
2553047;ALTO UNIÃO;2011;4;95.1;bruto;Santa Isabel do Oeste
2553047;ALTO UNIÃO;2011;5;25.3;bruto;Santa Isabel do Oeste
2553047;ALTO UNIÃO;2011;6;96.6;bruto;Santa Isabel do Oeste
2553047;ALTO UNIÃO;2011;7;251.0;bruto;Santa Isabel do Oeste
2553047;ALTO UNIÃO;2011;8;285.2;bruto;Santa Isabel do Oeste
2553047;ALTO UNIÃO;2011;9;129.0;bruto;Santa Isabel do Oeste
2553047;ALTO UNIÃO;2011;10;297.2;bruto;Santa Isabel do Oeste
2553047;ALTO UNIÃO;2011;11;131.5;bruto;Santa Isabel do Oeste
2553047;ALTO UNIÃO;2011;12;35.5;bruto;Santa Isabel do Oeste
2553047;ALTO UNIÃO;2012;1;247.8;bruto;Santa Isabel do Oeste
2553047;ALTO UNIÃO;2012;2;213.3;bruto;Santa Isabel do Oeste
2553047;ALTO UNIÃO;2012;3;82.8;bruto;Santa Isabel do Oeste
2553047;ALTO UNIÃO;2012;4;286.2;bruto;Santa Isabel do Oeste
2553047;ALTO UNIÃO;2012;5;62.5;bruto;Santa Isabel do Oeste
2553047;ALTO UNIÃO;2012;6;174.3;bruto;Santa Isabel do Oeste
2553047;ALTO UNIÃO;2012;7;139.4;bruto;Santa Isabel do Oeste
2553047;ALTO UNIÃO;2012;8;0.0;bruto;Santa Isabel do Oeste
2553047;ALTO UNIÃO;2012;9;51.3;bruto;Santa Isabel do Oeste
2553047;ALTO UNIÃO;2012;10;211.8;bruto;Santa Isabel do Oeste
2553047;ALTO UNIÃO;2012;11;47.8;bruto;Santa Isabel do Oeste
2553047;ALTO UNIÃO;2012;12;291.1;bruto;Santa Isabel do Oeste
2553047;ALTO UNIÃO;2013;1;199.9;bruto;Santa Isabel do Oeste
2553047;ALTO UNIÃO;2013;2;242.1;bruto;Santa Isabel do Oeste
2553047;ALTO UNIÃO;2013;3;362.0;bruto;Santa Isabel do Oeste
2553047;ALTO UNIÃO;2013;4;82.9;bruto;Santa Isabel do Oeste
2553047;ALTO UNIÃO;2013;5;266.4;bruto;Santa Isabel do Oeste
2553047;ALTO UNIÃO;2013;6;409.6;bruto;Santa Isabel do Oeste
2553047;ALTO UNIÃO;2013;7;55.3;bruto;Santa Isabel do Oeste
2553047;ALTO UNIÃO;2013;8;122.3;bruto;Santa Isabel do Oeste
2553047;ALTO UNIÃO;2013;9;228.9;bruto;Santa Isabel do Oeste
2553047;ALTO UNIÃO;2013;10;250.1;bruto;Santa Isabel do Oeste
2553047;ALTO UNIÃO;2013;11;162.7;bruto;Santa Isabel do Oeste
2553047;ALTO UNIÃO;2013;12;68.5;bruto;Santa Isabel do Oeste
2553047;ALTO UNIÃO;2014;1;153.9;bruto;Santa Isabel do Oeste
2553047;ALTO UNIÃO;2014;2;132.5;bruto;Santa Isabel do Oeste
2553047;ALTO UNIÃO;2014;3;384.8;bruto;Santa Isabel do Oeste
2553047;ALTO UNIÃO;2014;4;156.8;bruto;Santa Isabel do Oeste
2553047;ALTO UNIÃO;2014;5;227.9;bruto;Santa Isabel do Oeste
2553047;ALTO UNIÃO;2014;6;532.1;bruto;Santa Isabel do Oeste
2553047;ALTO UNIÃO;2014;7;179.0;bruto;Santa Isabel do Oeste
2553047;ALTO UNIÃO;2014;8;12.2;bruto;Santa Isabel do Oeste
2553047;ALTO UNIÃO;2014;9;296.0;bruto;Santa Isabel do Oeste
2553047;ALTO UNIÃO;2014;10;103.3;bruto;Santa Isabel do Oeste
2553047;ALTO UNIÃO;2014;11;126.0;bruto;Santa Isabel do Oeste
2553047;ALTO UNIÃO;2014;12;148.7;bruto;Santa Isabel do Oeste
2553047;ALTO UNIÃO;2015;1;202.9;bruto;Santa Isabel do Oeste
2553047;ALTO UNIÃO;2015;2;285.0;bruto;Santa Isabel do Oeste
2553047;ALTO UNIÃO;2015;3;105.1;bruto;Santa Isabel do Oeste
2553047;ALTO UNIÃO;2015;4;65.0;bruto;Santa Isabel do Oeste
2553047;ALTO UNIÃO;2015;5;150.1;bruto;Santa Isabel do Oeste
2553047;ALTO UNIÃO;2015;6;120.1;bruto;Santa Isabel do Oeste
2553047;ALTO UNIÃO;2015;7;352.7;bruto;Santa Isabel do Oeste
2553047;ALTO UNIÃO;2015;8;24.0;bruto;Santa Isabel do Oeste
2553047;ALTO UNIÃO;2015;9;112.1;bruto;Santa Isabel do Oeste
2553047;ALTO UNIÃO;2015;10;107.6;bruto;Santa Isabel do Oeste
2553047;ALTO UNIÃO;2015;11;214.3;bruto;Santa Isabel do Oeste
2553047;ALTO UNIÃO;2015;12;345.7;bruto;Santa Isabel do Oeste
2553047;ALTO UNIÃO;2016;1;145.3;bruto;Santa Isabel do Oeste
2553047;ALTO UNIÃO;2016;2;231.4;bruto;Santa Isabel do Oeste
2553047;ALTO UNIÃO;2016;3;153.8;bruto;Santa Isabel do Oeste
2553047;ALTO UNIÃO;2016;4;72.6;bruto;Santa Isabel do Oeste
2553047;ALTO UNIÃO;2016;5;182.7;bruto;Santa Isabel do Oeste
2553047;ALTO UNIÃO;2016;6;40.9;bruto;Santa Isabel do Oeste
2553047;ALTO UNIÃO;2016;7;72.6;bruto;Santa Isabel do Oeste
2553047;ALTO UNIÃO;2016;8;164.2;bruto;Santa Isabel do Oeste
2553047;ALTO UNIÃO;2016;9;46.2;bruto;Santa Isabel do Oeste
2553047;ALTO UNIÃO;2016;10;228.2;bruto;Santa Isabel do Oeste
2553047;ALTO UNIÃO;2016;11;145.6;bruto;Santa Isabel do Oeste
2553047;ALTO UNIÃO;2016;12;154.5;bruto;Santa Isabel do Oeste
2553047;ALTO UNIÃO;2017;1;109.6;bruto;Santa Isabel do Oeste
2553047;ALTO UNIÃO;2017;2;108.4;bruto;Santa Isabel do Oeste
2553047;ALTO UNIÃO;2017;3;107.0;bruto;Santa Isabel do Oeste
2553047;ALTO UNIÃO;2017;4;162.9;bruto;Santa Isabel do Oeste
2553047;ALTO UNIÃO;2017;5;253.8;bruto;Santa Isabel do Oeste
2553047;ALTO UNIÃO;2017;6;166.0;bruto;Santa Isabel do Oeste
2553047;ALTO UNIÃO;2017;7;9.8;bruto;Santa Isabel do Oeste
2553047;ALTO UNIÃO;2017;8;88.5;bruto;Santa Isabel do Oeste
2553047;ALTO UNIÃO;2017;9;15.3;bruto;Santa Isabel do Oeste
2553047;ALTO UNIÃO;2017;10;385.4;bruto;Santa Isabel do Oeste
2553047;ALTO UNIÃO;2017;11;241.0;bruto;Santa Isabel do Oeste
2553047;ALTO UNIÃO;2017;12;190.3;bruto;Santa Isabel do Oeste
2553047;ALTO UNIÃO;2018;1;312.3;bruto;Santa Isabel do Oeste
2553047;ALTO UNIÃO;2018;2;135.6;bruto;Santa Isabel do Oeste
2553047;ALTO UNIÃO;2018;3;272.5;bruto;Santa Isabel do Oeste
2553047;ALTO UNIÃO;2018;4;24.0;bruto;Santa Isabel do Oeste
2553047;ALTO UNIÃO;2018;5;131.9;bruto;Santa Isabel do Oeste
2553047;ALTO UNIÃO;2018;6;147.3;bruto;Santa Isabel do Oeste
2553047;ALTO UNIÃO;2018;7;11.5;bruto;Santa Isabel do Oeste
2553047;ALTO UNIÃO;2018;8;70.4;bruto;Santa Isabel do Oeste
2553047;ALTO UNIÃO;2018;9;194.7;bruto;Santa Isabel do Oeste
2553047;ALTO UNIÃO;2018;10;281.5;consistido;Santa Isabel do Oeste
2553047;ALTO UNIÃO;2018;11;128.7;bruto;Santa Isabel do Oeste
2553047;ALTO UNIÃO;2018;12;122.2;bruto;Santa Isabel do Oeste
2553047;ALTO UNIÃO;2019;1;67.8;bruto;Santa Isabel do Oeste
2553047;ALTO UNIÃO;2019;2;213.4;bruto;Santa Isabel do Oeste
2553047;ALTO UNIÃO;2019;3;150.3;bruto;Santa Isabel do Oeste
2553047;ALTO UNIÃO;2019;4;195.3;bruto;Santa Isabel do Oeste
2553047;ALTO UNIÃO;2019;5;298.1;bruto;Santa Isabel do Oeste
2553047;ALTO UNIÃO;2019;6;79.9;bruto;Santa Isabel do Oeste
2553047;ALTO UNIÃO;2019;7;32.2;bruto;Santa Isabel do Oeste
2553047;ALTO UNIÃO;2019;8;0.0;bruto;Santa Isabel do Oeste
2553047;ALTO UNIÃO;2019;9;44.5;bruto;Santa Isabel do Oeste
2553047;ALTO UNIÃO;2019;10;66.7;bruto;Santa Isabel do Oeste
2553047;ALTO UNIÃO;2019;11;181.6;bruto;Santa Isabel do Oeste
2553047;ALTO UNIÃO;2019;12;91.3;bruto;Santa Isabel do Oeste
2553047;ALTO UNIÃO;2020;1;124.8;bruto;Santa Isabel do Oeste
2553047;ALTO UNIÃO;2020;2;153.7;bruto;Santa Isabel do Oeste
2553047;ALTO UNIÃO;2020;3;39.8;bruto;Santa Isabel do Oeste
2553047;ALTO UNIÃO;2020;4;44.2;bruto;Santa Isabel do Oeste
2553047;ALTO UNIÃO;2020;5;167.7;bruto;Santa Isabel do Oeste
2553047;ALTO UNIÃO;2020;6;139.0;bruto;Santa Isabel do Oeste
2553047;ALTO UNIÃO;2020;7;81.6;bruto;Santa Isabel do Oeste
2553047;ALTO UNIÃO;2020;8;111.5;bruto;Santa Isabel do Oeste
2553047;ALTO UNIÃO;2020;9;36.6;bruto;Santa Isabel do Oeste
2553047;ALTO UNIÃO;2020;10;93.4;bruto;Santa Isabel do Oeste
2553047;ALTO UNIÃO;2020;11;23.4;bruto;Santa Isabel do Oeste
2553047;ALTO UNIÃO;2020;12;203.3;bruto;Santa Isabel do Oeste
2553047;ALTO UNIÃO;2021;1;398.9;bruto;Santa Isabel do Oeste
2553047;ALTO UNIÃO;2021;2;27.6;bruto;Santa Isabel do Oeste
2553047;ALTO UNIÃO;2021;3;31.7;bruto;Santa Isabel do Oeste
2553047;ALTO UNIÃO;2021;4;7.6;bruto;Santa Isabel do Oeste
2553047;ALTO UNIÃO;2021;5;27.2;bruto;Santa Isabel do Oeste
2553047;ALTO UNIÃO;2021;6;166.4;bruto;Santa Isabel do Oeste
2553047;ALTO UNIÃO;2021;7;58.0;bruto;Santa Isabel do Oeste
2553047;ALTO UNIÃO;2021;8;41.3;bruto;Santa Isabel do Oeste
2553047;ALTO UNIÃO;2021;9;134.0;bruto;Santa Isabel do Oeste
2553047;ALTO UNIÃO;2021;10;409.4;bruto;Santa Isabel do Oeste
2553047;ALTO UNIÃO;2021;11;74.4;bruto;Santa Isabel do Oeste
2553047;ALTO UNIÃO;2021;12;58.7;bruto;Santa Isabel do Oeste
2553047;ALTO UNIÃO;2022;1;91.0;bruto;Santa Isabel do Oeste
2553047;ALTO UNIÃO;2022;2;114.6;bruto;Santa Isabel do Oeste
2553047;ALTO UNIÃO;2022;3;298.1;bruto;Santa Isabel do Oeste
2553047;ALTO UNIÃO;2022;4;303.4;bruto;Santa Isabel do Oeste
2553047;ALTO UNIÃO;2022;5;294.7;bruto;Santa Isabel do Oeste
2553047;ALTO UNIÃO;2022;6;84.0;bruto;Santa Isabel do Oeste
2553047;ALTO UNIÃO;2022;7;55.2;bruto;Santa Isabel do Oeste
2553047;ALTO UNIÃO;2022;8;171.4;bruto;Santa Isabel do Oeste
2553047;ALTO UNIÃO;2022;9;302.7;bruto;Santa Isabel do Oeste
2553047;ALTO UNIÃO;2022;10;409.3;bruto;Santa Isabel do Oeste
2553047;ALTO UNIÃO;2022;11;103.8;bruto;Santa Isabel do Oeste
2553047;ALTO UNIÃO;2022;12;48.4;bruto;Santa Isabel do Oeste
2553047;ALTO UNIÃO;2023;1;216.0;bruto;Santa Isabel do Oeste
2553047;ALTO UNIÃO;2023;2;295.4;bruto;Santa Isabel do Oeste
2553047;ALTO UNIÃO;2023;3;129.0;bruto;Santa Isabel do Oeste
2553047;ALTO UNIÃO;2023;4;186.4;bruto;Santa Isabel do Oeste
2553047;ALTO UNIÃO;2023;5;125.4;bruto;Santa Isabel do Oeste
2553047;ALTO UNIÃO;2023;6;138.2;bruto;Santa Isabel do Oeste
2553047;ALTO UNIÃO;2023;7;112.9;bruto;Santa Isabel do Oeste
2553047;ALTO UNIÃO;2023;8;115.9;bruto;Santa Isabel do Oeste
2553047;ALTO UNIÃO;2023;9;100.5;bruto;Santa Isabel do Oeste
2553047;ALTO UNIÃO;2023;10;495.4;bruto;Santa Isabel do Oeste
2553047;ALTO UNIÃO;2023;11;559.1;bruto;Santa Isabel do Oeste
2553047;ALTO UNIÃO;2023;12;174.3;bruto;Santa Isabel do Oeste
2553047;ALTO UNIÃO;2024;1;170.0;bruto;Santa Isabel do Oeste
2553047;ALTO UNIÃO;2024;2;157.9;bruto;Santa Isabel do Oeste
2553047;ALTO UNIÃO;2024;3;125.4;bruto;Santa Isabel do Oeste
2553047;ALTO UNIÃO;2024;4;325.4;bruto;Santa Isabel do Oeste
2553047;ALTO UNIÃO;2024;5;346.1;bruto;Santa Isabel do Oeste
2553047;ALTO UNIÃO;2024;6;183.9;bruto;Santa Isabel do Oeste
2553047;ALTO UNIÃO;2024;7;120.1;bruto;Santa Isabel do Oeste
2553047;ALTO UNIÃO;2024;8;35.0;bruto;Santa Isabel do Oeste
2553047;ALTO UNIÃO;2024;9;57.2;bruto;Santa Isabel do Oeste
2553047;ALTO UNIÃO;2024;10;123.1;bruto;Santa Isabel do Oeste
2553047;ALTO UNIÃO;2024;11;119.9;bruto;Santa Isabel do Oeste
2553047;ALTO UNIÃO;2024;12;277.1;bruto;Santa Isabel do Oeste
2553047;ALTO UNIÃO;2025;1;41.5;bruto;Santa Isabel do Oeste
2553047;ALTO UNIÃO;2025;2;94.5;bruto;Santa Isabel do Oeste
2553047;ALTO UNIÃO;2025;3;95.3;bruto;Santa Isabel do Oeste
2553047;ALTO UNIÃO;2025;4;57.9;bruto;Santa Isabel do Oeste
2553047;ALTO UNIÃO;2025;5;54.8;bruto;Santa Isabel do Oeste
2553047;ALTO UNIÃO;2025;6;54.1;bruto;Santa Isabel do Oeste
2553047;ALTO UNIÃO;2025;7;108.0;bruto;Santa Isabel do Oeste
2553047;ALTO UNIÃO;2025;8;116.4;bruto;Santa Isabel do Oeste
2553047;ALTO UNIÃO;2025;9;116.5;bruto;Santa Isabel do Oeste
2553047;ALTO UNIÃO;2025;10;141.5;bruto;Santa Isabel do Oeste
2553047;ALTO UNIÃO;2025;11;130.5;bruto;Santa Isabel do Oeste
2553047;ALTO UNIÃO;2025;12;117.0;bruto;Santa Isabel do Oeste
2553054;SALTO OSÓRIO - JUSANTE ;1987;1;;sem_leitura;Quedas do Iguaçu
2553054;SALTO OSÓRIO - JUSANTE ;1987;2;;sem_leitura;Quedas do Iguaçu
2553054;SALTO OSÓRIO - JUSANTE ;1987;3;;sem_leitura;Quedas do Iguaçu
2553054;SALTO OSÓRIO - JUSANTE ;1987;4;;sem_leitura;Quedas do Iguaçu
2553054;SALTO OSÓRIO - JUSANTE ;1987;5;;sem_leitura;Quedas do Iguaçu
2553054;SALTO OSÓRIO - JUSANTE ;1987;6;110.8;bruto;Quedas do Iguaçu
2553054;SALTO OSÓRIO - JUSANTE ;1987;7;50.3;bruto;Quedas do Iguaçu
2553054;SALTO OSÓRIO - JUSANTE ;1987;8;61.8;bruto;Quedas do Iguaçu
2553054;SALTO OSÓRIO - JUSANTE ;1987;9;37.2;bruto;Quedas do Iguaçu
2553054;SALTO OSÓRIO - JUSANTE ;1987;10;198.6;bruto;Quedas do Iguaçu
2553054;SALTO OSÓRIO - JUSANTE ;1987;11;155.5;bruto;Quedas do Iguaçu
2553054;SALTO OSÓRIO - JUSANTE ;1987;12;137.2;bruto;Quedas do Iguaçu
2553054;SALTO OSÓRIO - JUSANTE ;1988;1;150.2;bruto;Quedas do Iguaçu
2553054;SALTO OSÓRIO - JUSANTE ;1988;2;46.9;bruto;Quedas do Iguaçu
2553054;SALTO OSÓRIO - JUSANTE ;1988;3;33.5;bruto;Quedas do Iguaçu
2553054;SALTO OSÓRIO - JUSANTE ;1988;4;79.1;bruto;Quedas do Iguaçu
2553054;SALTO OSÓRIO - JUSANTE ;1988;5;92.2;bruto;Quedas do Iguaçu
2553054;SALTO OSÓRIO - JUSANTE ;1988;6;123.3;bruto;Quedas do Iguaçu
2553054;SALTO OSÓRIO - JUSANTE ;1988;7;0.1;bruto;Quedas do Iguaçu
2553054;SALTO OSÓRIO - JUSANTE ;1988;8;7.4;bruto;Quedas do Iguaçu
2553054;SALTO OSÓRIO - JUSANTE ;1988;9;18.9;bruto;Quedas do Iguaçu
2553054;SALTO OSÓRIO - JUSANTE ;1988;10;39.3;bruto;Quedas do Iguaçu
2553054;SALTO OSÓRIO - JUSANTE ;1988;11;68.2;bruto;Quedas do Iguaçu
2553054;SALTO OSÓRIO - JUSANTE ;1988;12;37.5;bruto;Quedas do Iguaçu
2553054;SALTO OSÓRIO - JUSANTE ;1989;1;244.1;consistido;Quedas do Iguaçu
2553054;SALTO OSÓRIO - JUSANTE ;1989;2;222.6;consistido;Quedas do Iguaçu
2553054;SALTO OSÓRIO - JUSANTE ;1989;3;40.1;bruto;Quedas do Iguaçu
2553054;SALTO OSÓRIO - JUSANTE ;1989;4;89.1;bruto;Quedas do Iguaçu
2553054;SALTO OSÓRIO - JUSANTE ;1989;5;47.5;bruto;Quedas do Iguaçu
2553054;SALTO OSÓRIO - JUSANTE ;1989;6;109.9;bruto;Quedas do Iguaçu
2553054;SALTO OSÓRIO - JUSANTE ;1989;7;183.3;bruto;Quedas do Iguaçu
2553054;SALTO OSÓRIO - JUSANTE ;1989;8;147.5;bruto;Quedas do Iguaçu
2553054;SALTO OSÓRIO - JUSANTE ;1989;9;298.1;bruto;Quedas do Iguaçu
2553054;SALTO OSÓRIO - JUSANTE ;1989;10;207.7;bruto;Quedas do Iguaçu
2553054;SALTO OSÓRIO - JUSANTE ;1989;11;115.8;bruto;Quedas do Iguaçu
2553054;SALTO OSÓRIO - JUSANTE ;1989;12;14.8;bruto;Quedas do Iguaçu
2553054;SALTO OSÓRIO - JUSANTE ;1990;1;42.4;bruto;Quedas do Iguaçu
2553054;SALTO OSÓRIO - JUSANTE ;1990;2;34.8;bruto;Quedas do Iguaçu
2553054;SALTO OSÓRIO - JUSANTE ;1990;3;59.8;bruto;Quedas do Iguaçu
2553054;SALTO OSÓRIO - JUSANTE ;1990;4;104.3;bruto;Quedas do Iguaçu
2553054;SALTO OSÓRIO - JUSANTE ;1990;5;52.3;bruto;Quedas do Iguaçu
2553054;SALTO OSÓRIO - JUSANTE ;1990;6;88.0;bruto;Quedas do Iguaçu
2553054;SALTO OSÓRIO - JUSANTE ;1990;7;216.3;bruto;Quedas do Iguaçu
2553054;SALTO OSÓRIO - JUSANTE ;1990;8;218.2;bruto;Quedas do Iguaçu
2553054;SALTO OSÓRIO - JUSANTE ;1990;9;258.1;bruto;Quedas do Iguaçu
2553054;SALTO OSÓRIO - JUSANTE ;1990;10;147.6;bruto;Quedas do Iguaçu
2553054;SALTO OSÓRIO - JUSANTE ;1990;11;206.3;bruto;Quedas do Iguaçu
2553054;SALTO OSÓRIO - JUSANTE ;1990;12;154.3;bruto;Quedas do Iguaçu
2553054;SALTO OSÓRIO - JUSANTE ;1991;1;76.6;bruto;Quedas do Iguaçu
2553054;SALTO OSÓRIO - JUSANTE ;1991;2;48.8;bruto;Quedas do Iguaçu
2553054;SALTO OSÓRIO - JUSANTE ;1991;3;96.2;bruto;Quedas do Iguaçu
2553054;SALTO OSÓRIO - JUSANTE ;1991;4;205.5;bruto;Quedas do Iguaçu
2553054;SALTO OSÓRIO - JUSANTE ;1991;5;64.0;bruto;Quedas do Iguaçu
2553054;SALTO OSÓRIO - JUSANTE ;1991;6;258.5;bruto;Quedas do Iguaçu
2553054;SALTO OSÓRIO - JUSANTE ;1991;7;51.8;bruto;Quedas do Iguaçu
2553054;SALTO OSÓRIO - JUSANTE ;1991;8;57.1;bruto;Quedas do Iguaçu
2553054;SALTO OSÓRIO - JUSANTE ;1991;9;72.4;bruto;Quedas do Iguaçu
2553054;SALTO OSÓRIO - JUSANTE ;1991;10;136.2;bruto;Quedas do Iguaçu
2553054;SALTO OSÓRIO - JUSANTE ;1991;11;149.8;bruto;Quedas do Iguaçu
2553054;SALTO OSÓRIO - JUSANTE ;1991;12;267.1;bruto;Quedas do Iguaçu
2553054;SALTO OSÓRIO - JUSANTE ;1992;1;97.7;bruto;Quedas do Iguaçu
2553054;SALTO OSÓRIO - JUSANTE ;1992;2;167.4;bruto;Quedas do Iguaçu
2553054;SALTO OSÓRIO - JUSANTE ;1992;3;184.6;bruto;Quedas do Iguaçu
2553054;SALTO OSÓRIO - JUSANTE ;1992;4;202.7;bruto;Quedas do Iguaçu
2553054;SALTO OSÓRIO - JUSANTE ;1992;5;552.8;bruto;Quedas do Iguaçu
2553054;SALTO OSÓRIO - JUSANTE ;1992;6;158.3;bruto;Quedas do Iguaçu
2553054;SALTO OSÓRIO - JUSANTE ;1992;7;140.5;bruto;Quedas do Iguaçu
2553054;SALTO OSÓRIO - JUSANTE ;1992;8;153.4;bruto;Quedas do Iguaçu
2553054;SALTO OSÓRIO - JUSANTE ;1992;9;140.4;bruto;Quedas do Iguaçu
2553054;SALTO OSÓRIO - JUSANTE ;1992;10;227.0;bruto;Quedas do Iguaçu
2553054;SALTO OSÓRIO - JUSANTE ;1992;11;176.3;bruto;Quedas do Iguaçu
2553054;SALTO OSÓRIO - JUSANTE ;1992;12;85.0;bruto;Quedas do Iguaçu
2553054;SALTO OSÓRIO - JUSANTE ;1993;1;247.1;bruto;Quedas do Iguaçu
2553054;SALTO OSÓRIO - JUSANTE ;1993;2;51.8;bruto;Quedas do Iguaçu
2553054;SALTO OSÓRIO - JUSANTE ;1993;3;151.5;bruto;Quedas do Iguaçu
2553054;SALTO OSÓRIO - JUSANTE ;1993;4;142.0;bruto;Quedas do Iguaçu
2553054;SALTO OSÓRIO - JUSANTE ;1993;5;297.8;bruto;Quedas do Iguaçu
2553054;SALTO OSÓRIO - JUSANTE ;1993;6;117.2;bruto;Quedas do Iguaçu
2553054;SALTO OSÓRIO - JUSANTE ;1993;7;192.7;bruto;Quedas do Iguaçu
2553054;SALTO OSÓRIO - JUSANTE ;1993;8;14.7;bruto;Quedas do Iguaçu
2553054;SALTO OSÓRIO - JUSANTE ;1993;9;339.1;bruto;Quedas do Iguaçu
2553054;SALTO OSÓRIO - JUSANTE ;1993;10;225.2;bruto;Quedas do Iguaçu
2553054;SALTO OSÓRIO - JUSANTE ;1993;11;79.0;bruto;Quedas do Iguaçu
2553054;SALTO OSÓRIO - JUSANTE ;1993;12;193.0;bruto;Quedas do Iguaçu
2553054;SALTO OSÓRIO - JUSANTE ;1994;1;71.0;bruto;Quedas do Iguaçu
2553054;SALTO OSÓRIO - JUSANTE ;1994;2;225.4;bruto;Quedas do Iguaçu
2553054;SALTO OSÓRIO - JUSANTE ;1994;3;62.9;bruto;Quedas do Iguaçu
2553054;SALTO OSÓRIO - JUSANTE ;1994;4;153.7;bruto;Quedas do Iguaçu
2553054;SALTO OSÓRIO - JUSANTE ;1994;5;176.4;bruto;Quedas do Iguaçu
2553054;SALTO OSÓRIO - JUSANTE ;1994;6;263.6;bruto;Quedas do Iguaçu
2553054;SALTO OSÓRIO - JUSANTE ;1994;7;30.3;bruto;Quedas do Iguaçu
2553054;SALTO OSÓRIO - JUSANTE ;1994;8;16.7;bruto;Quedas do Iguaçu
2553054;SALTO OSÓRIO - JUSANTE ;1994;9;82.4;bruto;Quedas do Iguaçu
2553054;SALTO OSÓRIO - JUSANTE ;1994;10;201.3;bruto;Quedas do Iguaçu
2553054;SALTO OSÓRIO - JUSANTE ;1994;11;238.9;bruto;Quedas do Iguaçu
2553054;SALTO OSÓRIO - JUSANTE ;1994;12;226.5;bruto;Quedas do Iguaçu
2553054;SALTO OSÓRIO - JUSANTE ;1995;1;395.3;bruto;Quedas do Iguaçu
2553054;SALTO OSÓRIO - JUSANTE ;1995;2;96.2;bruto;Quedas do Iguaçu
2553054;SALTO OSÓRIO - JUSANTE ;1995;3;154.7;bruto;Quedas do Iguaçu
2553054;SALTO OSÓRIO - JUSANTE ;1995;4;130.6;bruto;Quedas do Iguaçu
2553054;SALTO OSÓRIO - JUSANTE ;1995;5;19.7;bruto;Quedas do Iguaçu
2553054;SALTO OSÓRIO - JUSANTE ;1995;6;116.5;bruto;Quedas do Iguaçu
2553054;SALTO OSÓRIO - JUSANTE ;1995;7;77.1;bruto;Quedas do Iguaçu
2553054;SALTO OSÓRIO - JUSANTE ;1995;8;27.1;bruto;Quedas do Iguaçu
2553054;SALTO OSÓRIO - JUSANTE ;1995;9;175.2;bruto;Quedas do Iguaçu
2553054;SALTO OSÓRIO - JUSANTE ;1995;10;153.0;bruto;Quedas do Iguaçu
2553054;SALTO OSÓRIO - JUSANTE ;1995;11;94.2;bruto;Quedas do Iguaçu
2553054;SALTO OSÓRIO - JUSANTE ;1995;12;75.2;bruto;Quedas do Iguaçu
2553054;SALTO OSÓRIO - JUSANTE ;1996;1;191.8;bruto;Quedas do Iguaçu
2553054;SALTO OSÓRIO - JUSANTE ;1996;2;280.1;bruto;Quedas do Iguaçu
2553054;SALTO OSÓRIO - JUSANTE ;1996;3;214.5;bruto;Quedas do Iguaçu
2553054;SALTO OSÓRIO - JUSANTE ;1996;4;68.3;bruto;Quedas do Iguaçu
2553054;SALTO OSÓRIO - JUSANTE ;1996;5;37.1;bruto;Quedas do Iguaçu
2553054;SALTO OSÓRIO - JUSANTE ;1996;6;126.9;bruto;Quedas do Iguaçu
2553054;SALTO OSÓRIO - JUSANTE ;1996;7;54.6;bruto;Quedas do Iguaçu
2553054;SALTO OSÓRIO - JUSANTE ;1996;8;29.8;bruto;Quedas do Iguaçu
2553054;SALTO OSÓRIO - JUSANTE ;1996;9;92.5;bruto;Quedas do Iguaçu
2553054;SALTO OSÓRIO - JUSANTE ;1996;10;426.2;bruto;Quedas do Iguaçu
2553054;SALTO OSÓRIO - JUSANTE ;1996;11;88.8;bruto;Quedas do Iguaçu
2553054;SALTO OSÓRIO - JUSANTE ;1996;12;302.4;bruto;Quedas do Iguaçu
2553054;SALTO OSÓRIO - JUSANTE ;1997;1;106.9;bruto;Quedas do Iguaçu
2553054;SALTO OSÓRIO - JUSANTE ;1997;2;302.2;bruto;Quedas do Iguaçu
2553054;SALTO OSÓRIO - JUSANTE ;1997;3;29.5;bruto;Quedas do Iguaçu
2553054;SALTO OSÓRIO - JUSANTE ;1997;4;63.6;bruto;Quedas do Iguaçu
2553054;SALTO OSÓRIO - JUSANTE ;1997;5;230.0;bruto;Quedas do Iguaçu
2553054;SALTO OSÓRIO - JUSANTE ;1997;6;202.9;bruto;Quedas do Iguaçu
2553054;SALTO OSÓRIO - JUSANTE ;1997;7;112.3;bruto;Quedas do Iguaçu
2553054;SALTO OSÓRIO - JUSANTE ;1997;8;241.3;bruto;Quedas do Iguaçu
2553054;SALTO OSÓRIO - JUSANTE ;1997;9;252.5;bruto;Quedas do Iguaçu
2553054;SALTO OSÓRIO - JUSANTE ;1997;10;353.4;bruto;Quedas do Iguaçu
2553054;SALTO OSÓRIO - JUSANTE ;1997;11;254.1;bruto;Quedas do Iguaçu
2553054;SALTO OSÓRIO - JUSANTE ;1997;12;80.8;bruto;Quedas do Iguaçu
2553054;SALTO OSÓRIO - JUSANTE ;1998;1;172.3;bruto;Quedas do Iguaçu
2553054;SALTO OSÓRIO - JUSANTE ;1998;2;243.8;bruto;Quedas do Iguaçu
2553054;SALTO OSÓRIO - JUSANTE ;1998;3;329.8;bruto;Quedas do Iguaçu
2553054;SALTO OSÓRIO - JUSANTE ;1998;4;718.6;bruto;Quedas do Iguaçu
2553054;SALTO OSÓRIO - JUSANTE ;1998;5;164.5;bruto;Quedas do Iguaçu
2553054;SALTO OSÓRIO - JUSANTE ;1998;6;89.4;bruto;Quedas do Iguaçu
2553054;SALTO OSÓRIO - JUSANTE ;1998;7;109.7;bruto;Quedas do Iguaçu
2553054;SALTO OSÓRIO - JUSANTE ;1998;8;227.9;bruto;Quedas do Iguaçu
2553054;SALTO OSÓRIO - JUSANTE ;1998;9;246.9;bruto;Quedas do Iguaçu
2553054;SALTO OSÓRIO - JUSANTE ;1998;10;267.6;bruto;Quedas do Iguaçu
2553054;SALTO OSÓRIO - JUSANTE ;1998;11;;sem_leitura;Quedas do Iguaçu
2553054;SALTO OSÓRIO - JUSANTE ;1998;12;;sem_leitura;Quedas do Iguaçu
2553058;PONTE DO CAPANEMA;1990;1;;sem_leitura;Planalto
2553058;PONTE DO CAPANEMA;1990;2;;sem_leitura;Planalto
2553058;PONTE DO CAPANEMA;1990;3;;sem_leitura;Planalto
2553058;PONTE DO CAPANEMA;1990;4;;sem_leitura;Planalto
2553058;PONTE DO CAPANEMA;1990;5;;sem_leitura;Planalto
2553058;PONTE DO CAPANEMA;1990;6;;sem_leitura;Planalto
2553058;PONTE DO CAPANEMA;1990;7;87.4;bruto;Planalto
2553058;PONTE DO CAPANEMA;1990;8;212.0;bruto;Planalto
2553058;PONTE DO CAPANEMA;1990;9;242.7;bruto;Planalto
2553058;PONTE DO CAPANEMA;1990;10;275.1;bruto;Planalto
2553058;PONTE DO CAPANEMA;1990;11;200.3;bruto;Planalto
2553058;PONTE DO CAPANEMA;1990;12;90.9;bruto;Planalto
2553058;PONTE DO CAPANEMA;1991;1;154.3;bruto;Planalto
2553058;PONTE DO CAPANEMA;1991;2;9.4;bruto;Planalto
2553058;PONTE DO CAPANEMA;1991;3;29.1;bruto;Planalto
2553058;PONTE DO CAPANEMA;1991;4;82.5;bruto;Planalto
2553058;PONTE DO CAPANEMA;1991;5;9.5;bruto;Planalto
2553058;PONTE DO CAPANEMA;1991;6;316.9;bruto;Planalto
2553058;PONTE DO CAPANEMA;1991;7;45.1;bruto;Planalto
2553058;PONTE DO CAPANEMA;1991;8;15.5;bruto;Planalto
2553058;PONTE DO CAPANEMA;1991;9;94.3;bruto;Planalto
2553058;PONTE DO CAPANEMA;1991;10;108.9;bruto;Planalto
2553058;PONTE DO CAPANEMA;1991;11;80.0;bruto;Planalto
2553058;PONTE DO CAPANEMA;1991;12;226.9;bruto;Planalto
2553058;PONTE DO CAPANEMA;1992;1;33.2;bruto;Planalto
2553058;PONTE DO CAPANEMA;1992;2;110.6;bruto;Planalto
2553058;PONTE DO CAPANEMA;1992;3;241.6;bruto;Planalto
2553058;PONTE DO CAPANEMA;1992;4;116.9;bruto;Planalto
2553058;PONTE DO CAPANEMA;1992;5;453.4;bruto;Planalto
2553058;PONTE DO CAPANEMA;1992;6;187.3;bruto;Planalto
2553058;PONTE DO CAPANEMA;1992;7;105.4;bruto;Planalto
2553058;PONTE DO CAPANEMA;1992;8;148.3;bruto;Planalto
2553058;PONTE DO CAPANEMA;1992;9;116.4;bruto;Planalto
2553058;PONTE DO CAPANEMA;1992;10;165.7;bruto;Planalto
2553058;PONTE DO CAPANEMA;1992;11;145.5;bruto;Planalto
2553058;PONTE DO CAPANEMA;1992;12;64.3;bruto;Planalto
2553058;PONTE DO CAPANEMA;1993;1;216.5;bruto;Planalto
2553058;PONTE DO CAPANEMA;1993;2;99.5;bruto;Planalto
2553058;PONTE DO CAPANEMA;1993;3;148.5;bruto;Planalto
2553058;PONTE DO CAPANEMA;1993;4;42.4;bruto;Planalto
2553058;PONTE DO CAPANEMA;1993;5;277.3;bruto;Planalto
2553058;PONTE DO CAPANEMA;1993;6;239.9;bruto;Planalto
2553058;PONTE DO CAPANEMA;1993;7;198.0;bruto;Planalto
2553058;PONTE DO CAPANEMA;1993;8;9.1;bruto;Planalto
2553058;PONTE DO CAPANEMA;1993;9;296.0;bruto;Planalto
2553058;PONTE DO CAPANEMA;1993;10;149.8;bruto;Planalto
2553058;PONTE DO CAPANEMA;1993;11;104.7;bruto;Planalto
2553058;PONTE DO CAPANEMA;1993;12;102.3;bruto;Planalto
2553058;PONTE DO CAPANEMA;1994;1;157.3;bruto;Planalto
2553058;PONTE DO CAPANEMA;1994;2;229.3;bruto;Planalto
2553058;PONTE DO CAPANEMA;1994;3;37.5;bruto;Planalto
2553058;PONTE DO CAPANEMA;1994;4;103.5;bruto;Planalto
2553058;PONTE DO CAPANEMA;1994;5;258.4;bruto;Planalto
2553058;PONTE DO CAPANEMA;1994;6;247.5;bruto;Planalto
2553058;PONTE DO CAPANEMA;1994;7;110.2;bruto;Planalto
2553058;PONTE DO CAPANEMA;1994;8;9.9;bruto;Planalto
2553058;PONTE DO CAPANEMA;1994;9;136.7;bruto;Planalto
2553058;PONTE DO CAPANEMA;1994;10;280.9;bruto;Planalto
2553058;PONTE DO CAPANEMA;1994;11;289.7;bruto;Planalto
2553058;PONTE DO CAPANEMA;1994;12;201.2;bruto;Planalto
2553058;PONTE DO CAPANEMA;1995;1;180.4;bruto;Planalto
2553058;PONTE DO CAPANEMA;1995;2;123.9;bruto;Planalto
2553058;PONTE DO CAPANEMA;1995;3;164.8;bruto;Planalto
2553058;PONTE DO CAPANEMA;1995;4;5.9;bruto;Planalto
2553058;PONTE DO CAPANEMA;1995;5;0.0;bruto;Planalto
2553058;PONTE DO CAPANEMA;1995;6;0.0;bruto;Planalto
2553058;PONTE DO CAPANEMA;1995;7;67.9;bruto;Planalto
2553058;PONTE DO CAPANEMA;1995;8;26.0;bruto;Planalto
2553058;PONTE DO CAPANEMA;1995;9;156.1;bruto;Planalto
2553058;PONTE DO CAPANEMA;1995;10;123.3;bruto;Planalto
2553058;PONTE DO CAPANEMA;1995;11;105.6;bruto;Planalto
2553058;PONTE DO CAPANEMA;1995;12;11.5;bruto;Planalto
2553058;PONTE DO CAPANEMA;1996;1;198.0;bruto;Planalto
2553058;PONTE DO CAPANEMA;1996;2;279.9;consistido;Planalto
2553058;PONTE DO CAPANEMA;1996;3;78.9;bruto;Planalto
2553058;PONTE DO CAPANEMA;1996;4;49.2;bruto;Planalto
2553058;PONTE DO CAPANEMA;1996;5;16.9;bruto;Planalto
2553058;PONTE DO CAPANEMA;1996;6;141.9;bruto;Planalto
2553058;PONTE DO CAPANEMA;1996;7;98.0;bruto;Planalto
2553058;PONTE DO CAPANEMA;1996;8;58.4;bruto;Planalto
2553058;PONTE DO CAPANEMA;1996;9;51.4;bruto;Planalto
2553058;PONTE DO CAPANEMA;1996;10;463.5;bruto;Planalto
2553058;PONTE DO CAPANEMA;1996;11;124.8;bruto;Planalto
2553058;PONTE DO CAPANEMA;1996;12;325.4;bruto;Planalto
2553058;PONTE DO CAPANEMA;1997;1;183.1;bruto;Planalto
2553058;PONTE DO CAPANEMA;1997;2;181.0;bruto;Planalto
2553058;PONTE DO CAPANEMA;1997;3;4.1;bruto;Planalto
2553058;PONTE DO CAPANEMA;1997;4;15.2;bruto;Planalto
2553058;PONTE DO CAPANEMA;1997;5;309.8;bruto;Planalto
2553058;PONTE DO CAPANEMA;1997;6;235.4;bruto;Planalto
2553058;PONTE DO CAPANEMA;1997;7;84.2;bruto;Planalto
2553058;PONTE DO CAPANEMA;1997;8;158.2;bruto;Planalto
2553058;PONTE DO CAPANEMA;1997;9;167.0;bruto;Planalto
2553058;PONTE DO CAPANEMA;1997;10;253.4;bruto;Planalto
2553058;PONTE DO CAPANEMA;1997;11;225.3;bruto;Planalto
2553058;PONTE DO CAPANEMA;1997;12;41.4;bruto;Planalto
2553058;PONTE DO CAPANEMA;1998;1;275.9;bruto;Planalto
2553058;PONTE DO CAPANEMA;1998;2;164.2;bruto;Planalto
2553058;PONTE DO CAPANEMA;1998;3;293.9;consistido;Planalto
2553058;PONTE DO CAPANEMA;1998;4;415.2;consistido;Planalto
2553058;PONTE DO CAPANEMA;1998;5;140.8;bruto;Planalto
2553058;PONTE DO CAPANEMA;1998;6;46.5;bruto;Planalto
2553058;PONTE DO CAPANEMA;1998;7;51.9;bruto;Planalto
2553058;PONTE DO CAPANEMA;1998;8;305.9;bruto;Planalto
2553058;PONTE DO CAPANEMA;1998;9;391.7;bruto;Planalto
2553058;PONTE DO CAPANEMA;1998;10;310.1;bruto;Planalto
2553058;PONTE DO CAPANEMA;1998;11;37.1;bruto;Planalto
2553058;PONTE DO CAPANEMA;1998;12;87.5;bruto;Planalto
2553058;PONTE DO CAPANEMA;1999;1;184.1;bruto;Planalto
2553058;PONTE DO CAPANEMA;1999;2;257.7;bruto;Planalto
2553058;PONTE DO CAPANEMA;1999;3;105.8;bruto;Planalto
2553058;PONTE DO CAPANEMA;1999;4;175.0;bruto;Planalto
2553058;PONTE DO CAPANEMA;1999;5;58.4;bruto;Planalto
2553058;PONTE DO CAPANEMA;1999;6;120.4;bruto;Planalto
2553058;PONTE DO CAPANEMA;1999;7;174.1;bruto;Planalto
2553058;PONTE DO CAPANEMA;1999;8;17.4;bruto;Planalto
2553058;PONTE DO CAPANEMA;1999;9;72.0;bruto;Planalto
2553058;PONTE DO CAPANEMA;1999;10;71.0;bruto;Planalto
2553058;PONTE DO CAPANEMA;1999;11;53.2;bruto;Planalto
2553058;PONTE DO CAPANEMA;1999;12;111.7;bruto;Planalto
2553058;PONTE DO CAPANEMA;2000;1;194.4;bruto;Planalto
2553058;PONTE DO CAPANEMA;2000;2;285.6;bruto;Planalto
2553058;PONTE DO CAPANEMA;2000;3;72.6;bruto;Planalto
2553058;PONTE DO CAPANEMA;2000;4;116.4;bruto;Planalto
2553058;PONTE DO CAPANEMA;2000;5;96.1;bruto;Planalto
2553058;PONTE DO CAPANEMA;2000;6;87.2;bruto;Planalto
2553058;PONTE DO CAPANEMA;2000;7;133.1;bruto;Planalto
2553058;PONTE DO CAPANEMA;2000;8;71.0;bruto;Planalto
2553058;PONTE DO CAPANEMA;2000;9;152.8;bruto;Planalto
2553058;PONTE DO CAPANEMA;2000;10;171.7;bruto;Planalto
2553058;PONTE DO CAPANEMA;2000;11;105.4;bruto;Planalto
2553058;PONTE DO CAPANEMA;2000;12;185.8;bruto;Planalto
2553058;PONTE DO CAPANEMA;2001;1;186.0;bruto;Planalto
2553058;PONTE DO CAPANEMA;2001;2;174.9;bruto;Planalto
2553058;PONTE DO CAPANEMA;2001;3;190.8;bruto;Planalto
2553058;PONTE DO CAPANEMA;2001;4;52.8;bruto;Planalto
2553058;PONTE DO CAPANEMA;2001;5;108.3;bruto;Planalto
2553058;PONTE DO CAPANEMA;2001;6;121.7;bruto;Planalto
2553058;PONTE DO CAPANEMA;2001;7;117.4;bruto;Planalto
2553058;PONTE DO CAPANEMA;2001;8;90.1;bruto;Planalto
2553058;PONTE DO CAPANEMA;2001;9;151.4;bruto;Planalto
2553058;PONTE DO CAPANEMA;2001;10;126.3;bruto;Planalto
2553058;PONTE DO CAPANEMA;2001;11;143.5;bruto;Planalto
2553058;PONTE DO CAPANEMA;2001;12;117.9;bruto;Planalto
2553058;PONTE DO CAPANEMA;2002;1;169.2;bruto;Planalto
2553058;PONTE DO CAPANEMA;2002;2;60.8;bruto;Planalto
2553058;PONTE DO CAPANEMA;2002;3;48.2;bruto;Planalto
2553058;PONTE DO CAPANEMA;2002;4;7.5;bruto;Planalto
2553058;PONTE DO CAPANEMA;2002;5;376.2;bruto;Planalto
2553058;PONTE DO CAPANEMA;2002;6;16.9;bruto;Planalto
2553058;PONTE DO CAPANEMA;2002;7;82.3;bruto;Planalto
2553058;PONTE DO CAPANEMA;2002;8;115.6;bruto;Planalto
2553058;PONTE DO CAPANEMA;2002;9;137.1;bruto;Planalto
2553058;PONTE DO CAPANEMA;2002;10;322.0;bruto;Planalto
2553058;PONTE DO CAPANEMA;2002;11;255.4;bruto;Planalto
2553058;PONTE DO CAPANEMA;2002;12;136.2;bruto;Planalto
2553058;PONTE DO CAPANEMA;2003;1;194.5;bruto;Planalto
2553058;PONTE DO CAPANEMA;2003;2;278.7;bruto;Planalto
2553058;PONTE DO CAPANEMA;2003;3;107.3;bruto;Planalto
2553058;PONTE DO CAPANEMA;2003;4;98.0;bruto;Planalto
2553058;PONTE DO CAPANEMA;2003;5;84.0;bruto;Planalto
2553058;PONTE DO CAPANEMA;2003;6;97.4;bruto;Planalto
2553058;PONTE DO CAPANEMA;2003;7;53.1;bruto;Planalto
2553058;PONTE DO CAPANEMA;2003;8;42.4;bruto;Planalto
2553058;PONTE DO CAPANEMA;2003;9;165.8;bruto;Planalto
2553058;PONTE DO CAPANEMA;2003;10;225.6;bruto;Planalto
2553058;PONTE DO CAPANEMA;2003;11;193.9;bruto;Planalto
2553058;PONTE DO CAPANEMA;2003;12;311.5;bruto;Planalto
2553058;PONTE DO CAPANEMA;2004;1;130.5;bruto;Planalto
2553058;PONTE DO CAPANEMA;2004;2;59.6;bruto;Planalto
2553058;PONTE DO CAPANEMA;2004;3;116.9;bruto;Planalto
2553058;PONTE DO CAPANEMA;2004;4;98.2;bruto;Planalto
2553058;PONTE DO CAPANEMA;2004;5;354.4;bruto;Planalto
2553058;PONTE DO CAPANEMA;2004;6;110.6;bruto;Planalto
2553058;PONTE DO CAPANEMA;2004;7;155.8;bruto;Planalto
2553058;PONTE DO CAPANEMA;2004;8;16.7;bruto;Planalto
2553058;PONTE DO CAPANEMA;2004;9;82.6;bruto;Planalto
2553058;PONTE DO CAPANEMA;2004;10;287.1;bruto;Planalto
2553058;PONTE DO CAPANEMA;2004;11;132.8;bruto;Planalto
2553058;PONTE DO CAPANEMA;2004;12;37.0;bruto;Planalto
2553058;PONTE DO CAPANEMA;2005;1;100.4;bruto;Planalto
2553058;PONTE DO CAPANEMA;2005;2;2.2;bruto;Planalto
2553058;PONTE DO CAPANEMA;2005;3;56.2;bruto;Planalto
2553058;PONTE DO CAPANEMA;2005;4;152.9;bruto;Planalto
2553058;PONTE DO CAPANEMA;2005;5;365.8;bruto;Planalto
2553058;PONTE DO CAPANEMA;2005;6;211.7;bruto;Planalto
2553058;PONTE DO CAPANEMA;2005;7;90.6;bruto;Planalto
2553058;PONTE DO CAPANEMA;2005;8;68.9;bruto;Planalto
2553058;PONTE DO CAPANEMA;2005;9;;sem_leitura;Planalto
2553058;PONTE DO CAPANEMA;2005;10;;sem_leitura;Planalto
2553058;PONTE DO CAPANEMA;2005;11;;sem_leitura;Planalto
2553058;PONTE DO CAPANEMA;2005;12;;sem_leitura;Planalto
2554000;FOZ DO IGUACU;1986;1;197.0;bruto;Foz do Iguaçu
2554000;FOZ DO IGUACU;1986;2;249.2;bruto;Foz do Iguaçu
2554000;FOZ DO IGUACU;1986;3;279.0;bruto;Foz do Iguaçu
2554000;FOZ DO IGUACU;1986;4;92.3;bruto;Foz do Iguaçu
2554000;FOZ DO IGUACU;1986;5;255.4;bruto;Foz do Iguaçu
2554000;FOZ DO IGUACU;1986;6;51.0;bruto;Foz do Iguaçu
2554000;FOZ DO IGUACU;1986;7;43.9;bruto;Foz do Iguaçu
2554000;FOZ DO IGUACU;1986;8;113.8;bruto;Foz do Iguaçu
2554000;FOZ DO IGUACU;1986;9;164.5;bruto;Foz do Iguaçu
2554000;FOZ DO IGUACU;1986;10;157.6;bruto;Foz do Iguaçu
2554000;FOZ DO IGUACU;1986;11;126.2;bruto;Foz do Iguaçu
2554000;FOZ DO IGUACU;1986;12;180.0;bruto;Foz do Iguaçu
2554000;FOZ DO IGUACU;1987;1;194.4;bruto;Foz do Iguaçu
2554000;FOZ DO IGUACU;1987;2;158.6;bruto;Foz do Iguaçu
2554000;FOZ DO IGUACU;1987;3;63.1;bruto;Foz do Iguaçu
2554000;FOZ DO IGUACU;1987;4;240.3;bruto;Foz do Iguaçu
2554000;FOZ DO IGUACU;1987;5;265.0;bruto;Foz do Iguaçu
2554000;FOZ DO IGUACU;1987;6;30.7;bruto;Foz do Iguaçu
2554000;FOZ DO IGUACU;1987;7;45.1;bruto;Foz do Iguaçu
2554000;FOZ DO IGUACU;1987;8;52.7;bruto;Foz do Iguaçu
2554000;FOZ DO IGUACU;1987;9;57.6;bruto;Foz do Iguaçu
2554000;FOZ DO IGUACU;1987;10;270.8;bruto;Foz do Iguaçu
2554000;FOZ DO IGUACU;1987;11;37.4;bruto;Foz do Iguaçu
2554000;FOZ DO IGUACU;1987;12;67.2;bruto;Foz do Iguaçu
2554000;FOZ DO IGUACU;1988;1;145.5;bruto;Foz do Iguaçu
2554000;FOZ DO IGUACU;1988;2;97.2;bruto;Foz do Iguaçu
2554000;FOZ DO IGUACU;1988;3;58.4;bruto;Foz do Iguaçu
2554000;FOZ DO IGUACU;1988;4;163.0;bruto;Foz do Iguaçu
2554000;FOZ DO IGUACU;1988;5;148.8;bruto;Foz do Iguaçu
2554000;FOZ DO IGUACU;1988;6;99.5;bruto;Foz do Iguaçu
2554000;FOZ DO IGUACU;1988;7;2.3;bruto;Foz do Iguaçu
2554000;FOZ DO IGUACU;1988;8;14.2;bruto;Foz do Iguaçu
2554000;FOZ DO IGUACU;1988;9;18.8;bruto;Foz do Iguaçu
2554000;FOZ DO IGUACU;1988;10;156.4;bruto;Foz do Iguaçu
2554000;FOZ DO IGUACU;1988;11;73.1;bruto;Foz do Iguaçu
2554000;FOZ DO IGUACU;1988;12;118.2;bruto;Foz do Iguaçu
2554000;FOZ DO IGUACU;1989;1;244.2;bruto;Foz do Iguaçu
2554000;FOZ DO IGUACU;1989;2;150.8;bruto;Foz do Iguaçu
2554000;FOZ DO IGUACU;1989;3;116.1;bruto;Foz do Iguaçu
2554000;FOZ DO IGUACU;1989;4;92.0;bruto;Foz do Iguaçu
2554000;FOZ DO IGUACU;1989;5;47.4;bruto;Foz do Iguaçu
2554000;FOZ DO IGUACU;1989;6;157.6;bruto;Foz do Iguaçu
2554000;FOZ DO IGUACU;1989;7;109.5;bruto;Foz do Iguaçu
2554000;FOZ DO IGUACU;1989;8;262.0;bruto;Foz do Iguaçu
2554000;FOZ DO IGUACU;1989;9;185.9;bruto;Foz do Iguaçu
2554000;FOZ DO IGUACU;1989;10;182.2;bruto;Foz do Iguaçu
2554000;FOZ DO IGUACU;1989;11;119.3;bruto;Foz do Iguaçu
2554000;FOZ DO IGUACU;1989;12;211.0;bruto;Foz do Iguaçu
2554000;FOZ DO IGUACU;1990;1;384.2;bruto;Foz do Iguaçu
2554000;FOZ DO IGUACU;1990;2;91.9;bruto;Foz do Iguaçu
2554000;FOZ DO IGUACU;1990;3;68.7;bruto;Foz do Iguaçu
2554000;FOZ DO IGUACU;1990;4;373.6;bruto;Foz do Iguaçu
2554000;FOZ DO IGUACU;1990;5;150.4;bruto;Foz do Iguaçu
2554000;FOZ DO IGUACU;1990;6;189.7;bruto;Foz do Iguaçu
2554000;FOZ DO IGUACU;1990;7;80.1;bruto;Foz do Iguaçu
2554000;FOZ DO IGUACU;1990;8;347.2;bruto;Foz do Iguaçu
2554000;FOZ DO IGUACU;1990;9;234.3;bruto;Foz do Iguaçu
2554000;FOZ DO IGUACU;1990;10;154.3;bruto;Foz do Iguaçu
2554000;FOZ DO IGUACU;1990;11;;sem_leitura;Foz do Iguaçu
2554000;FOZ DO IGUACU;1990;12;;sem_leitura;Foz do Iguaçu
2554000;FOZ DO IGUACU;1991;1;;sem_leitura;Foz do Iguaçu
2554000;FOZ DO IGUACU;1991;2;;sem_leitura;Foz do Iguaçu
2554000;FOZ DO IGUACU;1991;3;;sem_leitura;Foz do Iguaçu
2554000;FOZ DO IGUACU;1991;4;;sem_leitura;Foz do Iguaçu
2554000;FOZ DO IGUACU;1991;5;;sem_leitura;Foz do Iguaçu
2554000;FOZ DO IGUACU;1991;6;;sem_leitura;Foz do Iguaçu
2554000;FOZ DO IGUACU;1991;7;;sem_leitura;Foz do Iguaçu
2554000;FOZ DO IGUACU;1991;8;;sem_leitura;Foz do Iguaçu
2554000;FOZ DO IGUACU;1991;9;;sem_leitura;Foz do Iguaçu
2554000;FOZ DO IGUACU;1991;10;;sem_leitura;Foz do Iguaçu
2554000;FOZ DO IGUACU;1991;11;;sem_leitura;Foz do Iguaçu
2554000;FOZ DO IGUACU;1991;12;;sem_leitura;Foz do Iguaçu
2554000;FOZ DO IGUACU;1992;1;;sem_leitura;Foz do Iguaçu
2554000;FOZ DO IGUACU;1992;2;;sem_leitura;Foz do Iguaçu
2554000;FOZ DO IGUACU;1992;3;;sem_leitura;Foz do Iguaçu
2554000;FOZ DO IGUACU;1992;4;;sem_leitura;Foz do Iguaçu
2554000;FOZ DO IGUACU;1992;5;;sem_leitura;Foz do Iguaçu
2554000;FOZ DO IGUACU;1992;6;;sem_leitura;Foz do Iguaçu
2554000;FOZ DO IGUACU;1992;7;;sem_leitura;Foz do Iguaçu
2554000;FOZ DO IGUACU;1992;8;163.1;bruto;Foz do Iguaçu
2554000;FOZ DO IGUACU;1992;9;92.6;bruto;Foz do Iguaçu
2554000;FOZ DO IGUACU;1992;10;163.1;bruto;Foz do Iguaçu
2554000;FOZ DO IGUACU;1992;11;18.1;bruto;Foz do Iguaçu
2554000;FOZ DO IGUACU;1992;12;81.6;bruto;Foz do Iguaçu
2554000;FOZ DO IGUACU;1993;1;178.2;bruto;Foz do Iguaçu
2554000;FOZ DO IGUACU;1993;2;59.9;bruto;Foz do Iguaçu
2554000;FOZ DO IGUACU;1993;3;97.0;bruto;Foz do Iguaçu
2554000;FOZ DO IGUACU;1993;4;22.6;bruto;Foz do Iguaçu
2554000;FOZ DO IGUACU;1993;5;269.5;bruto;Foz do Iguaçu
2554000;FOZ DO IGUACU;1993;6;203.3;bruto;Foz do Iguaçu
2554000;FOZ DO IGUACU;1993;7;139.3;bruto;Foz do Iguaçu
2554000;FOZ DO IGUACU;1993;8;17.9;bruto;Foz do Iguaçu
2554000;FOZ DO IGUACU;1993;9;160.3;bruto;Foz do Iguaçu
2554000;FOZ DO IGUACU;1993;10;111.2;bruto;Foz do Iguaçu
2554000;FOZ DO IGUACU;1993;11;177.1;bruto;Foz do Iguaçu
2554000;FOZ DO IGUACU;1993;12;116.4;bruto;Foz do Iguaçu
2554000;FOZ DO IGUACU;1994;1;103.1;bruto;Foz do Iguaçu
2554000;FOZ DO IGUACU;1994;2;222.1;bruto;Foz do Iguaçu
2554000;FOZ DO IGUACU;1994;3;84.6;bruto;Foz do Iguaçu
2554000;FOZ DO IGUACU;1994;4;116.8;bruto;Foz do Iguaçu
2554000;FOZ DO IGUACU;1994;5;164.9;bruto;Foz do Iguaçu
2554000;FOZ DO IGUACU;1994;6;263.2;bruto;Foz do Iguaçu
2554000;FOZ DO IGUACU;1994;7;83.1;bruto;Foz do Iguaçu
2554000;FOZ DO IGUACU;1994;8;22.0;bruto;Foz do Iguaçu
2554000;FOZ DO IGUACU;1994;9;104.1;bruto;Foz do Iguaçu
2554000;FOZ DO IGUACU;1994;10;215.3;bruto;Foz do Iguaçu
2554000;FOZ DO IGUACU;1994;11;348.2;bruto;Foz do Iguaçu
2554000;FOZ DO IGUACU;1994;12;243.2;bruto;Foz do Iguaçu
2554000;FOZ DO IGUACU;1995;1;239.9;bruto;Foz do Iguaçu
2554000;FOZ DO IGUACU;1995;2;169.7;bruto;Foz do Iguaçu
2554000;FOZ DO IGUACU;1995;3;192.6;bruto;Foz do Iguaçu
2554000;FOZ DO IGUACU;1995;4;102.7;bruto;Foz do Iguaçu
2554000;FOZ DO IGUACU;1995;5;11.9;bruto;Foz do Iguaçu
2554000;FOZ DO IGUACU;1995;6;32.7;bruto;Foz do Iguaçu
2554000;FOZ DO IGUACU;1995;7;23.0;bruto;Foz do Iguaçu
2554000;FOZ DO IGUACU;1995;8;49.0;bruto;Foz do Iguaçu
2554000;FOZ DO IGUACU;1995;9;178.6;bruto;Foz do Iguaçu
2554000;FOZ DO IGUACU;1995;10;171.1;bruto;Foz do Iguaçu
2554000;FOZ DO IGUACU;1995;11;21.7;bruto;Foz do Iguaçu
2554000;FOZ DO IGUACU;1995;12;99.2;bruto;Foz do Iguaçu
2554000;FOZ DO IGUACU;1996;1;94.6;bruto;Foz do Iguaçu
2554000;FOZ DO IGUACU;1996;2;141.2;bruto;Foz do Iguaçu
2554000;FOZ DO IGUACU;1996;3;165.0;bruto;Foz do Iguaçu
2554000;FOZ DO IGUACU;1996;4;110.5;bruto;Foz do Iguaçu
2554000;FOZ DO IGUACU;1996;5;105.4;bruto;Foz do Iguaçu
2554000;FOZ DO IGUACU;1996;6;118.9;bruto;Foz do Iguaçu
2554000;FOZ DO IGUACU;1996;7;42.8;bruto;Foz do Iguaçu
2554000;FOZ DO IGUACU;1996;8;1.1;bruto;Foz do Iguaçu
2554000;FOZ DO IGUACU;1996;9;88.2;bruto;Foz do Iguaçu
2554000;FOZ DO IGUACU;1996;10;568.8;bruto;Foz do Iguaçu
2554000;FOZ DO IGUACU;1996;11;105.8;bruto;Foz do Iguaçu
2554000;FOZ DO IGUACU;1996;12;491.3;bruto;Foz do Iguaçu
2554000;FOZ DO IGUACU;1997;1;117.4;bruto;Foz do Iguaçu
2554000;FOZ DO IGUACU;1997;2;131.9;bruto;Foz do Iguaçu
2554000;FOZ DO IGUACU;1997;3;35.6;bruto;Foz do Iguaçu
2554000;FOZ DO IGUACU;1997;4;14.0;bruto;Foz do Iguaçu
2554000;FOZ DO IGUACU;1997;5;311.0;bruto;Foz do Iguaçu
2554000;FOZ DO IGUACU;1997;6;147.7;bruto;Foz do Iguaçu
2554000;FOZ DO IGUACU;1997;7;78.7;bruto;Foz do Iguaçu
2554000;FOZ DO IGUACU;1997;8;163.7;bruto;Foz do Iguaçu
2554000;FOZ DO IGUACU;1997;9;168.5;bruto;Foz do Iguaçu
2554000;FOZ DO IGUACU;1997;10;231.3;bruto;Foz do Iguaçu
2554000;FOZ DO IGUACU;1997;11;251.1;bruto;Foz do Iguaçu
2554000;FOZ DO IGUACU;1997;12;114.7;bruto;Foz do Iguaçu
2554000;FOZ DO IGUACU;1998;1;179.3;bruto;Foz do Iguaçu
2554000;FOZ DO IGUACU;1998;2;219.5;bruto;Foz do Iguaçu
2554000;FOZ DO IGUACU;1998;3;345.7;bruto;Foz do Iguaçu
2554000;FOZ DO IGUACU;1998;4;274.2;bruto;Foz do Iguaçu
2554000;FOZ DO IGUACU;1998;5;208.5;bruto;Foz do Iguaçu
2554000;FOZ DO IGUACU;1998;6;82.7;bruto;Foz do Iguaçu
2554000;FOZ DO IGUACU;1998;7;47.0;consistido;Foz do Iguaçu
2554000;FOZ DO IGUACU;1998;8;235.6;bruto;Foz do Iguaçu
2554000;FOZ DO IGUACU;1998;9;237.8;bruto;Foz do Iguaçu
2554000;FOZ DO IGUACU;1998;10;276.2;consistido;Foz do Iguaçu
2554000;FOZ DO IGUACU;1998;11;34.3;bruto;Foz do Iguaçu
2554000;FOZ DO IGUACU;1998;12;96.4;bruto;Foz do Iguaçu
2554000;FOZ DO IGUACU;1999;1;159.6;bruto;Foz do Iguaçu
2554000;FOZ DO IGUACU;1999;2;94.7;bruto;Foz do Iguaçu
2554000;FOZ DO IGUACU;1999;3;78.7;bruto;Foz do Iguaçu
2554000;FOZ DO IGUACU;1999;4;167.9;bruto;Foz do Iguaçu
2554000;FOZ DO IGUACU;1999;5;124.7;bruto;Foz do Iguaçu
2554000;FOZ DO IGUACU;1999;6;143.1;bruto;Foz do Iguaçu
2554000;FOZ DO IGUACU;1999;7;86.0;bruto;Foz do Iguaçu
2554000;FOZ DO IGUACU;1999;8;;sem_leitura;Foz do Iguaçu
2554000;FOZ DO IGUACU;1999;9;;sem_leitura;Foz do Iguaçu
2554000;FOZ DO IGUACU;1999;10;;sem_leitura;Foz do Iguaçu
2554000;FOZ DO IGUACU;1999;11;;sem_leitura;Foz do Iguaçu
2554000;FOZ DO IGUACU;1999;12;;sem_leitura;Foz do Iguaçu
2554000;FOZ DO IGUACU;2006;1;;sem_leitura;Foz do Iguaçu
2554000;FOZ DO IGUACU;2006;2;45.8;bruto;Foz do Iguaçu
2554000;FOZ DO IGUACU;2006;3;165.4;bruto;Foz do Iguaçu
2554000;FOZ DO IGUACU;2006;4;11.3;bruto;Foz do Iguaçu
2554000;FOZ DO IGUACU;2006;5;0.0;bruto;Foz do Iguaçu
2554000;FOZ DO IGUACU;2006;6;2.9;bruto;Foz do Iguaçu
2554000;FOZ DO IGUACU;2006;7;57.0;bruto;Foz do Iguaçu
2554000;FOZ DO IGUACU;2006;8;14.0;bruto;Foz do Iguaçu
2554000;FOZ DO IGUACU;2006;9;;sem_leitura;Foz do Iguaçu
2554000;FOZ DO IGUACU;2006;10;;sem_leitura;Foz do Iguaçu
2554000;FOZ DO IGUACU;2006;11;;sem_leitura;Foz do Iguaçu
2554000;FOZ DO IGUACU;2006;12;160.1;bruto;Foz do Iguaçu
2554000;FOZ DO IGUACU;2007;1;159.6;bruto;Foz do Iguaçu
2554000;FOZ DO IGUACU;2007;2;106.0;bruto;Foz do Iguaçu
2554000;FOZ DO IGUACU;2007;3;46.3;bruto;Foz do Iguaçu
2554000;FOZ DO IGUACU;2007;4;165.6;bruto;Foz do Iguaçu
2554000;FOZ DO IGUACU;2007;5;174.5;bruto;Foz do Iguaçu
2554000;FOZ DO IGUACU;2007;6;2.8;bruto;Foz do Iguaçu
2554000;FOZ DO IGUACU;2007;7;77.8;bruto;Foz do Iguaçu
2554000;FOZ DO IGUACU;2007;8;8.0;bruto;Foz do Iguaçu
2554000;FOZ DO IGUACU;2007;9;14.6;bruto;Foz do Iguaçu
2554000;FOZ DO IGUACU;2007;10;155.0;bruto;Foz do Iguaçu
2554000;FOZ DO IGUACU;2007;11;195.9;bruto;Foz do Iguaçu
2554000;FOZ DO IGUACU;2007;12;81.7;bruto;Foz do Iguaçu
2554001;PARQUE NACIONAL DO ;1986;1;60.8;bruto;Foz do Iguaçu
2554001;PARQUE NACIONAL DO ;1986;2;223.0;bruto;Foz do Iguaçu
2554001;PARQUE NACIONAL DO ;1986;3;125.2;bruto;Foz do Iguaçu
2554001;PARQUE NACIONAL DO ;1986;4;84.9;bruto;Foz do Iguaçu
2554001;PARQUE NACIONAL DO ;1986;5;321.5;bruto;Foz do Iguaçu
2554001;PARQUE NACIONAL DO ;1986;6;34.7;bruto;Foz do Iguaçu
2554001;PARQUE NACIONAL DO ;1986;7;52.3;bruto;Foz do Iguaçu
2554001;PARQUE NACIONAL DO ;1986;8;105.7;bruto;Foz do Iguaçu
2554001;PARQUE NACIONAL DO ;1986;9;166.9;bruto;Foz do Iguaçu
2554001;PARQUE NACIONAL DO ;1986;10;137.4;bruto;Foz do Iguaçu
2554001;PARQUE NACIONAL DO ;1986;11;81.8;bruto;Foz do Iguaçu
2554001;PARQUE NACIONAL DO ;1986;12;130.2;bruto;Foz do Iguaçu
2554001;PARQUE NACIONAL DO ;1987;1;118.3;bruto;Foz do Iguaçu
2554001;PARQUE NACIONAL DO ;1987;2;154.4;bruto;Foz do Iguaçu
2554001;PARQUE NACIONAL DO ;1987;3;14.0;bruto;Foz do Iguaçu
2554001;PARQUE NACIONAL DO ;1987;4;244.0;bruto;Foz do Iguaçu
2554001;PARQUE NACIONAL DO ;1987;5;226.0;bruto;Foz do Iguaçu
2554001;PARQUE NACIONAL DO ;1987;6;41.5;bruto;Foz do Iguaçu
2554001;PARQUE NACIONAL DO ;1987;7;112.0;bruto;Foz do Iguaçu
2554001;PARQUE NACIONAL DO ;1987;8;50.8;bruto;Foz do Iguaçu
2554001;PARQUE NACIONAL DO ;1987;9;14.5;bruto;Foz do Iguaçu
2554001;PARQUE NACIONAL DO ;1987;10;295.7;bruto;Foz do Iguaçu
2554001;PARQUE NACIONAL DO ;1987;11;194.0;bruto;Foz do Iguaçu
2554001;PARQUE NACIONAL DO ;1987;12;175.6;bruto;Foz do Iguaçu
2554001;PARQUE NACIONAL DO ;1988;1;132.1;bruto;Foz do Iguaçu
2554001;PARQUE NACIONAL DO ;1988;2;125.0;bruto;Foz do Iguaçu
2554001;PARQUE NACIONAL DO ;1988;3;22.2;bruto;Foz do Iguaçu
2554001;PARQUE NACIONAL DO ;1988;4;174.8;bruto;Foz do Iguaçu
2554001;PARQUE NACIONAL DO ;1988;5;156.7;bruto;Foz do Iguaçu
2554001;PARQUE NACIONAL DO ;1988;6;156.2;bruto;Foz do Iguaçu
2554001;PARQUE NACIONAL DO ;1988;7;1.4;bruto;Foz do Iguaçu
2554001;PARQUE NACIONAL DO ;1988;8;12.8;bruto;Foz do Iguaçu
2554001;PARQUE NACIONAL DO ;1988;9;22.0;bruto;Foz do Iguaçu
2554001;PARQUE NACIONAL DO ;1988;10;152.3;bruto;Foz do Iguaçu
2554001;PARQUE NACIONAL DO ;1988;11;105.0;bruto;Foz do Iguaçu
2554001;PARQUE NACIONAL DO ;1988;12;127.2;bruto;Foz do Iguaçu
2554001;PARQUE NACIONAL DO ;1989;1;206.5;bruto;Foz do Iguaçu
2554001;PARQUE NACIONAL DO ;1989;2;194.3;bruto;Foz do Iguaçu
2554001;PARQUE NACIONAL DO ;1989;3;108.1;bruto;Foz do Iguaçu
2554001;PARQUE NACIONAL DO ;1989;4;100.4;bruto;Foz do Iguaçu
2554001;PARQUE NACIONAL DO ;1989;5;7.4;bruto;Foz do Iguaçu
2554001;PARQUE NACIONAL DO ;1989;6;174.0;bruto;Foz do Iguaçu
2554001;PARQUE NACIONAL DO ;1989;7;70.1;bruto;Foz do Iguaçu
2554001;PARQUE NACIONAL DO ;1989;8;260.6;bruto;Foz do Iguaçu
2554001;PARQUE NACIONAL DO ;1989;9;153.5;bruto;Foz do Iguaçu
2554001;PARQUE NACIONAL DO ;1989;10;215.5;bruto;Foz do Iguaçu
2554001;PARQUE NACIONAL DO ;1989;11;101.8;bruto;Foz do Iguaçu
2554001;PARQUE NACIONAL DO ;1989;12;165.7;bruto;Foz do Iguaçu
2554001;PARQUE NACIONAL DO ;1990;1;321.3;bruto;Foz do Iguaçu
2554001;PARQUE NACIONAL DO ;1990;2;73.6;bruto;Foz do Iguaçu
2554001;PARQUE NACIONAL DO ;1990;3;81.5;bruto;Foz do Iguaçu
2554001;PARQUE NACIONAL DO ;1990;4;372.2;bruto;Foz do Iguaçu
2554001;PARQUE NACIONAL DO ;1990;5;193.1;bruto;Foz do Iguaçu
2554001;PARQUE NACIONAL DO ;1990;6;251.6;bruto;Foz do Iguaçu
2554001;PARQUE NACIONAL DO ;1990;7;116.3;bruto;Foz do Iguaçu
2554001;PARQUE NACIONAL DO ;1990;8;314.4;bruto;Foz do Iguaçu
2554001;PARQUE NACIONAL DO ;1990;9;302.6;bruto;Foz do Iguaçu
2554001;PARQUE NACIONAL DO ;1990;10;146.1;bruto;Foz do Iguaçu
2554001;PARQUE NACIONAL DO ;1990;11;71.2;bruto;Foz do Iguaçu
2554001;PARQUE NACIONAL DO ;1990;12;146.1;bruto;Foz do Iguaçu
2554001;PARQUE NACIONAL DO ;1991;1;247.2;bruto;Foz do Iguaçu
2554001;PARQUE NACIONAL DO ;1991;2;5.5;bruto;Foz do Iguaçu
2554001;PARQUE NACIONAL DO ;1991;3;88.1;bruto;Foz do Iguaçu
2554001;PARQUE NACIONAL DO ;1991;4;124.2;bruto;Foz do Iguaçu
2554001;PARQUE NACIONAL DO ;1991;5;74.9;bruto;Foz do Iguaçu
2554001;PARQUE NACIONAL DO ;1991;6;271.0;bruto;Foz do Iguaçu
2554001;PARQUE NACIONAL DO ;1991;7;32.1;bruto;Foz do Iguaçu
2554001;PARQUE NACIONAL DO ;1991;8;32.7;bruto;Foz do Iguaçu
2554001;PARQUE NACIONAL DO ;1991;9;146.6;bruto;Foz do Iguaçu
2554001;PARQUE NACIONAL DO ;1991;10;57.7;bruto;Foz do Iguaçu
2554001;PARQUE NACIONAL DO ;1991;11;158.8;bruto;Foz do Iguaçu
2554001;PARQUE NACIONAL DO ;1991;12;324.7;consistido;Foz do Iguaçu
2554001;PARQUE NACIONAL DO ;1992;1;28.0;bruto;Foz do Iguaçu
2554001;PARQUE NACIONAL DO ;1992;2;211.2;bruto;Foz do Iguaçu
2554001;PARQUE NACIONAL DO ;1992;3;108.8;bruto;Foz do Iguaçu
2554001;PARQUE NACIONAL DO ;1992;4;183.4;bruto;Foz do Iguaçu
2554001;PARQUE NACIONAL DO ;1992;5;330.5;bruto;Foz do Iguaçu
2554001;PARQUE NACIONAL DO ;1992;6;164.9;bruto;Foz do Iguaçu
2554001;PARQUE NACIONAL DO ;1992;7;110.0;bruto;Foz do Iguaçu
2554001;PARQUE NACIONAL DO ;1992;8;156.1;bruto;Foz do Iguaçu
2554001;PARQUE NACIONAL DO ;1992;9;101.6;bruto;Foz do Iguaçu
2554001;PARQUE NACIONAL DO ;1992;10;193.8;bruto;Foz do Iguaçu
2554001;PARQUE NACIONAL DO ;1992;11;153.1;bruto;Foz do Iguaçu
2554001;PARQUE NACIONAL DO ;1992;12;62.1;bruto;Foz do Iguaçu
2554001;PARQUE NACIONAL DO ;1993;1;145.4;bruto;Foz do Iguaçu
2554001;PARQUE NACIONAL DO ;1993;2;172.0;bruto;Foz do Iguaçu
2554001;PARQUE NACIONAL DO ;1993;3;155.4;bruto;Foz do Iguaçu
2554001;PARQUE NACIONAL DO ;1993;4;20.4;bruto;Foz do Iguaçu
2554001;PARQUE NACIONAL DO ;1993;5;219.9;bruto;Foz do Iguaçu
2554001;PARQUE NACIONAL DO ;1993;6;115.6;bruto;Foz do Iguaçu
2554001;PARQUE NACIONAL DO ;1993;7;126.4;bruto;Foz do Iguaçu
2554001;PARQUE NACIONAL DO ;1993;8;14.4;bruto;Foz do Iguaçu
2554001;PARQUE NACIONAL DO ;1993;9;246.9;bruto;Foz do Iguaçu
2554001;PARQUE NACIONAL DO ;1993;10;156.0;bruto;Foz do Iguaçu
2554001;PARQUE NACIONAL DO ;1993;11;161.9;bruto;Foz do Iguaçu
2554001;PARQUE NACIONAL DO ;1993;12;128.0;bruto;Foz do Iguaçu
2554001;PARQUE NACIONAL DO ;1994;1;10.3;bruto;Foz do Iguaçu
2554001;PARQUE NACIONAL DO ;1994;2;163.5;bruto;Foz do Iguaçu
2554001;PARQUE NACIONAL DO ;1994;3;63.7;bruto;Foz do Iguaçu
2554001;PARQUE NACIONAL DO ;1994;4;84.3;bruto;Foz do Iguaçu
2554001;PARQUE NACIONAL DO ;1994;5;176.0;bruto;Foz do Iguaçu
2554001;PARQUE NACIONAL DO ;1994;6;214.2;bruto;Foz do Iguaçu
2554001;PARQUE NACIONAL DO ;1994;7;69.7;bruto;Foz do Iguaçu
2554001;PARQUE NACIONAL DO ;1994;8;17.0;bruto;Foz do Iguaçu
2554001;PARQUE NACIONAL DO ;1994;9;112.4;bruto;Foz do Iguaçu
2554001;PARQUE NACIONAL DO ;1994;10;148.9;bruto;Foz do Iguaçu
2554001;PARQUE NACIONAL DO ;1994;11;387.8;bruto;Foz do Iguaçu
2554001;PARQUE NACIONAL DO ;1994;12;221.6;bruto;Foz do Iguaçu
2554001;PARQUE NACIONAL DO ;1995;1;187.7;bruto;Foz do Iguaçu
2554001;PARQUE NACIONAL DO ;1995;2;158.0;bruto;Foz do Iguaçu
2554001;PARQUE NACIONAL DO ;1995;3;208.8;bruto;Foz do Iguaçu
2554001;PARQUE NACIONAL DO ;1995;4;127.2;bruto;Foz do Iguaçu
2554001;PARQUE NACIONAL DO ;1995;5;8.9;bruto;Foz do Iguaçu
2554001;PARQUE NACIONAL DO ;1995;6;53.0;bruto;Foz do Iguaçu
2554001;PARQUE NACIONAL DO ;1995;7;38.7;bruto;Foz do Iguaçu
2554001;PARQUE NACIONAL DO ;1995;8;42.6;bruto;Foz do Iguaçu
2554001;PARQUE NACIONAL DO ;1995;9;214.2;bruto;Foz do Iguaçu
2554001;PARQUE NACIONAL DO ;1995;10;168.6;bruto;Foz do Iguaçu
2554001;PARQUE NACIONAL DO ;1995;11;44.2;bruto;Foz do Iguaçu
2554001;PARQUE NACIONAL DO ;1995;12;124.9;bruto;Foz do Iguaçu
2554001;PARQUE NACIONAL DO ;1996;1;180.3;bruto;Foz do Iguaçu
2554001;PARQUE NACIONAL DO ;1996;2;152.9;bruto;Foz do Iguaçu
2554001;PARQUE NACIONAL DO ;1996;3;177.1;bruto;Foz do Iguaçu
2554001;PARQUE NACIONAL DO ;1996;4;66.9;bruto;Foz do Iguaçu
2554001;PARQUE NACIONAL DO ;1996;5;70.4;bruto;Foz do Iguaçu
2554001;PARQUE NACIONAL DO ;1996;6;92.0;bruto;Foz do Iguaçu
2554001;PARQUE NACIONAL DO ;1996;7;80.1;bruto;Foz do Iguaçu
2554001;PARQUE NACIONAL DO ;1996;8;47.2;bruto;Foz do Iguaçu
2554001;PARQUE NACIONAL DO ;1996;9;106.7;bruto;Foz do Iguaçu
2554001;PARQUE NACIONAL DO ;1996;10;666.2;bruto;Foz do Iguaçu
2554001;PARQUE NACIONAL DO ;1996;11;117.8;bruto;Foz do Iguaçu
2554001;PARQUE NACIONAL DO ;1996;12;417.8;bruto;Foz do Iguaçu
2554001;PARQUE NACIONAL DO ;1997;1;84.0;bruto;Foz do Iguaçu
2554001;PARQUE NACIONAL DO ;1997;2;106.0;bruto;Foz do Iguaçu
2554001;PARQUE NACIONAL DO ;1997;3;73.7;bruto;Foz do Iguaçu
2554001;PARQUE NACIONAL DO ;1997;4;28.7;bruto;Foz do Iguaçu
2554001;PARQUE NACIONAL DO ;1997;5;372.1;bruto;Foz do Iguaçu
2554001;PARQUE NACIONAL DO ;1997;6;191.4;bruto;Foz do Iguaçu
2554001;PARQUE NACIONAL DO ;1997;7;96.5;bruto;Foz do Iguaçu
2554001;PARQUE NACIONAL DO ;1997;8;222.1;bruto;Foz do Iguaçu
2554001;PARQUE NACIONAL DO ;1997;9;156.0;bruto;Foz do Iguaçu
2554001;PARQUE NACIONAL DO ;1997;10;213.7;bruto;Foz do Iguaçu
2554001;PARQUE NACIONAL DO ;1997;11;320.0;bruto;Foz do Iguaçu
2554001;PARQUE NACIONAL DO ;1997;12;118.1;bruto;Foz do Iguaçu
2554001;PARQUE NACIONAL DO ;1998;1;157.3;bruto;Foz do Iguaçu
2554001;PARQUE NACIONAL DO ;1998;2;365.7;bruto;Foz do Iguaçu
2554001;PARQUE NACIONAL DO ;1998;3;343.3;bruto;Foz do Iguaçu
2554001;PARQUE NACIONAL DO ;1998;4;254.5;bruto;Foz do Iguaçu
2554001;PARQUE NACIONAL DO ;1998;5;69.9;bruto;Foz do Iguaçu
2554001;PARQUE NACIONAL DO ;1998;6;87.3;bruto;Foz do Iguaçu
2554001;PARQUE NACIONAL DO ;1998;7;59.3;bruto;Foz do Iguaçu
2554001;PARQUE NACIONAL DO ;1998;8;307.3;bruto;Foz do Iguaçu
2554001;PARQUE NACIONAL DO ;1998;9;204.1;bruto;Foz do Iguaçu
2554001;PARQUE NACIONAL DO ;1998;10;223.1;bruto;Foz do Iguaçu
2554001;PARQUE NACIONAL DO ;1998;11;44.6;bruto;Foz do Iguaçu
2554001;PARQUE NACIONAL DO ;1998;12;172.6;bruto;Foz do Iguaçu
2554001;PARQUE NACIONAL DO ;1999;1;158.6;bruto;Foz do Iguaçu
2554001;PARQUE NACIONAL DO ;1999;2;136.0;bruto;Foz do Iguaçu
2554001;PARQUE NACIONAL DO ;1999;3;108.4;bruto;Foz do Iguaçu
2554001;PARQUE NACIONAL DO ;1999;4;150.2;bruto;Foz do Iguaçu
2554001;PARQUE NACIONAL DO ;1999;5;141.2;bruto;Foz do Iguaçu
2554001;PARQUE NACIONAL DO ;1999;6;144.6;bruto;Foz do Iguaçu
2554001;PARQUE NACIONAL DO ;1999;7;98.6;bruto;Foz do Iguaçu
2554001;PARQUE NACIONAL DO ;1999;8;3.8;bruto;Foz do Iguaçu
2554001;PARQUE NACIONAL DO ;1999;9;72.2;bruto;Foz do Iguaçu
2554001;PARQUE NACIONAL DO ;1999;10;61.1;bruto;Foz do Iguaçu
2554001;PARQUE NACIONAL DO ;1999;11;86.8;bruto;Foz do Iguaçu
2554001;PARQUE NACIONAL DO ;1999;12;200.5;bruto;Foz do Iguaçu
2554001;PARQUE NACIONAL DO ;2000;1;210.2;bruto;Foz do Iguaçu
2554001;PARQUE NACIONAL DO ;2000;2;186.8;bruto;Foz do Iguaçu
2554001;PARQUE NACIONAL DO ;2000;3;70.3;bruto;Foz do Iguaçu
2554001;PARQUE NACIONAL DO ;2000;4;128.6;bruto;Foz do Iguaçu
2554001;PARQUE NACIONAL DO ;2000;5;183.9;bruto;Foz do Iguaçu
2554001;PARQUE NACIONAL DO ;2000;6;226.4;bruto;Foz do Iguaçu
2554001;PARQUE NACIONAL DO ;2000;7;48.9;bruto;Foz do Iguaçu
2554001;PARQUE NACIONAL DO ;2000;8;119.1;bruto;Foz do Iguaçu
2554001;PARQUE NACIONAL DO ;2000;9;118.0;bruto;Foz do Iguaçu
2554001;PARQUE NACIONAL DO ;2000;10;234.7;bruto;Foz do Iguaçu
2554001;PARQUE NACIONAL DO ;2000;11;113.1;bruto;Foz do Iguaçu
2554001;PARQUE NACIONAL DO ;2000;12;209.7;bruto;Foz do Iguaçu
2554001;PARQUE NACIONAL DO ;2001;1;130.8;bruto;Foz do Iguaçu
2554001;PARQUE NACIONAL DO ;2001;2;175.4;bruto;Foz do Iguaçu
2554001;PARQUE NACIONAL DO ;2001;3;99.6;bruto;Foz do Iguaçu
2554001;PARQUE NACIONAL DO ;2001;4;200.1;bruto;Foz do Iguaçu
2554001;PARQUE NACIONAL DO ;2001;5;88.1;bruto;Foz do Iguaçu
2554001;PARQUE NACIONAL DO ;2001;6;130.6;bruto;Foz do Iguaçu
2554001;PARQUE NACIONAL DO ;2001;7;89.7;bruto;Foz do Iguaçu
2554001;PARQUE NACIONAL DO ;2001;8;47.0;bruto;Foz do Iguaçu
2554001;PARQUE NACIONAL DO ;2001;9;149.3;bruto;Foz do Iguaçu
2554001;PARQUE NACIONAL DO ;2001;10;130.2;bruto;Foz do Iguaçu
2554001;PARQUE NACIONAL DO ;2001;11;244.0;bruto;Foz do Iguaçu
2554001;PARQUE NACIONAL DO ;2001;12;154.1;bruto;Foz do Iguaçu
2554001;PARQUE NACIONAL DO ;2002;1;330.4;bruto;Foz do Iguaçu
2554001;PARQUE NACIONAL DO ;2002;2;119.1;bruto;Foz do Iguaçu
2554001;PARQUE NACIONAL DO ;2002;3;48.8;bruto;Foz do Iguaçu
2554001;PARQUE NACIONAL DO ;2002;4;12.2;bruto;Foz do Iguaçu
2554001;PARQUE NACIONAL DO ;2002;5;373.0;bruto;Foz do Iguaçu
2554001;PARQUE NACIONAL DO ;2002;6;71.2;bruto;Foz do Iguaçu
2554001;PARQUE NACIONAL DO ;2002;7;50.8;bruto;Foz do Iguaçu
2554001;PARQUE NACIONAL DO ;2002;8;96.3;bruto;Foz do Iguaçu
2554001;PARQUE NACIONAL DO ;2002;9;29.3;bruto;Foz do Iguaçu
2554001;PARQUE NACIONAL DO ;2002;10;266.0;bruto;Foz do Iguaçu
2554001;PARQUE NACIONAL DO ;2002;11;274.6;bruto;Foz do Iguaçu
2554001;PARQUE NACIONAL DO ;2002;12;241.3;bruto;Foz do Iguaçu
2554001;PARQUE NACIONAL DO ;2003;1;147.5;bruto;Foz do Iguaçu
2554001;PARQUE NACIONAL DO ;2003;2;166.9;bruto;Foz do Iguaçu
2554001;PARQUE NACIONAL DO ;2003;3;61.5;bruto;Foz do Iguaçu
2554001;PARQUE NACIONAL DO ;2003;4;120.9;bruto;Foz do Iguaçu
2554001;PARQUE NACIONAL DO ;2003;5;39.9;bruto;Foz do Iguaçu
2554001;PARQUE NACIONAL DO ;2003;6;73.6;bruto;Foz do Iguaçu
2554001;PARQUE NACIONAL DO ;2003;7;53.2;bruto;Foz do Iguaçu
2554001;PARQUE NACIONAL DO ;2003;8;22.5;bruto;Foz do Iguaçu
2554001;PARQUE NACIONAL DO ;2003;9;175.0;bruto;Foz do Iguaçu
2554001;PARQUE NACIONAL DO ;2003;10;333.1;bruto;Foz do Iguaçu
2554001;PARQUE NACIONAL DO ;2003;11;109.4;bruto;Foz do Iguaçu
2554001;PARQUE NACIONAL DO ;2003;12;396.0;bruto;Foz do Iguaçu
2554001;PARQUE NACIONAL DO ;2004;1;77.4;bruto;Foz do Iguaçu
2554001;PARQUE NACIONAL DO ;2004;2;52.7;bruto;Foz do Iguaçu
2554001;PARQUE NACIONAL DO ;2004;3;44.5;bruto;Foz do Iguaçu
2554001;PARQUE NACIONAL DO ;2004;4;101.0;bruto;Foz do Iguaçu
2554001;PARQUE NACIONAL DO ;2004;5;292.8;bruto;Foz do Iguaçu
2554001;PARQUE NACIONAL DO ;2004;6;101.0;bruto;Foz do Iguaçu
2554001;PARQUE NACIONAL DO ;2004;7;172.3;bruto;Foz do Iguaçu
2554001;PARQUE NACIONAL DO ;2004;8;18.6;bruto;Foz do Iguaçu
2554001;PARQUE NACIONAL DO ;2004;9;39.6;bruto;Foz do Iguaçu
2554001;PARQUE NACIONAL DO ;2004;10;283.7;bruto;Foz do Iguaçu
2554001;PARQUE NACIONAL DO ;2004;11;205.2;bruto;Foz do Iguaçu
2554001;PARQUE NACIONAL DO ;2004;12;18.8;bruto;Foz do Iguaçu
2554001;PARQUE NACIONAL DO ;2005;1;250.8;bruto;Foz do Iguaçu
2554001;PARQUE NACIONAL DO ;2005;2;16.2;bruto;Foz do Iguaçu
2554001;PARQUE NACIONAL DO ;2005;3;39.6;bruto;Foz do Iguaçu
2554001;PARQUE NACIONAL DO ;2005;4;141.7;bruto;Foz do Iguaçu
2554001;PARQUE NACIONAL DO ;2005;5;396.8;bruto;Foz do Iguaçu
2554001;PARQUE NACIONAL DO ;2005;6;184.6;bruto;Foz do Iguaçu
2554001;PARQUE NACIONAL DO ;2005;7;81.0;bruto;Foz do Iguaçu
2554001;PARQUE NACIONAL DO ;2005;8;78.5;bruto;Foz do Iguaçu
2554001;PARQUE NACIONAL DO ;2005;9;189.4;bruto;Foz do Iguaçu
2554001;PARQUE NACIONAL DO ;2005;10;442.3;bruto;Foz do Iguaçu
2554001;PARQUE NACIONAL DO ;2005;11;104.4;bruto;Foz do Iguaçu
2554001;PARQUE NACIONAL DO ;2005;12;25.4;bruto;Foz do Iguaçu
2554001;PARQUE NACIONAL DO ;2006;1;209.8;bruto;Foz do Iguaçu
2554001;PARQUE NACIONAL DO ;2006;2;92.5;bruto;Foz do Iguaçu
2554001;PARQUE NACIONAL DO ;2006;3;173.5;bruto;Foz do Iguaçu
2554001;PARQUE NACIONAL DO ;2006;4;56.0;consistido;Foz do Iguaçu
2554001;PARQUE NACIONAL DO ;2006;5;0.0;bruto;Foz do Iguaçu
2554001;PARQUE NACIONAL DO ;2006;6;76.9;bruto;Foz do Iguaçu
2554001;PARQUE NACIONAL DO ;2006;7;38.4;bruto;Foz do Iguaçu
2554001;PARQUE NACIONAL DO ;2006;8;95.0;bruto;Foz do Iguaçu
2554001;PARQUE NACIONAL DO ;2006;9;211.5;bruto;Foz do Iguaçu
2554001;PARQUE NACIONAL DO ;2006;10;232.6;bruto;Foz do Iguaçu
2554001;PARQUE NACIONAL DO ;2006;11;158.6;bruto;Foz do Iguaçu
2554001;PARQUE NACIONAL DO ;2006;12;168.2;bruto;Foz do Iguaçu
2554001;PARQUE NACIONAL DO ;2007;1;113.7;bruto;Foz do Iguaçu
2554001;PARQUE NACIONAL DO ;2007;2;135.1;bruto;Foz do Iguaçu
2554001;PARQUE NACIONAL DO ;2007;3;73.6;bruto;Foz do Iguaçu
2554001;PARQUE NACIONAL DO ;2007;4;218.1;bruto;Foz do Iguaçu
2554001;PARQUE NACIONAL DO ;2007;5;206.6;bruto;Foz do Iguaçu
2554001;PARQUE NACIONAL DO ;2007;6;4.8;bruto;Foz do Iguaçu
2554001;PARQUE NACIONAL DO ;2007;7;108.8;bruto;Foz do Iguaçu
2554001;PARQUE NACIONAL DO ;2007;8;2.0;bruto;Foz do Iguaçu
2554001;PARQUE NACIONAL DO ;2007;9;;sem_leitura;Foz do Iguaçu
2554001;PARQUE NACIONAL DO ;2007;10;;sem_leitura;Foz do Iguaçu
2554001;PARQUE NACIONAL DO ;2007;11;96.0;bruto;Foz do Iguaçu
2554001;PARQUE NACIONAL DO ;2007;12;69.4;bruto;Foz do Iguaçu
2554001;PARQUE NACIONAL DO ;2008;1;133.0;bruto;Foz do Iguaçu
2554001;PARQUE NACIONAL DO ;2008;2;63.5;bruto;Foz do Iguaçu
2554001;PARQUE NACIONAL DO ;2008;3;66.5;bruto;Foz do Iguaçu
2554001;PARQUE NACIONAL DO ;2008;4;;sem_leitura;Foz do Iguaçu
2554001;PARQUE NACIONAL DO ;2008;5;;sem_leitura;Foz do Iguaçu
2554001;PARQUE NACIONAL DO ;2008;6;117.3;bruto;Foz do Iguaçu
2554001;PARQUE NACIONAL DO ;2008;7;;sem_leitura;Foz do Iguaçu
2554001;PARQUE NACIONAL DO ;2008;8;12.0;bruto;Foz do Iguaçu
2554001;PARQUE NACIONAL DO ;2008;9;117.0;bruto;Foz do Iguaçu
2554001;PARQUE NACIONAL DO ;2008;10;196.1;bruto;Foz do Iguaçu
2554001;PARQUE NACIONAL DO ;2008;11;75.0;bruto;Foz do Iguaçu
2554001;PARQUE NACIONAL DO ;2008;12;;sem_leitura;Foz do Iguaçu
2554002;SALTO CATARATAS;1986;1;164.9;bruto;Foz do Iguaçu
2554002;SALTO CATARATAS;1986;2;282.0;bruto;Foz do Iguaçu
2554002;SALTO CATARATAS;1986;3;183.5;bruto;Foz do Iguaçu
2554002;SALTO CATARATAS;1986;4;91.0;bruto;Foz do Iguaçu
2554002;SALTO CATARATAS;1986;5;335.8;bruto;Foz do Iguaçu
2554002;SALTO CATARATAS;1986;6;42.1;bruto;Foz do Iguaçu
2554002;SALTO CATARATAS;1986;7;70.6;bruto;Foz do Iguaçu
2554002;SALTO CATARATAS;1986;8;123.3;bruto;Foz do Iguaçu
2554002;SALTO CATARATAS;1986;9;175.1;bruto;Foz do Iguaçu
2554002;SALTO CATARATAS;1986;10;131.6;bruto;Foz do Iguaçu
2554002;SALTO CATARATAS;1986;11;102.5;bruto;Foz do Iguaçu
2554002;SALTO CATARATAS;1986;12;209.3;bruto;Foz do Iguaçu
2554002;SALTO CATARATAS;1987;1;149.9;bruto;Foz do Iguaçu
2554002;SALTO CATARATAS;1987;2;208.7;bruto;Foz do Iguaçu
2554002;SALTO CATARATAS;1987;3;40.5;bruto;Foz do Iguaçu
2554002;SALTO CATARATAS;1987;4;268.4;bruto;Foz do Iguaçu
2554002;SALTO CATARATAS;1987;5;251.8;bruto;Foz do Iguaçu
2554002;SALTO CATARATAS;1987;6;48.8;bruto;Foz do Iguaçu
2554002;SALTO CATARATAS;1987;7;111.6;bruto;Foz do Iguaçu
2554002;SALTO CATARATAS;1987;8;35.6;bruto;Foz do Iguaçu
2554002;SALTO CATARATAS;1987;9;17.9;bruto;Foz do Iguaçu
2554002;SALTO CATARATAS;1987;10;294.5;bruto;Foz do Iguaçu
2554002;SALTO CATARATAS;1987;11;200.8;bruto;Foz do Iguaçu
2554002;SALTO CATARATAS;1987;12;206.1;bruto;Foz do Iguaçu
2554002;SALTO CATARATAS;1988;1;98.1;bruto;Foz do Iguaçu
2554002;SALTO CATARATAS;1988;2;135.8;bruto;Foz do Iguaçu
2554002;SALTO CATARATAS;1988;3;34.7;bruto;Foz do Iguaçu
2554002;SALTO CATARATAS;1988;4;176.8;bruto;Foz do Iguaçu
2554002;SALTO CATARATAS;1988;5;163.3;bruto;Foz do Iguaçu
2554002;SALTO CATARATAS;1988;6;134.1;bruto;Foz do Iguaçu
2554002;SALTO CATARATAS;1988;7;2.3;bruto;Foz do Iguaçu
2554002;SALTO CATARATAS;1988;8;11.4;bruto;Foz do Iguaçu
2554002;SALTO CATARATAS;1988;9;21.4;bruto;Foz do Iguaçu
2554002;SALTO CATARATAS;1988;10;199.0;bruto;Foz do Iguaçu
2554002;SALTO CATARATAS;1988;11;69.4;bruto;Foz do Iguaçu
2554002;SALTO CATARATAS;1988;12;70.0;bruto;Foz do Iguaçu
2554002;SALTO CATARATAS;1989;1;226.1;bruto;Foz do Iguaçu
2554002;SALTO CATARATAS;1989;2;151.5;bruto;Foz do Iguaçu
2554002;SALTO CATARATAS;1989;3;86.0;bruto;Foz do Iguaçu
2554002;SALTO CATARATAS;1989;4;113.0;bruto;Foz do Iguaçu
2554002;SALTO CATARATAS;1989;5;61.8;bruto;Foz do Iguaçu
2554002;SALTO CATARATAS;1989;6;155.6;bruto;Foz do Iguaçu
2554002;SALTO CATARATAS;1989;7;71.1;bruto;Foz do Iguaçu
2554002;SALTO CATARATAS;1989;8;251.0;bruto;Foz do Iguaçu
2554002;SALTO CATARATAS;1989;9;179.5;bruto;Foz do Iguaçu
2554002;SALTO CATARATAS;1989;10;220.0;bruto;Foz do Iguaçu
2554002;SALTO CATARATAS;1989;11;67.3;bruto;Foz do Iguaçu
2554002;SALTO CATARATAS;1989;12;119.8;bruto;Foz do Iguaçu
2554002;SALTO CATARATAS;1990;1;390.5;bruto;Foz do Iguaçu
2554002;SALTO CATARATAS;1990;2;76.9;bruto;Foz do Iguaçu
2554002;SALTO CATARATAS;1990;3;111.6;bruto;Foz do Iguaçu
2554002;SALTO CATARATAS;1990;4;288.5;bruto;Foz do Iguaçu
2554002;SALTO CATARATAS;1990;5;234.3;bruto;Foz do Iguaçu
2554002;SALTO CATARATAS;1990;6;271.9;bruto;Foz do Iguaçu
2554002;SALTO CATARATAS;1990;7;129.7;bruto;Foz do Iguaçu
2554002;SALTO CATARATAS;1990;8;317.7;bruto;Foz do Iguaçu
2554002;SALTO CATARATAS;1990;9;335.5;bruto;Foz do Iguaçu
2554002;SALTO CATARATAS;1990;10;117.7;bruto;Foz do Iguaçu
2554002;SALTO CATARATAS;1990;11;107.4;bruto;Foz do Iguaçu
2554002;SALTO CATARATAS;1990;12;139.9;bruto;Foz do Iguaçu
2554002;SALTO CATARATAS;1991;1;233.9;bruto;Foz do Iguaçu
2554002;SALTO CATARATAS;1991;2;0.5;bruto;Foz do Iguaçu
2554002;SALTO CATARATAS;1991;3;71.2;bruto;Foz do Iguaçu
2554002;SALTO CATARATAS;1991;4;139.2;bruto;Foz do Iguaçu
2554002;SALTO CATARATAS;1991;5;77.5;bruto;Foz do Iguaçu
2554002;SALTO CATARATAS;1991;6;286.6;bruto;Foz do Iguaçu
2554002;SALTO CATARATAS;1991;7;24.5;bruto;Foz do Iguaçu
2554002;SALTO CATARATAS;1991;8;50.2;bruto;Foz do Iguaçu
2554002;SALTO CATARATAS;1991;9;104.4;bruto;Foz do Iguaçu
2554002;SALTO CATARATAS;1991;10;78.6;bruto;Foz do Iguaçu
2554002;SALTO CATARATAS;1991;11;148.8;bruto;Foz do Iguaçu
2554002;SALTO CATARATAS;1991;12;247.9;bruto;Foz do Iguaçu
2554002;SALTO CATARATAS;1992;1;10.2;bruto;Foz do Iguaçu
2554002;SALTO CATARATAS;1992;2;247.0;bruto;Foz do Iguaçu
2554002;SALTO CATARATAS;1992;3;191.2;bruto;Foz do Iguaçu
2554002;SALTO CATARATAS;1992;4;185.4;bruto;Foz do Iguaçu
2554002;SALTO CATARATAS;1992;5;373.9;bruto;Foz do Iguaçu
2554002;SALTO CATARATAS;1992;6;134.9;bruto;Foz do Iguaçu
2554002;SALTO CATARATAS;1992;7;155.6;bruto;Foz do Iguaçu
2554002;SALTO CATARATAS;1992;8;167.4;bruto;Foz do Iguaçu
2554002;SALTO CATARATAS;1992;9;118.5;bruto;Foz do Iguaçu
2554002;SALTO CATARATAS;1992;10;169.6;bruto;Foz do Iguaçu
2554002;SALTO CATARATAS;1992;11;137.7;bruto;Foz do Iguaçu
2554002;SALTO CATARATAS;1992;12;86.1;bruto;Foz do Iguaçu
2554002;SALTO CATARATAS;1993;1;196.0;bruto;Foz do Iguaçu
2554002;SALTO CATARATAS;1993;2;160.2;bruto;Foz do Iguaçu
2554002;SALTO CATARATAS;1993;3;160.8;bruto;Foz do Iguaçu
2554002;SALTO CATARATAS;1993;4;18.9;bruto;Foz do Iguaçu
2554002;SALTO CATARATAS;1993;5;222.2;bruto;Foz do Iguaçu
2554002;SALTO CATARATAS;1993;6;226.7;bruto;Foz do Iguaçu
2554002;SALTO CATARATAS;1993;7;152.9;bruto;Foz do Iguaçu
2554002;SALTO CATARATAS;1993;8;20.5;bruto;Foz do Iguaçu
2554002;SALTO CATARATAS;1993;9;215.8;bruto;Foz do Iguaçu
2554002;SALTO CATARATAS;1993;10;179.5;bruto;Foz do Iguaçu
2554002;SALTO CATARATAS;1993;11;177.1;bruto;Foz do Iguaçu
2554002;SALTO CATARATAS;1993;12;146.0;bruto;Foz do Iguaçu
2554002;SALTO CATARATAS;1994;1;37.9;bruto;Foz do Iguaçu
2554002;SALTO CATARATAS;1994;2;257.9;bruto;Foz do Iguaçu
2554002;SALTO CATARATAS;1994;3;54.3;bruto;Foz do Iguaçu
2554002;SALTO CATARATAS;1994;4;118.9;bruto;Foz do Iguaçu
2554002;SALTO CATARATAS;1994;5;214.3;bruto;Foz do Iguaçu
2554002;SALTO CATARATAS;1994;6;248.7;bruto;Foz do Iguaçu
2554002;SALTO CATARATAS;1994;7;69.6;bruto;Foz do Iguaçu
2554002;SALTO CATARATAS;1994;8;27.4;bruto;Foz do Iguaçu
2554002;SALTO CATARATAS;1994;9;113.9;bruto;Foz do Iguaçu
2554002;SALTO CATARATAS;1994;10;189.0;bruto;Foz do Iguaçu
2554002;SALTO CATARATAS;1994;11;375.7;bruto;Foz do Iguaçu
2554002;SALTO CATARATAS;1994;12;244.2;bruto;Foz do Iguaçu
2554002;SALTO CATARATAS;1995;1;136.3;bruto;Foz do Iguaçu
2554002;SALTO CATARATAS;1995;2;120.3;bruto;Foz do Iguaçu
2554002;SALTO CATARATAS;1995;3;194.0;bruto;Foz do Iguaçu
2554002;SALTO CATARATAS;1995;4;138.1;bruto;Foz do Iguaçu
2554002;SALTO CATARATAS;1995;5;12.8;bruto;Foz do Iguaçu
2554002;SALTO CATARATAS;1995;6;53.3;bruto;Foz do Iguaçu
2554002;SALTO CATARATAS;1995;7;55.0;bruto;Foz do Iguaçu
2554002;SALTO CATARATAS;1995;8;27.9;bruto;Foz do Iguaçu
2554002;SALTO CATARATAS;1995;9;168.2;bruto;Foz do Iguaçu
2554002;SALTO CATARATAS;1995;10;209.7;bruto;Foz do Iguaçu
2554002;SALTO CATARATAS;1995;11;37.3;bruto;Foz do Iguaçu
2554002;SALTO CATARATAS;1995;12;96.8;bruto;Foz do Iguaçu
2554002;SALTO CATARATAS;1996;1;166.1;bruto;Foz do Iguaçu
2554002;SALTO CATARATAS;1996;2;180.5;bruto;Foz do Iguaçu
2554002;SALTO CATARATAS;1996;3;185.9;bruto;Foz do Iguaçu
2554002;SALTO CATARATAS;1996;4;106.6;bruto;Foz do Iguaçu
2554002;SALTO CATARATAS;1996;5;104.0;bruto;Foz do Iguaçu
2554002;SALTO CATARATAS;1996;6;109.6;bruto;Foz do Iguaçu
2554002;SALTO CATARATAS;1996;7;71.0;bruto;Foz do Iguaçu
2554002;SALTO CATARATAS;1996;8;14.8;bruto;Foz do Iguaçu
2554002;SALTO CATARATAS;1996;9;139.0;bruto;Foz do Iguaçu
2554002;SALTO CATARATAS;1996;10;636.2;bruto;Foz do Iguaçu
2554002;SALTO CATARATAS;1996;11;160.6;bruto;Foz do Iguaçu
2554002;SALTO CATARATAS;1996;12;514.4;bruto;Foz do Iguaçu
2554002;SALTO CATARATAS;1997;1;132.5;bruto;Foz do Iguaçu
2554002;SALTO CATARATAS;1997;2;146.5;bruto;Foz do Iguaçu
2554002;SALTO CATARATAS;1997;3;38.2;bruto;Foz do Iguaçu
2554002;SALTO CATARATAS;1997;4;75.6;bruto;Foz do Iguaçu
2554002;SALTO CATARATAS;1997;5;367.6;bruto;Foz do Iguaçu
2554002;SALTO CATARATAS;1997;6;275.4;bruto;Foz do Iguaçu
2554002;SALTO CATARATAS;1997;7;96.6;bruto;Foz do Iguaçu
2554002;SALTO CATARATAS;1997;8;191.6;bruto;Foz do Iguaçu
2554002;SALTO CATARATAS;1997;9;213.4;bruto;Foz do Iguaçu
2554002;SALTO CATARATAS;1997;10;200.9;bruto;Foz do Iguaçu
2554002;SALTO CATARATAS;1997;11;332.7;bruto;Foz do Iguaçu
2554002;SALTO CATARATAS;1997;12;124.9;bruto;Foz do Iguaçu
2554002;SALTO CATARATAS;1998;1;93.3;bruto;Foz do Iguaçu
2554002;SALTO CATARATAS;1998;2;242.7;bruto;Foz do Iguaçu
2554002;SALTO CATARATAS;1998;3;279.0;bruto;Foz do Iguaçu
2554002;SALTO CATARATAS;1998;4;292.5;bruto;Foz do Iguaçu
2554002;SALTO CATARATAS;1998;5;152.6;bruto;Foz do Iguaçu
2554002;SALTO CATARATAS;1998;6;82.8;bruto;Foz do Iguaçu
2554002;SALTO CATARATAS;1998;7;39.0;bruto;Foz do Iguaçu
2554002;SALTO CATARATAS;1998;8;303.0;bruto;Foz do Iguaçu
2554002;SALTO CATARATAS;1998;9;227.9;bruto;Foz do Iguaçu
2554002;SALTO CATARATAS;1998;10;272.3;bruto;Foz do Iguaçu
2554002;SALTO CATARATAS;1998;11;35.2;bruto;Foz do Iguaçu
2554002;SALTO CATARATAS;1998;12;126.8;bruto;Foz do Iguaçu
2554002;SALTO CATARATAS;1999;1;171.2;bruto;Foz do Iguaçu
2554002;SALTO CATARATAS;1999;2;133.7;bruto;Foz do Iguaçu
2554002;SALTO CATARATAS;1999;3;68.9;bruto;Foz do Iguaçu
2554002;SALTO CATARATAS;1999;4;125.6;bruto;Foz do Iguaçu
2554002;SALTO CATARATAS;1999;5;132.4;bruto;Foz do Iguaçu
2554002;SALTO CATARATAS;1999;6;167.9;bruto;Foz do Iguaçu
2554002;SALTO CATARATAS;1999;7;109.5;bruto;Foz do Iguaçu
2554002;SALTO CATARATAS;1999;8;19.0;bruto;Foz do Iguaçu
2554002;SALTO CATARATAS;1999;9;60.8;bruto;Foz do Iguaçu
2554002;SALTO CATARATAS;1999;10;41.5;bruto;Foz do Iguaçu
2554002;SALTO CATARATAS;1999;11;66.3;bruto;Foz do Iguaçu
2554002;SALTO CATARATAS;1999;12;197.5;bruto;Foz do Iguaçu
2554002;SALTO CATARATAS;2000;1;223.2;bruto;Foz do Iguaçu
2554002;SALTO CATARATAS;2000;2;192.7;bruto;Foz do Iguaçu
2554002;SALTO CATARATAS;2000;3;52.8;bruto;Foz do Iguaçu
2554002;SALTO CATARATAS;2000;4;143.5;bruto;Foz do Iguaçu
2554002;SALTO CATARATAS;2000;5;158.2;bruto;Foz do Iguaçu
2554002;SALTO CATARATAS;2000;6;185.1;bruto;Foz do Iguaçu
2554002;SALTO CATARATAS;2000;7;60.7;bruto;Foz do Iguaçu
2554002;SALTO CATARATAS;2000;8;126.8;bruto;Foz do Iguaçu
2554002;SALTO CATARATAS;2000;9;142.7;bruto;Foz do Iguaçu
2554002;SALTO CATARATAS;2000;10;216.8;bruto;Foz do Iguaçu
2554002;SALTO CATARATAS;2000;11;128.2;bruto;Foz do Iguaçu
2554002;SALTO CATARATAS;2000;12;196.5;bruto;Foz do Iguaçu
2554002;SALTO CATARATAS;2001;1;172.7;bruto;Foz do Iguaçu
2554002;SALTO CATARATAS;2001;2;275.1;bruto;Foz do Iguaçu
2554002;SALTO CATARATAS;2001;3;86.1;bruto;Foz do Iguaçu
2554002;SALTO CATARATAS;2001;4;158.2;bruto;Foz do Iguaçu
2554002;SALTO CATARATAS;2001;5;68.5;bruto;Foz do Iguaçu
2554002;SALTO CATARATAS;2001;6;121.4;bruto;Foz do Iguaçu
2554002;SALTO CATARATAS;2001;7;97.7;bruto;Foz do Iguaçu
2554002;SALTO CATARATAS;2001;8;50.3;bruto;Foz do Iguaçu
2554002;SALTO CATARATAS;2001;9;134.6;bruto;Foz do Iguaçu
2554002;SALTO CATARATAS;2001;10;117.6;bruto;Foz do Iguaçu
2554002;SALTO CATARATAS;2001;11;170.4;bruto;Foz do Iguaçu
2554002;SALTO CATARATAS;2001;12;186.2;bruto;Foz do Iguaçu
2554002;SALTO CATARATAS;2002;1;290.3;bruto;Foz do Iguaçu
2554002;SALTO CATARATAS;2002;2;53.4;bruto;Foz do Iguaçu
2554002;SALTO CATARATAS;2002;3;64.6;bruto;Foz do Iguaçu
2554002;SALTO CATARATAS;2002;4;39.5;bruto;Foz do Iguaçu
2554002;SALTO CATARATAS;2002;5;350.9;bruto;Foz do Iguaçu
2554002;SALTO CATARATAS;2002;6;87.3;bruto;Foz do Iguaçu
2554002;SALTO CATARATAS;2002;7;69.2;bruto;Foz do Iguaçu
2554002;SALTO CATARATAS;2002;8;94.7;bruto;Foz do Iguaçu
2554002;SALTO CATARATAS;2002;9;115.7;bruto;Foz do Iguaçu
2554002;SALTO CATARATAS;2002;10;297.2;bruto;Foz do Iguaçu
2554002;SALTO CATARATAS;2002;11;316.5;bruto;Foz do Iguaçu
2554002;SALTO CATARATAS;2002;12;294.6;bruto;Foz do Iguaçu
2554002;SALTO CATARATAS;2003;1;99.1;bruto;Foz do Iguaçu
2554002;SALTO CATARATAS;2003;2;166.6;bruto;Foz do Iguaçu
2554002;SALTO CATARATAS;2003;3;84.4;bruto;Foz do Iguaçu
2554002;SALTO CATARATAS;2003;4;133.5;bruto;Foz do Iguaçu
2554002;SALTO CATARATAS;2003;5;30.5;bruto;Foz do Iguaçu
2554002;SALTO CATARATAS;2003;6;82.8;bruto;Foz do Iguaçu
2554002;SALTO CATARATAS;2003;7;62.8;bruto;Foz do Iguaçu
2554002;SALTO CATARATAS;2003;8;49.7;bruto;Foz do Iguaçu
2554002;SALTO CATARATAS;2003;9;194.1;bruto;Foz do Iguaçu
2554002;SALTO CATARATAS;2003;10;324.7;bruto;Foz do Iguaçu
2554002;SALTO CATARATAS;2003;11;117.2;bruto;Foz do Iguaçu
2554002;SALTO CATARATAS;2003;12;442.1;bruto;Foz do Iguaçu
2554002;SALTO CATARATAS;2004;1;13.5;bruto;Foz do Iguaçu
2554002;SALTO CATARATAS;2004;2;44.9;bruto;Foz do Iguaçu
2554002;SALTO CATARATAS;2004;3;67.5;bruto;Foz do Iguaçu
2554002;SALTO CATARATAS;2004;4;132.9;bruto;Foz do Iguaçu
2554002;SALTO CATARATAS;2004;5;356.5;bruto;Foz do Iguaçu
2554002;SALTO CATARATAS;2004;6;66.9;bruto;Foz do Iguaçu
2554002;SALTO CATARATAS;2004;7;156.1;bruto;Foz do Iguaçu
2554002;SALTO CATARATAS;2004;8;14.5;bruto;Foz do Iguaçu
2554002;SALTO CATARATAS;2004;9;49.3;bruto;Foz do Iguaçu
2554002;SALTO CATARATAS;2004;10;245.8;bruto;Foz do Iguaçu
2554002;SALTO CATARATAS;2004;11;171.3;bruto;Foz do Iguaçu
2554002;SALTO CATARATAS;2004;12;29.1;bruto;Foz do Iguaçu
2554002;SALTO CATARATAS;2005;1;168.8;bruto;Foz do Iguaçu
2554002;SALTO CATARATAS;2005;2;9.7;bruto;Foz do Iguaçu
2554002;SALTO CATARATAS;2005;3;33.5;bruto;Foz do Iguaçu
2554002;SALTO CATARATAS;2005;4;119.7;bruto;Foz do Iguaçu
2554002;SALTO CATARATAS;2005;5;331.5;bruto;Foz do Iguaçu
2554002;SALTO CATARATAS;2005;6;188.1;bruto;Foz do Iguaçu
2554002;SALTO CATARATAS;2005;7;85.0;bruto;Foz do Iguaçu
2554002;SALTO CATARATAS;2005;8;41.2;bruto;Foz do Iguaçu
2554002;SALTO CATARATAS;2005;9;227.0;bruto;Foz do Iguaçu
2554002;SALTO CATARATAS;2005;10;405.2;bruto;Foz do Iguaçu
2554002;SALTO CATARATAS;2005;11;36.8;bruto;Foz do Iguaçu
2554002;SALTO CATARATAS;2005;12;50.9;bruto;Foz do Iguaçu
2554002;SALTO CATARATAS;2006;1;206.5;bruto;Foz do Iguaçu
2554002;SALTO CATARATAS;2006;2;64.0;bruto;Foz do Iguaçu
2554002;SALTO CATARATAS;2006;3;220.2;bruto;Foz do Iguaçu
2554002;SALTO CATARATAS;2006;4;79.0;bruto;Foz do Iguaçu
2554002;SALTO CATARATAS;2006;5;2.0;bruto;Foz do Iguaçu
2554002;SALTO CATARATAS;2006;6;92.6;bruto;Foz do Iguaçu
2554002;SALTO CATARATAS;2006;7;26.4;bruto;Foz do Iguaçu
2554002;SALTO CATARATAS;2006;8;88.2;bruto;Foz do Iguaçu
2554002;SALTO CATARATAS;2006;9;184.0;bruto;Foz do Iguaçu
2554002;SALTO CATARATAS;2006;10;174.0;bruto;Foz do Iguaçu
2554002;SALTO CATARATAS;2006;11;232.6;bruto;Foz do Iguaçu
2554002;SALTO CATARATAS;2006;12;244.2;bruto;Foz do Iguaçu
2554002;SALTO CATARATAS;2007;1;149.0;bruto;Foz do Iguaçu
2554002;SALTO CATARATAS;2007;2;101.9;bruto;Foz do Iguaçu
2554002;SALTO CATARATAS;2007;3;66.8;bruto;Foz do Iguaçu
2554002;SALTO CATARATAS;2007;4;232.2;bruto;Foz do Iguaçu
2554002;SALTO CATARATAS;2007;5;179.8;bruto;Foz do Iguaçu
2554002;SALTO CATARATAS;2007;6;19.0;bruto;Foz do Iguaçu
2554002;SALTO CATARATAS;2007;7;88.4;bruto;Foz do Iguaçu
2554002;SALTO CATARATAS;2007;8;20.8;bruto;Foz do Iguaçu
2554002;SALTO CATARATAS;2007;9;26.4;bruto;Foz do Iguaçu
2554002;SALTO CATARATAS;2007;10;129.2;bruto;Foz do Iguaçu
2554002;SALTO CATARATAS;2007;11;193.5;bruto;Foz do Iguaçu
2554002;SALTO CATARATAS;2007;12;169.0;bruto;Foz do Iguaçu
2554002;SALTO CATARATAS;2008;1;171.0;bruto;Foz do Iguaçu
2554002;SALTO CATARATAS;2008;2;99.0;bruto;Foz do Iguaçu
2554002;SALTO CATARATAS;2008;3;38.7;bruto;Foz do Iguaçu
2554002;SALTO CATARATAS;2008;4;269.3;bruto;Foz do Iguaçu
2554002;SALTO CATARATAS;2008;5;89.0;bruto;Foz do Iguaçu
2554002;SALTO CATARATAS;2008;6;204.0;bruto;Foz do Iguaçu
2554002;SALTO CATARATAS;2008;7;79.0;bruto;Foz do Iguaçu
2554002;SALTO CATARATAS;2008;8;187.0;bruto;Foz do Iguaçu
2554002;SALTO CATARATAS;2008;9;146.0;bruto;Foz do Iguaçu
2554002;SALTO CATARATAS;2008;10;289.0;bruto;Foz do Iguaçu
2554002;SALTO CATARATAS;2008;11;109.0;bruto;Foz do Iguaçu
2554002;SALTO CATARATAS;2008;12;43.0;bruto;Foz do Iguaçu
2554002;SALTO CATARATAS;2009;1;183.0;bruto;Foz do Iguaçu
2554002;SALTO CATARATAS;2009;2;150.0;bruto;Foz do Iguaçu
2554002;SALTO CATARATAS;2009;3;45.0;bruto;Foz do Iguaçu
2554002;SALTO CATARATAS;2009;4;76.0;bruto;Foz do Iguaçu
2554002;SALTO CATARATAS;2009;5;321.0;bruto;Foz do Iguaçu
2554002;SALTO CATARATAS;2009;6;102.0;bruto;Foz do Iguaçu
2554002;SALTO CATARATAS;2009;7;161.0;bruto;Foz do Iguaçu
2554002;SALTO CATARATAS;2009;8;176.0;bruto;Foz do Iguaçu
2554002;SALTO CATARATAS;2009;9;255.0;bruto;Foz do Iguaçu
2554002;SALTO CATARATAS;2009;10;403.0;bruto;Foz do Iguaçu
2554002;SALTO CATARATAS;2009;11;203.0;bruto;Foz do Iguaçu
2554002;SALTO CATARATAS;2009;12;217.0;bruto;Foz do Iguaçu
2554002;SALTO CATARATAS;2010;1;155.0;bruto;Foz do Iguaçu
2554002;SALTO CATARATAS;2010;2;142.0;bruto;Foz do Iguaçu
2554002;SALTO CATARATAS;2010;3;256.0;bruto;Foz do Iguaçu
2554002;SALTO CATARATAS;2010;4;141.0;bruto;Foz do Iguaçu
2554002;SALTO CATARATAS;2010;5;90.0;bruto;Foz do Iguaçu
2554002;SALTO CATARATAS;2010;6;58.0;bruto;Foz do Iguaçu
2554002;SALTO CATARATAS;2010;7;127.0;bruto;Foz do Iguaçu
2554002;SALTO CATARATAS;2010;8;21.0;bruto;Foz do Iguaçu
2554002;SALTO CATARATAS;2010;9;106.0;bruto;Foz do Iguaçu
2554002;SALTO CATARATAS;2010;10;222.0;bruto;Foz do Iguaçu
2554002;SALTO CATARATAS;2010;11;74.0;bruto;Foz do Iguaçu
2554002;SALTO CATARATAS;2010;12;319.0;bruto;Foz do Iguaçu
2554002;SALTO CATARATAS;2011;1;104.0;bruto;Foz do Iguaçu
2554002;SALTO CATARATAS;2011;2;125.0;bruto;Foz do Iguaçu
2554002;SALTO CATARATAS;2011;3;88.0;bruto;Foz do Iguaçu
2554002;SALTO CATARATAS;2011;4;131.0;bruto;Foz do Iguaçu
2554002;SALTO CATARATAS;2011;5;11.0;bruto;Foz do Iguaçu
2554002;SALTO CATARATAS;2011;6;85.0;bruto;Foz do Iguaçu
2554002;SALTO CATARATAS;2011;7;217.0;bruto;Foz do Iguaçu
2554002;SALTO CATARATAS;2011;8;191.0;bruto;Foz do Iguaçu
2554002;SALTO CATARATAS;2011;9;160.0;bruto;Foz do Iguaçu
2554002;SALTO CATARATAS;2011;10;283.0;bruto;Foz do Iguaçu
2554002;SALTO CATARATAS;2011;11;142.0;bruto;Foz do Iguaçu
2554002;SALTO CATARATAS;2011;12;43.0;bruto;Foz do Iguaçu
2554002;SALTO CATARATAS;2012;1;121.0;bruto;Foz do Iguaçu
2554002;SALTO CATARATAS;2012;2;41.0;bruto;Foz do Iguaçu
2554002;SALTO CATARATAS;2012;3;61.0;bruto;Foz do Iguaçu
2554002;SALTO CATARATAS;2012;4;243.0;bruto;Foz do Iguaçu
2554002;SALTO CATARATAS;2012;5;103.0;bruto;Foz do Iguaçu
2554002;SALTO CATARATAS;2012;6;156.0;bruto;Foz do Iguaçu
2554002;SALTO CATARATAS;2012;7;140.0;bruto;Foz do Iguaçu
2554002;SALTO CATARATAS;2012;8;3.0;bruto;Foz do Iguaçu
2554002;SALTO CATARATAS;2012;9;43.2;consistido;Foz do Iguaçu
2554002;SALTO CATARATAS;2012;10;265.0;bruto;Foz do Iguaçu
2554002;SALTO CATARATAS;2012;11;80.0;bruto;Foz do Iguaçu
2554002;SALTO CATARATAS;2012;12;184.0;bruto;Foz do Iguaçu
2554002;SALTO CATARATAS;2013;1;160.0;bruto;Foz do Iguaçu
2554002;SALTO CATARATAS;2013;2;166.0;bruto;Foz do Iguaçu
2554002;SALTO CATARATAS;2013;3;154.0;bruto;Foz do Iguaçu
2554002;SALTO CATARATAS;2013;4;72.0;bruto;Foz do Iguaçu
2554002;SALTO CATARATAS;2013;5;202.0;bruto;Foz do Iguaçu
2554002;SALTO CATARATAS;2013;6;242.0;bruto;Foz do Iguaçu
2554002;SALTO CATARATAS;2013;7;54.0;bruto;Foz do Iguaçu
2554002;SALTO CATARATAS;2013;8;57.0;bruto;Foz do Iguaçu
2554002;SALTO CATARATAS;2013;9;136.0;bruto;Foz do Iguaçu
2554002;SALTO CATARATAS;2013;10;174.0;bruto;Foz do Iguaçu
2554002;SALTO CATARATAS;2013;11;148.0;bruto;Foz do Iguaçu
2554002;SALTO CATARATAS;2013;12;108.0;bruto;Foz do Iguaçu
2554002;SALTO CATARATAS;2014;1;194.0;bruto;Foz do Iguaçu
2554002;SALTO CATARATAS;2014;2;90.0;bruto;Foz do Iguaçu
2554002;SALTO CATARATAS;2014;3;285.0;bruto;Foz do Iguaçu
2554002;SALTO CATARATAS;2014;4;234.0;bruto;Foz do Iguaçu
2554002;SALTO CATARATAS;2014;5;232.0;bruto;Foz do Iguaçu
2554002;SALTO CATARATAS;2014;6;438.0;bruto;Foz do Iguaçu
2554002;SALTO CATARATAS;2014;7;208.0;bruto;Foz do Iguaçu
2554002;SALTO CATARATAS;2014;8;20.0;bruto;Foz do Iguaçu
2554002;SALTO CATARATAS;2014;9;201.0;bruto;Foz do Iguaçu
2554002;SALTO CATARATAS;2014;10;74.0;bruto;Foz do Iguaçu
2554002;SALTO CATARATAS;2014;11;133.0;bruto;Foz do Iguaçu
2554002;SALTO CATARATAS;2014;12;235.0;bruto;Foz do Iguaçu
2554002;SALTO CATARATAS;2015;1;110.0;bruto;Foz do Iguaçu
2554002;SALTO CATARATAS;2015;2;126.0;bruto;Foz do Iguaçu
2554002;SALTO CATARATAS;2015;3;103.0;bruto;Foz do Iguaçu
2554002;SALTO CATARATAS;2015;4;114.0;bruto;Foz do Iguaçu
2554002;SALTO CATARATAS;2015;5;214.0;bruto;Foz do Iguaçu
2554002;SALTO CATARATAS;2015;6;104.0;bruto;Foz do Iguaçu
2554002;SALTO CATARATAS;2015;7;246.0;bruto;Foz do Iguaçu
2554002;SALTO CATARATAS;2015;8;42.0;bruto;Foz do Iguaçu
2554002;SALTO CATARATAS;2015;9;100.0;bruto;Foz do Iguaçu
2554002;SALTO CATARATAS;2015;10;108.0;bruto;Foz do Iguaçu
2554002;SALTO CATARATAS;2015;11;294.0;bruto;Foz do Iguaçu
2554002;SALTO CATARATAS;2015;12;366.0;bruto;Foz do Iguaçu
2554002;SALTO CATARATAS;2016;1;158.0;bruto;Foz do Iguaçu
2554002;SALTO CATARATAS;2016;2;181.0;bruto;Foz do Iguaçu
2554002;SALTO CATARATAS;2016;3;242.0;bruto;Foz do Iguaçu
2554002;SALTO CATARATAS;2016;4;66.0;bruto;Foz do Iguaçu
2554002;SALTO CATARATAS;2016;5;153.0;bruto;Foz do Iguaçu
2554002;SALTO CATARATAS;2016;6;34.0;bruto;Foz do Iguaçu
2554002;SALTO CATARATAS;2016;7;62.0;bruto;Foz do Iguaçu
2554002;SALTO CATARATAS;2016;8;172.0;bruto;Foz do Iguaçu
2554002;SALTO CATARATAS;2016;9;43.0;bruto;Foz do Iguaçu
2554002;SALTO CATARATAS;2016;10;247.9;consistido;Foz do Iguaçu
2554002;SALTO CATARATAS;2016;11;95.0;bruto;Foz do Iguaçu
2554002;SALTO CATARATAS;2016;12;232.0;bruto;Foz do Iguaçu
2554002;SALTO CATARATAS;2017;1;90.0;bruto;Foz do Iguaçu
2554002;SALTO CATARATAS;2017;2;217.0;bruto;Foz do Iguaçu
2554002;SALTO CATARATAS;2017;3;126.0;bruto;Foz do Iguaçu
2554002;SALTO CATARATAS;2017;4;196.0;bruto;Foz do Iguaçu
2554002;SALTO CATARATAS;2017;5;221.0;bruto;Foz do Iguaçu
2554002;SALTO CATARATAS;2017;6;70.0;bruto;Foz do Iguaçu
2554002;SALTO CATARATAS;2017;7;6.0;bruto;Foz do Iguaçu
2554002;SALTO CATARATAS;2017;8;167.0;bruto;Foz do Iguaçu
2554002;SALTO CATARATAS;2017;9;17.0;bruto;Foz do Iguaçu
2554002;SALTO CATARATAS;2017;10;392.0;bruto;Foz do Iguaçu
2554002;SALTO CATARATAS;2017;11;265.0;bruto;Foz do Iguaçu
2554002;SALTO CATARATAS;2017;12;154.0;bruto;Foz do Iguaçu
2554002;SALTO CATARATAS;2018;1;355.0;bruto;Foz do Iguaçu
2554002;SALTO CATARATAS;2018;2;188.0;bruto;Foz do Iguaçu
2554002;SALTO CATARATAS;2018;3;248.0;bruto;Foz do Iguaçu
2554002;SALTO CATARATAS;2018;4;50.0;bruto;Foz do Iguaçu
2554002;SALTO CATARATAS;2018;5;62.0;bruto;Foz do Iguaçu
2554002;SALTO CATARATAS;2018;6;66.0;bruto;Foz do Iguaçu
2554002;SALTO CATARATAS;2018;7;19.0;bruto;Foz do Iguaçu
2554002;SALTO CATARATAS;2018;8;84.0;bruto;Foz do Iguaçu
2554002;SALTO CATARATAS;2018;9;197.0;bruto;Foz do Iguaçu
2554002;SALTO CATARATAS;2018;10;256.0;bruto;Foz do Iguaçu
2554002;SALTO CATARATAS;2018;11;103.0;bruto;Foz do Iguaçu
2554002;SALTO CATARATAS;2018;12;45.0;bruto;Foz do Iguaçu
2554002;SALTO CATARATAS;2019;1;111.0;bruto;Foz do Iguaçu
2554002;SALTO CATARATAS;2019;2;173.0;bruto;Foz do Iguaçu
2554002;SALTO CATARATAS;2019;3;253.0;bruto;Foz do Iguaçu
2554002;SALTO CATARATAS;2019;4;200.0;bruto;Foz do Iguaçu
2554002;SALTO CATARATAS;2019;5;182.0;bruto;Foz do Iguaçu
2554002;SALTO CATARATAS;2019;6;16.0;bruto;Foz do Iguaçu
2554002;SALTO CATARATAS;2019;7;47.0;bruto;Foz do Iguaçu
2554002;SALTO CATARATAS;2019;8;0.0;bruto;Foz do Iguaçu
2554002;SALTO CATARATAS;2019;9;36.0;bruto;Foz do Iguaçu
2554002;SALTO CATARATAS;2019;10;91.0;bruto;Foz do Iguaçu
2554002;SALTO CATARATAS;2019;11;92.0;bruto;Foz do Iguaçu
2554002;SALTO CATARATAS;2019;12;161.0;bruto;Foz do Iguaçu
2554005;MATELANDIA;1986;1;272.3;bruto;Matelandia
2554005;MATELANDIA;1986;2;265.8;bruto;Matelandia
2554005;MATELANDIA;1986;3;140.4;bruto;Matelandia
2554005;MATELANDIA;1986;4;121.6;bruto;Matelandia
2554005;MATELANDIA;1986;5;354.5;bruto;Matelandia
2554005;MATELANDIA;1986;6;20.7;bruto;Matelandia
2554005;MATELANDIA;1986;7;100.6;bruto;Matelandia
2554005;MATELANDIA;1986;8;118.1;bruto;Matelandia
2554005;MATELANDIA;1986;9;222.4;bruto;Matelandia
2554005;MATELANDIA;1986;10;181.5;bruto;Matelandia
2554005;MATELANDIA;1986;11;182.1;bruto;Matelandia
2554005;MATELANDIA;1986;12;232.6;bruto;Matelandia
2554005;MATELANDIA;1987;1;282.9;bruto;Matelandia
2554005;MATELANDIA;1987;2;280.8;bruto;Matelandia
2554005;MATELANDIA;1987;3;304.5;bruto;Matelandia
2554005;MATELANDIA;1987;4;257.5;bruto;Matelandia
2554005;MATELANDIA;1987;5;348.0;bruto;Matelandia
2554005;MATELANDIA;1987;6;154.4;bruto;Matelandia
2554005;MATELANDIA;1987;7;143.6;bruto;Matelandia
2554005;MATELANDIA;1987;8;59.9;bruto;Matelandia
2554005;MATELANDIA;1987;9;12.1;bruto;Matelandia
2554005;MATELANDIA;1987;10;274.7;bruto;Matelandia
2554005;MATELANDIA;1987;11;318.4;bruto;Matelandia
2554005;MATELANDIA;1987;12;161.6;bruto;Matelandia
2554005;MATELANDIA;1988;1;57.1;bruto;Matelandia
2554005;MATELANDIA;1988;2;95.3;bruto;Matelandia
2554005;MATELANDIA;1988;3;66.6;bruto;Matelandia
2554005;MATELANDIA;1988;4;287.5;bruto;Matelandia
2554005;MATELANDIA;1988;5;272.8;bruto;Matelandia
2554005;MATELANDIA;1988;6;166.9;bruto;Matelandia
2554005;MATELANDIA;1988;7;9.9;bruto;Matelandia
2554005;MATELANDIA;1988;8;12.1;bruto;Matelandia
2554005;MATELANDIA;1988;9;41.9;bruto;Matelandia
2554005;MATELANDIA;1988;10;148.9;bruto;Matelandia
2554005;MATELANDIA;1988;11;94.5;bruto;Matelandia
2554005;MATELANDIA;1988;12;110.5;bruto;Matelandia
2554005;MATELANDIA;1989;1;202.9;bruto;Matelandia
2554005;MATELANDIA;1989;2;305.4;bruto;Matelandia
2554005;MATELANDIA;1989;3;172.6;bruto;Matelandia
2554005;MATELANDIA;1989;4;74.1;bruto;Matelandia
2554005;MATELANDIA;1989;5;35.5;bruto;Matelandia
2554005;MATELANDIA;1989;6;152.4;bruto;Matelandia
2554005;MATELANDIA;1989;7;113.1;bruto;Matelandia
2554005;MATELANDIA;1989;8;255.4;bruto;Matelandia
2554005;MATELANDIA;1989;9;281.0;bruto;Matelandia
2554005;MATELANDIA;1989;10;191.6;bruto;Matelandia
2554005;MATELANDIA;1989;11;90.3;bruto;Matelandia
2554005;MATELANDIA;1989;12;83.6;bruto;Matelandia
2554005;MATELANDIA;1990;1;408.5;bruto;Matelandia
2554005;MATELANDIA;1990;2;105.3;bruto;Matelandia
2554005;MATELANDIA;1990;3;192.9;bruto;Matelandia
2554005;MATELANDIA;1990;4;350.0;bruto;Matelandia
2554005;MATELANDIA;1990;5;173.3;bruto;Matelandia
2554005;MATELANDIA;1990;6;182.9;bruto;Matelandia
2554005;MATELANDIA;1990;7;164.7;bruto;Matelandia
2554005;MATELANDIA;1990;8;318.3;bruto;Matelandia
2554005;MATELANDIA;1990;9;205.9;bruto;Matelandia
2554005;MATELANDIA;1990;10;267.2;bruto;Matelandia
2554005;MATELANDIA;1990;11;100.7;bruto;Matelandia
2554005;MATELANDIA;1990;12;95.5;bruto;Matelandia
2554005;MATELANDIA;1991;1;336.7;bruto;Matelandia
2554005;MATELANDIA;1991;2;82.6;bruto;Matelandia
2554005;MATELANDIA;1991;3;165.7;bruto;Matelandia
2554005;MATELANDIA;1991;4;131.8;bruto;Matelandia
2554005;MATELANDIA;1991;5;75.2;bruto;Matelandia
2554005;MATELANDIA;1991;6;282.7;bruto;Matelandia
2554005;MATELANDIA;1991;7;47.4;bruto;Matelandia
2554005;MATELANDIA;1991;8;33.8;bruto;Matelandia
2554005;MATELANDIA;1991;9;102.2;bruto;Matelandia
2554005;MATELANDIA;1991;10;122.6;bruto;Matelandia
2554005;MATELANDIA;1991;11;116.0;bruto;Matelandia
2554005;MATELANDIA;1991;12;354.9;bruto;Matelandia
2554005;MATELANDIA;1992;1;39.7;bruto;Matelandia
2554005;MATELANDIA;1992;2;200.3;bruto;Matelandia
2554005;MATELANDIA;1992;3;263.4;bruto;Matelandia
2554005;MATELANDIA;1992;4;184.4;bruto;Matelandia
2554005;MATELANDIA;1992;5;557.3;bruto;Matelandia
2554005;MATELANDIA;1992;6;134.7;bruto;Matelandia
2554005;MATELANDIA;1992;7;181.0;bruto;Matelandia
2554005;MATELANDIA;1992;8;159.0;bruto;Matelandia
2554005;MATELANDIA;1992;9;135.7;bruto;Matelandia
2554005;MATELANDIA;1992;10;176.4;bruto;Matelandia
2554005;MATELANDIA;1992;11;143.9;bruto;Matelandia
2554005;MATELANDIA;1992;12;104.1;bruto;Matelandia
2554005;MATELANDIA;1993;1;199.7;bruto;Matelandia
2554005;MATELANDIA;1993;2;142.5;bruto;Matelandia
2554005;MATELANDIA;1993;3;143.8;bruto;Matelandia
2554005;MATELANDIA;1993;4;61.6;bruto;Matelandia
2554005;MATELANDIA;1993;5;430.9;bruto;Matelandia
2554005;MATELANDIA;1993;6;190.5;bruto;Matelandia
2554005;MATELANDIA;1993;7;208.3;bruto;Matelandia
2554005;MATELANDIA;1993;8;2.0;bruto;Matelandia
2554005;MATELANDIA;1993;9;213.7;bruto;Matelandia
2554005;MATELANDIA;1993;10;185.7;bruto;Matelandia
2554005;MATELANDIA;1993;11;135.2;bruto;Matelandia
2554005;MATELANDIA;1993;12;128.9;bruto;Matelandia
2554005;MATELANDIA;1994;1;106.1;bruto;Matelandia
2554005;MATELANDIA;1994;2;222.1;bruto;Matelandia
2554005;MATELANDIA;1994;3;57.0;bruto;Matelandia
2554005;MATELANDIA;1994;4;199.3;bruto;Matelandia
2554005;MATELANDIA;1994;5;226.3;bruto;Matelandia
2554005;MATELANDIA;1994;6;299.2;bruto;Matelandia
2554005;MATELANDIA;1994;7;98.4;bruto;Matelandia
2554005;MATELANDIA;1994;8;21.3;bruto;Matelandia
2554005;MATELANDIA;1994;9;101.9;bruto;Matelandia
2554005;MATELANDIA;1994;10;332.1;bruto;Matelandia
2554005;MATELANDIA;1994;11;211.6;bruto;Matelandia
2554005;MATELANDIA;1994;12;182.6;bruto;Matelandia
2554005;MATELANDIA;1995;1;286.0;bruto;Matelandia
2554005;MATELANDIA;1995;2;107.5;bruto;Matelandia
2554005;MATELANDIA;1995;3;207.1;bruto;Matelandia
2554005;MATELANDIA;1995;4;146.0;bruto;Matelandia
2554005;MATELANDIA;1995;5;22.3;bruto;Matelandia
2554005;MATELANDIA;1995;6;128.8;bruto;Matelandia
2554005;MATELANDIA;1995;7;93.0;bruto;Matelandia
2554005;MATELANDIA;1995;8;35.2;bruto;Matelandia
2554005;MATELANDIA;1995;9;112.9;bruto;Matelandia
2554005;MATELANDIA;1995;10;269.6;bruto;Matelandia
2554005;MATELANDIA;1995;11;103.1;bruto;Matelandia
2554005;MATELANDIA;1995;12;96.8;bruto;Matelandia
2554005;MATELANDIA;1996;1;173.3;bruto;Matelandia
2554005;MATELANDIA;1996;2;186.1;bruto;Matelandia
2554005;MATELANDIA;1996;3;296.6;bruto;Matelandia
2554005;MATELANDIA;1996;4;90.1;bruto;Matelandia
2554005;MATELANDIA;1996;5;44.3;bruto;Matelandia
2554005;MATELANDIA;1996;6;141.8;bruto;Matelandia
2554005;MATELANDIA;1996;7;33.4;bruto;Matelandia
2554005;MATELANDIA;1996;8;7.5;bruto;Matelandia
2554005;MATELANDIA;1996;9;191.2;bruto;Matelandia
2554005;MATELANDIA;1996;10;558.4;bruto;Matelandia
2554005;MATELANDIA;1996;11;147.9;bruto;Matelandia
2554005;MATELANDIA;1996;12;506.1;bruto;Matelandia
2554005;MATELANDIA;1997;1;202.6;bruto;Matelandia
2554005;MATELANDIA;1997;2;139.6;bruto;Matelandia
2554005;MATELANDIA;1997;3;53.5;bruto;Matelandia
2554005;MATELANDIA;1997;4;27.7;bruto;Matelandia
2554005;MATELANDIA;1997;5;284.9;bruto;Matelandia
2554005;MATELANDIA;1997;6;208.9;bruto;Matelandia
2554005;MATELANDIA;1997;7;79.8;bruto;Matelandia
2554005;MATELANDIA;1997;8;195.8;bruto;Matelandia
2554005;MATELANDIA;1997;9;286.4;bruto;Matelandia
2554005;MATELANDIA;1997;10;331.4;bruto;Matelandia
2554005;MATELANDIA;1997;11;385.7;bruto;Matelandia
2554005;MATELANDIA;1997;12;95.6;bruto;Matelandia
2554005;MATELANDIA;1998;1;98.6;bruto;Matelandia
2554005;MATELANDIA;1998;2;309.0;bruto;Matelandia
2554005;MATELANDIA;1998;3;213.1;bruto;Matelandia
2554005;MATELANDIA;1998;4;441.7;bruto;Matelandia
2554005;MATELANDIA;1998;5;221.0;bruto;Matelandia
2554005;MATELANDIA;1998;6;96.0;bruto;Matelandia
2554005;MATELANDIA;1998;7;50.8;bruto;Matelandia
2554005;MATELANDIA;1998;8;339.5;bruto;Matelandia
2554005;MATELANDIA;1998;9;318.5;bruto;Matelandia
2554005;MATELANDIA;1998;10;464.9;bruto;Matelandia
2554005;MATELANDIA;1998;11;42.0;bruto;Matelandia
2554005;MATELANDIA;1998;12;176.0;bruto;Matelandia
2554005;MATELANDIA;1999;1;257.5;bruto;Matelandia
2554005;MATELANDIA;1999;2;203.0;bruto;Matelandia
2554005;MATELANDIA;1999;3;165.2;bruto;Matelandia
2554005;MATELANDIA;1999;4;197.1;bruto;Matelandia
2554005;MATELANDIA;1999;5;170.1;bruto;Matelandia
2554005;MATELANDIA;1999;6;305.2;bruto;Matelandia
2554005;MATELANDIA;1999;7;109.3;bruto;Matelandia
2554005;MATELANDIA;1999;8;0.0;bruto;Matelandia
2554005;MATELANDIA;1999;9;121.7;bruto;Matelandia
2554005;MATELANDIA;1999;10;76.0;bruto;Matelandia
2554005;MATELANDIA;1999;11;65.3;bruto;Matelandia
2554005;MATELANDIA;1999;12;198.6;bruto;Matelandia
2554005;MATELANDIA;2000;1;232.0;bruto;Matelandia
2554005;MATELANDIA;2000;2;257.4;bruto;Matelandia
2554005;MATELANDIA;2000;3;150.9;bruto;Matelandia
2554005;MATELANDIA;2000;4;83.4;bruto;Matelandia
2554005;MATELANDIA;2000;5;134.1;bruto;Matelandia
2554005;MATELANDIA;2000;6;171.4;bruto;Matelandia
2554005;MATELANDIA;2000;7;103.8;bruto;Matelandia
2554005;MATELANDIA;2000;8;103.3;bruto;Matelandia
2554005;MATELANDIA;2000;9;193.0;bruto;Matelandia
2554005;MATELANDIA;2000;10;265.0;bruto;Matelandia
2554005;MATELANDIA;2000;11;145.4;bruto;Matelandia
2554005;MATELANDIA;2000;12;156.1;bruto;Matelandia
2554005;MATELANDIA;2001;1;175.7;bruto;Matelandia
2554005;MATELANDIA;2001;2;116.1;bruto;Matelandia
2554005;MATELANDIA;2001;3;99.5;bruto;Matelandia
2554005;MATELANDIA;2001;4;208.3;bruto;Matelandia
2554005;MATELANDIA;2001;5;92.3;bruto;Matelandia
2554005;MATELANDIA;2001;6;140.5;bruto;Matelandia
2554005;MATELANDIA;2001;7;91.2;bruto;Matelandia
2554005;MATELANDIA;2001;8;55.7;bruto;Matelandia
2554005;MATELANDIA;2001;9;88.8;bruto;Matelandia
2554005;MATELANDIA;2001;10;208.7;bruto;Matelandia
2554005;MATELANDIA;2001;11;204.7;bruto;Matelandia
2554005;MATELANDIA;2001;12;142.5;bruto;Matelandia
2554005;MATELANDIA;2002;1;276.7;bruto;Matelandia
2554005;MATELANDIA;2002;2;66.4;bruto;Matelandia
2554005;MATELANDIA;2002;3;150.6;bruto;Matelandia
2554005;MATELANDIA;2002;4;136.3;bruto;Matelandia
2554005;MATELANDIA;2002;5;454.0;bruto;Matelandia
2554005;MATELANDIA;2002;6;37.8;bruto;Matelandia
2554005;MATELANDIA;2002;7;54.6;bruto;Matelandia
2554005;MATELANDIA;2002;8;125.5;bruto;Matelandia
2554005;MATELANDIA;2002;9;198.0;bruto;Matelandia
2554005;MATELANDIA;2002;10;317.8;bruto;Matelandia
2554005;MATELANDIA;2002;11;256.9;bruto;Matelandia
2554005;MATELANDIA;2002;12;173.1;bruto;Matelandia
2554005;MATELANDIA;2003;1;223.4;bruto;Matelandia
2554005;MATELANDIA;2003;2;188.8;bruto;Matelandia
2554005;MATELANDIA;2003;3;137.0;bruto;Matelandia
2554005;MATELANDIA;2003;4;134.2;bruto;Matelandia
2554005;MATELANDIA;2003;5;85.3;bruto;Matelandia
2554005;MATELANDIA;2003;6;140.6;bruto;Matelandia
2554005;MATELANDIA;2003;7;119.2;bruto;Matelandia
2554005;MATELANDIA;2003;8;31.2;bruto;Matelandia
2554005;MATELANDIA;2003;9;165.8;bruto;Matelandia
2554005;MATELANDIA;2003;10;306.5;bruto;Matelandia
2554005;MATELANDIA;2003;11;269.4;bruto;Matelandia
2554005;MATELANDIA;2003;12;298.7;bruto;Matelandia
2554005;MATELANDIA;2004;1;126.7;bruto;Matelandia
2554005;MATELANDIA;2004;2;51.8;bruto;Matelandia
2554005;MATELANDIA;2004;3;35.5;bruto;Matelandia
2554005;MATELANDIA;2004;4;145.3;bruto;Matelandia
2554005;MATELANDIA;2004;5;377.4;bruto;Matelandia
2554005;MATELANDIA;2004;6;134.1;bruto;Matelandia
2554005;MATELANDIA;2004;7;196.2;bruto;Matelandia
2554005;MATELANDIA;2004;8;23.7;bruto;Matelandia
2554005;MATELANDIA;2004;9;70.8;bruto;Matelandia
2554005;MATELANDIA;2004;10;390.3;bruto;Matelandia
2554005;MATELANDIA;2004;11;235.6;bruto;Matelandia
2554005;MATELANDIA;2004;12;109.0;bruto;Matelandia
2554005;MATELANDIA;2005;1;242.0;bruto;Matelandia
2554005;MATELANDIA;2005;2;65.0;bruto;Matelandia
2554005;MATELANDIA;2005;3;53.9;bruto;Matelandia
2554005;MATELANDIA;2005;4;139.9;bruto;Matelandia
2554005;MATELANDIA;2005;5;307.2;bruto;Matelandia
2554005;MATELANDIA;2005;6;184.0;bruto;Matelandia
2554005;MATELANDIA;2005;7;95.7;bruto;Matelandia
2554005;MATELANDIA;2005;8;110.2;bruto;Matelandia
2554005;MATELANDIA;2005;9;199.2;bruto;Matelandia
2554005;MATELANDIA;2005;10;443.7;bruto;Matelandia
2554005;MATELANDIA;2005;11;44.6;bruto;Matelandia
2554005;MATELANDIA;2005;12;26.1;bruto;Matelandia
2554005;MATELANDIA;2006;1;183.5;bruto;Matelandia
2554005;MATELANDIA;2006;2;74.8;bruto;Matelandia
2554005;MATELANDIA;2006;3;260.3;bruto;Matelandia
2554005;MATELANDIA;2006;4;76.1;bruto;Matelandia
2554005;MATELANDIA;2006;5;2.5;bruto;Matelandia
2554005;MATELANDIA;2006;6;86.1;bruto;Matelandia
2554005;MATELANDIA;2006;7;40.9;bruto;Matelandia
2554005;MATELANDIA;2006;8;86.0;bruto;Matelandia
2554005;MATELANDIA;2006;9;222.4;bruto;Matelandia
2554005;MATELANDIA;2006;10;115.3;bruto;Matelandia
2554005;MATELANDIA;2006;11;277.6;bruto;Matelandia
2554005;MATELANDIA;2006;12;101.7;bruto;Matelandia
2554005;MATELANDIA;2007;1;184.3;bruto;Matelandia
2554005;MATELANDIA;2007;2;100.4;bruto;Matelandia
2554005;MATELANDIA;2007;3;119.2;bruto;Matelandia
2554005;MATELANDIA;2007;4;292.1;bruto;Matelandia
2554005;MATELANDIA;2007;5;210.9;bruto;Matelandia
2554005;MATELANDIA;2007;6;19.3;bruto;Matelandia
2554005;MATELANDIA;2007;7;117.7;bruto;Matelandia
2554005;MATELANDIA;2007;8;10.7;bruto;Matelandia
2554005;MATELANDIA;2007;9;10.9;bruto;Matelandia
2554005;MATELANDIA;2007;10;125.6;bruto;Matelandia
2554005;MATELANDIA;2007;11;224.5;bruto;Matelandia
2554005;MATELANDIA;2007;12;173.3;bruto;Matelandia
2554005;MATELANDIA;2008;1;229.6;bruto;Matelandia
2554005;MATELANDIA;2008;2;99.7;bruto;Matelandia
2554005;MATELANDIA;2008;3;129.2;bruto;Matelandia
2554005;MATELANDIA;2008;4;167.8;bruto;Matelandia
2554005;MATELANDIA;2008;5;46.0;bruto;Matelandia
2554005;MATELANDIA;2008;6;182.1;bruto;Matelandia
2554005;MATELANDIA;2008;7;117.0;bruto;Matelandia
2554005;MATELANDIA;2008;8;138.7;bruto;Matelandia
2554005;MATELANDIA;2008;9;135.4;bruto;Matelandia
2554005;MATELANDIA;2008;10;287.0;bruto;Matelandia
2554005;MATELANDIA;2008;11;164.9;bruto;Matelandia
2554005;MATELANDIA;2008;12;58.6;bruto;Matelandia
2554005;MATELANDIA;2009;1;173.0;bruto;Matelandia
2554005;MATELANDIA;2009;2;271.2;bruto;Matelandia
2554005;MATELANDIA;2009;3;54.4;bruto;Matelandia
2554005;MATELANDIA;2009;4;117.1;bruto;Matelandia
2554005;MATELANDIA;2009;5;275.7;bruto;Matelandia
2554005;MATELANDIA;2009;6;136.5;bruto;Matelandia
2554005;MATELANDIA;2009;7;139.4;bruto;Matelandia
2554005;MATELANDIA;2009;8;151.8;bruto;Matelandia
2554005;MATELANDIA;2009;9;206.8;bruto;Matelandia
2554005;MATELANDIA;2009;10;348.9;bruto;Matelandia
2554005;MATELANDIA;2009;11;272.2;bruto;Matelandia
2554005;MATELANDIA;2009;12;345.0;bruto;Matelandia
2554005;MATELANDIA;2010;1;271.3;bruto;Matelandia
2554005;MATELANDIA;2010;2;149.3;bruto;Matelandia
2554005;MATELANDIA;2010;3;181.1;bruto;Matelandia
2554005;MATELANDIA;2010;4;266.7;bruto;Matelandia
2554005;MATELANDIA;2010;5;93.6;bruto;Matelandia
2554005;MATELANDIA;2010;6;46.7;bruto;Matelandia
2554005;MATELANDIA;2010;7;113.6;bruto;Matelandia
2554005;MATELANDIA;2010;8;19.3;bruto;Matelandia
2554005;MATELANDIA;2010;9;87.5;bruto;Matelandia
2554005;MATELANDIA;2010;10;275.0;bruto;Matelandia
2554005;MATELANDIA;2010;11;60.7;bruto;Matelandia
2554005;MATELANDIA;2010;12;309.4;bruto;Matelandia
2554005;MATELANDIA;2011;1;310.1;bruto;Matelandia
2554005;MATELANDIA;2011;2;217.6;bruto;Matelandia
2554005;MATELANDIA;2011;3;89.3;bruto;Matelandia
2554005;MATELANDIA;2011;4;148.4;bruto;Matelandia
2554005;MATELANDIA;2011;5;17.4;bruto;Matelandia
2554005;MATELANDIA;2011;6;75.0;bruto;Matelandia
2554005;MATELANDIA;2011;7;297.9;bruto;Matelandia
2554005;MATELANDIA;2011;8;231.6;bruto;Matelandia
2554005;MATELANDIA;2011;9;120.3;bruto;Matelandia
2554005;MATELANDIA;2011;10;264.1;bruto;Matelandia
2554005;MATELANDIA;2011;11;184.6;bruto;Matelandia
2554005;MATELANDIA;2011;12;68.2;bruto;Matelandia
2554005;MATELANDIA;2012;1;130.2;bruto;Matelandia
2554005;MATELANDIA;2012;2;67.8;bruto;Matelandia
2554005;MATELANDIA;2012;3;67.1;bruto;Matelandia
2554005;MATELANDIA;2012;4;254.1;bruto;Matelandia
2554005;MATELANDIA;2012;5;133.1;bruto;Matelandia
2554005;MATELANDIA;2012;6;215.9;bruto;Matelandia
2554005;MATELANDIA;2012;7;127.7;bruto;Matelandia
2554005;MATELANDIA;2012;8;0.0;bruto;Matelandia
2554005;MATELANDIA;2012;9;61.0;bruto;Matelandia
2554005;MATELANDIA;2012;10;173.3;bruto;Matelandia
2554005;MATELANDIA;2012;11;105.7;bruto;Matelandia
2554005;MATELANDIA;2012;12;231.8;bruto;Matelandia
2554005;MATELANDIA;2013;1;239.6;bruto;Matelandia
2554005;MATELANDIA;2013;2;116.8;bruto;Matelandia
2554005;MATELANDIA;2013;3;389.6;bruto;Matelandia
2554005;MATELANDIA;2013;4;63.5;bruto;Matelandia
2554005;MATELANDIA;2013;5;326.3;bruto;Matelandia
2554005;MATELANDIA;2013;6;363.7;bruto;Matelandia
2554005;MATELANDIA;2013;7;54.5;bruto;Matelandia
2554005;MATELANDIA;2013;8;71.0;bruto;Matelandia
2554005;MATELANDIA;2013;9;160.4;bruto;Matelandia
2554005;MATELANDIA;2013;10;149.3;bruto;Matelandia
2554005;MATELANDIA;2013;11;171.1;bruto;Matelandia
2554005;MATELANDIA;2013;12;199.3;bruto;Matelandia
2554005;MATELANDIA;2014;1;177.3;bruto;Matelandia
2554005;MATELANDIA;2014;2;202.0;bruto;Matelandia
2554005;MATELANDIA;2014;3;292.6;bruto;Matelandia
2554005;MATELANDIA;2014;4;218.7;bruto;Matelandia
2554005;MATELANDIA;2014;5;263.7;bruto;Matelandia
2554005;MATELANDIA;2014;6;782.6;bruto;Matelandia
2554005;MATELANDIA;2014;7;153.6;bruto;Matelandia
2554005;MATELANDIA;2014;8;8.2;bruto;Matelandia
2554005;MATELANDIA;2014;9;380.6;bruto;Matelandia
2554005;MATELANDIA;2014;10;82.3;bruto;Matelandia
2554005;MATELANDIA;2014;11;238.4;bruto;Matelandia
2554005;MATELANDIA;2014;12;188.0;bruto;Matelandia
2554005;MATELANDIA;2015;1;248.2;bruto;Matelandia
2554005;MATELANDIA;2015;2;220.2;bruto;Matelandia
2554005;MATELANDIA;2015;3;348.8;bruto;Matelandia
2554005;MATELANDIA;2015;4;66.9;bruto;Matelandia
2554005;MATELANDIA;2015;5;215.9;bruto;Matelandia
2554005;MATELANDIA;2015;6;108.9;bruto;Matelandia
2554005;MATELANDIA;2015;7;413.8;bruto;Matelandia
2554005;MATELANDIA;2015;8;55.4;bruto;Matelandia
2554005;MATELANDIA;2015;9;168.5;bruto;Matelandia
2554005;MATELANDIA;2015;10;138.7;bruto;Matelandia
2554005;MATELANDIA;2015;11;334.6;bruto;Matelandia
2554005;MATELANDIA;2015;12;372.7;bruto;Matelandia
2554005;MATELANDIA;2016;1;183.1;bruto;Matelandia
2554005;MATELANDIA;2016;2;287.6;bruto;Matelandia
2554005;MATELANDIA;2016;3;153.4;bruto;Matelandia
2554005;MATELANDIA;2016;4;62.5;bruto;Matelandia
2554005;MATELANDIA;2016;5;221.6;bruto;Matelandia
2554005;MATELANDIA;2016;6;48.1;bruto;Matelandia
2554005;MATELANDIA;2016;7;92.0;bruto;Matelandia
2554005;MATELANDIA;2016;8;160.0;bruto;Matelandia
2554005;MATELANDIA;2016;9;41.6;bruto;Matelandia
2554005;MATELANDIA;2016;10;233.0;bruto;Matelandia
2554005;MATELANDIA;2016;11;140.7;bruto;Matelandia
2554005;MATELANDIA;2016;12;192.2;bruto;Matelandia
2554005;MATELANDIA;2017;1;131.2;bruto;Matelandia
2554005;MATELANDIA;2017;2;191.8;bruto;Matelandia
2554005;MATELANDIA;2017;3;190.1;bruto;Matelandia
2554005;MATELANDIA;2017;4;250.7;bruto;Matelandia
2554005;MATELANDIA;2017;5;173.3;bruto;Matelandia
2554005;MATELANDIA;2017;6;98.8;bruto;Matelandia
2554005;MATELANDIA;2017;7;3.2;bruto;Matelandia
2554005;MATELANDIA;2017;8;203.7;bruto;Matelandia
2554005;MATELANDIA;2017;9;24.2;bruto;Matelandia
2554005;MATELANDIA;2017;10;512.4;bruto;Matelandia
2554005;MATELANDIA;2017;11;377.5;bruto;Matelandia
2554005;MATELANDIA;2017;12;239.5;bruto;Matelandia
2554005;MATELANDIA;2018;1;298.9;bruto;Matelandia
2554005;MATELANDIA;2018;2;244.4;bruto;Matelandia
2554005;MATELANDIA;2018;3;313.9;bruto;Matelandia
2554005;MATELANDIA;2018;4;54.9;bruto;Matelandia
2554005;MATELANDIA;2018;5;72.3;bruto;Matelandia
2554005;MATELANDIA;2018;6;154.2;bruto;Matelandia
2554005;MATELANDIA;2018;7;8.9;bruto;Matelandia
2554005;MATELANDIA;2018;8;55.7;bruto;Matelandia
2554005;MATELANDIA;2018;9;237.1;bruto;Matelandia
2554005;MATELANDIA;2018;10;317.0;bruto;Matelandia
2554005;MATELANDIA;2018;11;165.7;bruto;Matelandia
2554005;MATELANDIA;2018;12;76.9;bruto;Matelandia
2554005;MATELANDIA;2019;1;81.0;bruto;Matelandia
2554005;MATELANDIA;2019;2;119.0;bruto;Matelandia
2554005;MATELANDIA;2019;3;132.7;bruto;Matelandia
2554005;MATELANDIA;2019;4;147.9;bruto;Matelandia
2554005;MATELANDIA;2019;5;196.5;bruto;Matelandia
2554005;MATELANDIA;2019;6;32.5;bruto;Matelandia
2554005;MATELANDIA;2019;7;62.8;bruto;Matelandia
2554005;MATELANDIA;2019;8;5.3;bruto;Matelandia
2554005;MATELANDIA;2019;9;27.2;bruto;Matelandia
2554005;MATELANDIA;2019;10;73.3;bruto;Matelandia
2554005;MATELANDIA;2019;11;171.1;bruto;Matelandia
2554005;MATELANDIA;2019;12;195.0;bruto;Matelandia
2554005;MATELANDIA;2020;1;131.3;bruto;Matelandia
2554005;MATELANDIA;2020;2;105.6;bruto;Matelandia
2554005;MATELANDIA;2020;3;72.3;bruto;Matelandia
2554005;MATELANDIA;2020;4;107.4;bruto;Matelandia
2554005;MATELANDIA;2020;5;202.4;bruto;Matelandia
2554005;MATELANDIA;2020;6;112.2;bruto;Matelandia
2554005;MATELANDIA;2020;7;78.8;bruto;Matelandia
2554005;MATELANDIA;2020;8;158.5;bruto;Matelandia
2554005;MATELANDIA;2020;9;20.0;bruto;Matelandia
2554005;MATELANDIA;2020;10;74.7;bruto;Matelandia
2554005;MATELANDIA;2020;11;81.1;bruto;Matelandia
2554005;MATELANDIA;2020;12;214.8;bruto;Matelandia
2554005;MATELANDIA;2021;1;460.2;bruto;Matelandia
2554005;MATELANDIA;2021;2;62.1;bruto;Matelandia
2554005;MATELANDIA;2021;3;59.1;bruto;Matelandia
2554005;MATELANDIA;2021;4;10.4;bruto;Matelandia
2554005;MATELANDIA;2021;5;34.9;bruto;Matelandia
2554005;MATELANDIA;2021;6;124.8;bruto;Matelandia
2554005;MATELANDIA;2021;7;52.4;bruto;Matelandia
2554005;MATELANDIA;2021;8;58.1;bruto;Matelandia
2554005;MATELANDIA;2021;9;57.3;bruto;Matelandia
2554005;MATELANDIA;2021;10;427.0;bruto;Matelandia
2554005;MATELANDIA;2021;11;134.9;bruto;Matelandia
2554005;MATELANDIA;2021;12;25.8;bruto;Matelandia
2554005;MATELANDIA;2022;1;159.8;bruto;Matelandia
2554005;MATELANDIA;2022;2;140.4;bruto;Matelandia
2554005;MATELANDIA;2022;3;183.0;bruto;Matelandia
2554005;MATELANDIA;2022;4;241.3;bruto;Matelandia
2554005;MATELANDIA;2022;5;194.5;bruto;Matelandia
2554005;MATELANDIA;2022;6;150.4;bruto;Matelandia
2554005;MATELANDIA;2022;7;39.8;bruto;Matelandia
2554005;MATELANDIA;2022;8;173.3;bruto;Matelandia
2554005;MATELANDIA;2022;9;271.9;bruto;Matelandia
2554005;MATELANDIA;2022;10;415.8;bruto;Matelandia
2554005;MATELANDIA;2022;11;137.1;bruto;Matelandia
2554005;MATELANDIA;2022;12;116.9;bruto;Matelandia
2554005;MATELANDIA;2023;1;158.6;bruto;Matelandia
2554005;MATELANDIA;2023;2;218.3;bruto;Matelandia
2554005;MATELANDIA;2023;3;144.0;bruto;Matelandia
2554005;MATELANDIA;2023;4;182.0;bruto;Matelandia
2554005;MATELANDIA;2023;5;126.9;bruto;Matelandia
2554005;MATELANDIA;2023;6;142.4;bruto;Matelandia
2554005;MATELANDIA;2023;7;128.8;bruto;Matelandia
2554005;MATELANDIA;2023;8;79.8;bruto;Matelandia
2554005;MATELANDIA;2023;9;164.9;bruto;Matelandia
2554005;MATELANDIA;2023;10;421.9;bruto;Matelandia
2554005;MATELANDIA;2023;11;426.8;bruto;Matelandia
2554005;MATELANDIA;2023;12;231.9;bruto;Matelandia
2554005;MATELANDIA;2024;1;140.5;bruto;Matelandia
2554005;MATELANDIA;2024;2;149.0;bruto;Matelandia
2554005;MATELANDIA;2024;3;124.0;bruto;Matelandia
2554005;MATELANDIA;2024;4;168.2;bruto;Matelandia
2554005;MATELANDIA;2024;5;245.1;bruto;Matelandia
2554005;MATELANDIA;2024;6;43.9;bruto;Matelandia
2554005;MATELANDIA;2024;7;190.0;bruto;Matelandia
2554005;MATELANDIA;2024;8;6.7;bruto;Matelandia
2554005;MATELANDIA;2024;9;58.6;bruto;Matelandia
2554005;MATELANDIA;2024;10;140.4;bruto;Matelandia
2554005;MATELANDIA;2024;11;260.8;bruto;Matelandia
2554005;MATELANDIA;2024;12;159.6;bruto;Matelandia
2554005;MATELANDIA;2025;1;109.3;bruto;Matelandia
2554005;MATELANDIA;2025;2;136.1;bruto;Matelandia
2554005;MATELANDIA;2025;3;75.3;bruto;Matelandia
2554005;MATELANDIA;2025;4;67.7;bruto;Matelandia
2554005;MATELANDIA;2025;5;92.5;bruto;Matelandia
2554005;MATELANDIA;2025;6;490.6;bruto;Matelandia
2554005;MATELANDIA;2025;7;125.4;bruto;Matelandia
2554005;MATELANDIA;2025;8;162.9;bruto;Matelandia
2554005;MATELANDIA;2025;9;129.7;bruto;Matelandia
2554005;MATELANDIA;2025;10;298.1;bruto;Matelandia
2554005;MATELANDIA;2025;11;128.2;bruto;Matelandia
2554005;MATELANDIA;2025;12;396.6;bruto;Matelandia
2554006;SÃO MIGUEL DO IGUACU;1986;1;145.8;bruto;São Miguel do Iguaçu
2554006;SÃO MIGUEL DO IGUACU;1986;2;354.4;bruto;São Miguel do Iguaçu
2554006;SÃO MIGUEL DO IGUACU;1986;3;132.6;bruto;São Miguel do Iguaçu
2554006;SÃO MIGUEL DO IGUACU;1986;4;125.8;bruto;São Miguel do Iguaçu
2554006;SÃO MIGUEL DO IGUACU;1986;5;343.0;bruto;São Miguel do Iguaçu
2554006;SÃO MIGUEL DO IGUACU;1986;6;73.0;bruto;São Miguel do Iguaçu
2554006;SÃO MIGUEL DO IGUACU;1986;7;67.2;bruto;São Miguel do Iguaçu
2554006;SÃO MIGUEL DO IGUACU;1986;8;110.0;bruto;São Miguel do Iguaçu
2554006;SÃO MIGUEL DO IGUACU;1986;9;238.0;bruto;São Miguel do Iguaçu
2554006;SÃO MIGUEL DO IGUACU;1986;10;149.2;bruto;São Miguel do Iguaçu
2554006;SÃO MIGUEL DO IGUACU;1986;11;126.2;bruto;São Miguel do Iguaçu
2554006;SÃO MIGUEL DO IGUACU;1986;12;117.8;bruto;São Miguel do Iguaçu
2554006;SÃO MIGUEL DO IGUACU;1987;1;84.2;bruto;São Miguel do Iguaçu
2554006;SÃO MIGUEL DO IGUACU;1987;2;311.2;bruto;São Miguel do Iguaçu
2554006;SÃO MIGUEL DO IGUACU;1987;3;120.0;bruto;São Miguel do Iguaçu
2554006;SÃO MIGUEL DO IGUACU;1987;4;206.0;bruto;São Miguel do Iguaçu
2554006;SÃO MIGUEL DO IGUACU;1987;5;297.0;bruto;São Miguel do Iguaçu
2554006;SÃO MIGUEL DO IGUACU;1987;6;69.8;bruto;São Miguel do Iguaçu
2554006;SÃO MIGUEL DO IGUACU;1987;7;76.0;bruto;São Miguel do Iguaçu
2554006;SÃO MIGUEL DO IGUACU;1987;8;42.2;bruto;São Miguel do Iguaçu
2554006;SÃO MIGUEL DO IGUACU;1987;9;6.4;bruto;São Miguel do Iguaçu
2554006;SÃO MIGUEL DO IGUACU;1987;10;285.8;bruto;São Miguel do Iguaçu
2554006;SÃO MIGUEL DO IGUACU;1987;11;234.2;bruto;São Miguel do Iguaçu
2554006;SÃO MIGUEL DO IGUACU;1987;12;150.8;bruto;São Miguel do Iguaçu
2554006;SÃO MIGUEL DO IGUACU;1988;1;65.4;bruto;São Miguel do Iguaçu
2554006;SÃO MIGUEL DO IGUACU;1988;2;101.6;bruto;São Miguel do Iguaçu
2554006;SÃO MIGUEL DO IGUACU;1988;3;85.8;bruto;São Miguel do Iguaçu
2554006;SÃO MIGUEL DO IGUACU;1988;4;282.0;bruto;São Miguel do Iguaçu
2554006;SÃO MIGUEL DO IGUACU;1988;5;193.6;bruto;São Miguel do Iguaçu
2554006;SÃO MIGUEL DO IGUACU;1988;6;121.4;bruto;São Miguel do Iguaçu
2554006;SÃO MIGUEL DO IGUACU;1988;7;2.4;bruto;São Miguel do Iguaçu
2554006;SÃO MIGUEL DO IGUACU;1988;8;14.4;bruto;São Miguel do Iguaçu
2554006;SÃO MIGUEL DO IGUACU;1988;9;37.4;bruto;São Miguel do Iguaçu
2554006;SÃO MIGUEL DO IGUACU;1988;10;137.8;bruto;São Miguel do Iguaçu
2554006;SÃO MIGUEL DO IGUACU;1988;11;86.0;bruto;São Miguel do Iguaçu
2554006;SÃO MIGUEL DO IGUACU;1988;12;107.6;bruto;São Miguel do Iguaçu
2554006;SÃO MIGUEL DO IGUACU;1989;1;210.8;bruto;São Miguel do Iguaçu
2554006;SÃO MIGUEL DO IGUACU;1989;2;198.8;bruto;São Miguel do Iguaçu
2554006;SÃO MIGUEL DO IGUACU;1989;3;147.8;bruto;São Miguel do Iguaçu
2554006;SÃO MIGUEL DO IGUACU;1989;4;70.6;bruto;São Miguel do Iguaçu
2554006;SÃO MIGUEL DO IGUACU;1989;5;37.2;bruto;São Miguel do Iguaçu
2554006;SÃO MIGUEL DO IGUACU;1989;6;140.2;bruto;São Miguel do Iguaçu
2554006;SÃO MIGUEL DO IGUACU;1989;7;81.0;bruto;São Miguel do Iguaçu
2554006;SÃO MIGUEL DO IGUACU;1989;8;223.6;bruto;São Miguel do Iguaçu
2554006;SÃO MIGUEL DO IGUACU;1989;9;230.9;consistido;São Miguel do Iguaçu
2554006;SÃO MIGUEL DO IGUACU;1989;10;202.0;bruto;São Miguel do Iguaçu
2554006;SÃO MIGUEL DO IGUACU;1989;11;105.6;bruto;São Miguel do Iguaçu
2554006;SÃO MIGUEL DO IGUACU;1989;12;73.6;bruto;São Miguel do Iguaçu
2554006;SÃO MIGUEL DO IGUACU;1990;1;315.3;bruto;São Miguel do Iguaçu
2554006;SÃO MIGUEL DO IGUACU;1990;2;83.2;bruto;São Miguel do Iguaçu
2554006;SÃO MIGUEL DO IGUACU;1990;3;93.8;bruto;São Miguel do Iguaçu
2554006;SÃO MIGUEL DO IGUACU;1990;4;285.2;bruto;São Miguel do Iguaçu
2554006;SÃO MIGUEL DO IGUACU;1990;5;164.0;bruto;São Miguel do Iguaçu
2554006;SÃO MIGUEL DO IGUACU;1990;6;156.4;bruto;São Miguel do Iguaçu
2554006;SÃO MIGUEL DO IGUACU;1990;7;128.8;bruto;São Miguel do Iguaçu
2554006;SÃO MIGUEL DO IGUACU;1990;8;341.2;bruto;São Miguel do Iguaçu
2554006;SÃO MIGUEL DO IGUACU;1990;9;237.4;bruto;São Miguel do Iguaçu
2554006;SÃO MIGUEL DO IGUACU;1990;10;167.8;bruto;São Miguel do Iguaçu
2554006;SÃO MIGUEL DO IGUACU;1990;11;187.2;bruto;São Miguel do Iguaçu
2554006;SÃO MIGUEL DO IGUACU;1990;12;160.2;bruto;São Miguel do Iguaçu
2554006;SÃO MIGUEL DO IGUACU;1991;1;177.0;bruto;São Miguel do Iguaçu
2554006;SÃO MIGUEL DO IGUACU;1991;2;12.0;bruto;São Miguel do Iguaçu
2554006;SÃO MIGUEL DO IGUACU;1991;3;94.0;bruto;São Miguel do Iguaçu
2554006;SÃO MIGUEL DO IGUACU;1991;4;108.6;bruto;São Miguel do Iguaçu
2554006;SÃO MIGUEL DO IGUACU;1991;5;76.2;bruto;São Miguel do Iguaçu
2554006;SÃO MIGUEL DO IGUACU;1991;6;257.4;bruto;São Miguel do Iguaçu
2554006;SÃO MIGUEL DO IGUACU;1991;7;29.8;bruto;São Miguel do Iguaçu
2554006;SÃO MIGUEL DO IGUACU;1991;8;37.0;bruto;São Miguel do Iguaçu
2554006;SÃO MIGUEL DO IGUACU;1991;9;118.4;bruto;São Miguel do Iguaçu
2554006;SÃO MIGUEL DO IGUACU;1991;10;144.2;bruto;São Miguel do Iguaçu
2554006;SÃO MIGUEL DO IGUACU;1991;11;136.8;bruto;São Miguel do Iguaçu
2554006;SÃO MIGUEL DO IGUACU;1991;12;280.2;bruto;São Miguel do Iguaçu
2554006;SÃO MIGUEL DO IGUACU;1992;1;8.5;bruto;São Miguel do Iguaçu
2554006;SÃO MIGUEL DO IGUACU;1992;2;123.5;bruto;São Miguel do Iguaçu
2554006;SÃO MIGUEL DO IGUACU;1992;3;202.8;bruto;São Miguel do Iguaçu
2554006;SÃO MIGUEL DO IGUACU;1992;4;185.0;bruto;São Miguel do Iguaçu
2554006;SÃO MIGUEL DO IGUACU;1992;5;490.1;bruto;São Miguel do Iguaçu
2554006;SÃO MIGUEL DO IGUACU;1992;6;133.2;bruto;São Miguel do Iguaçu
2554006;SÃO MIGUEL DO IGUACU;1992;7;173.4;bruto;São Miguel do Iguaçu
2554006;SÃO MIGUEL DO IGUACU;1992;8;157.8;bruto;São Miguel do Iguaçu
2554006;SÃO MIGUEL DO IGUACU;1992;9;127.0;bruto;São Miguel do Iguaçu
2554006;SÃO MIGUEL DO IGUACU;1992;10;190.0;bruto;São Miguel do Iguaçu
2554006;SÃO MIGUEL DO IGUACU;1992;11;137.7;bruto;São Miguel do Iguaçu
2554006;SÃO MIGUEL DO IGUACU;1992;12;103.0;bruto;São Miguel do Iguaçu
2554006;SÃO MIGUEL DO IGUACU;1993;1;130.3;bruto;São Miguel do Iguaçu
2554006;SÃO MIGUEL DO IGUACU;1993;2;62.5;bruto;São Miguel do Iguaçu
2554006;SÃO MIGUEL DO IGUACU;1993;3;191.8;bruto;São Miguel do Iguaçu
2554006;SÃO MIGUEL DO IGUACU;1993;4;39.0;bruto;São Miguel do Iguaçu
2554006;SÃO MIGUEL DO IGUACU;1993;5;342.8;bruto;São Miguel do Iguaçu
2554006;SÃO MIGUEL DO IGUACU;1993;6;174.9;bruto;São Miguel do Iguaçu
2554006;SÃO MIGUEL DO IGUACU;1993;7;195.5;bruto;São Miguel do Iguaçu
2554006;SÃO MIGUEL DO IGUACU;1993;8;11.6;bruto;São Miguel do Iguaçu
2554006;SÃO MIGUEL DO IGUACU;1993;9;167.6;bruto;São Miguel do Iguaçu
2554006;SÃO MIGUEL DO IGUACU;1993;10;227.2;bruto;São Miguel do Iguaçu
2554006;SÃO MIGUEL DO IGUACU;1993;11;153.4;bruto;São Miguel do Iguaçu
2554006;SÃO MIGUEL DO IGUACU;1993;12;97.3;bruto;São Miguel do Iguaçu
2554006;SÃO MIGUEL DO IGUACU;1994;1;21.9;bruto;São Miguel do Iguaçu
2554006;SÃO MIGUEL DO IGUACU;1994;2;280.7;bruto;São Miguel do Iguaçu
2554006;SÃO MIGUEL DO IGUACU;1994;3;73.3;bruto;São Miguel do Iguaçu
2554006;SÃO MIGUEL DO IGUACU;1994;4;149.9;bruto;São Miguel do Iguaçu
2554006;SÃO MIGUEL DO IGUACU;1994;5;131.3;bruto;São Miguel do Iguaçu
2554006;SÃO MIGUEL DO IGUACU;1994;6;266.8;bruto;São Miguel do Iguaçu
2554006;SÃO MIGUEL DO IGUACU;1994;7;72.1;bruto;São Miguel do Iguaçu
2554006;SÃO MIGUEL DO IGUACU;1994;8;25.7;bruto;São Miguel do Iguaçu
2554006;SÃO MIGUEL DO IGUACU;1994;9;109.1;bruto;São Miguel do Iguaçu
2554006;SÃO MIGUEL DO IGUACU;1994;10;255.1;bruto;São Miguel do Iguaçu
2554006;SÃO MIGUEL DO IGUACU;1994;11;162.2;bruto;São Miguel do Iguaçu
2554006;SÃO MIGUEL DO IGUACU;1994;12;203.9;bruto;São Miguel do Iguaçu
2554006;SÃO MIGUEL DO IGUACU;1995;1;287.5;bruto;São Miguel do Iguaçu
2554006;SÃO MIGUEL DO IGUACU;1995;2;125.5;bruto;São Miguel do Iguaçu
2554006;SÃO MIGUEL DO IGUACU;1995;3;130.6;bruto;São Miguel do Iguaçu
2554006;SÃO MIGUEL DO IGUACU;1995;4;121.8;bruto;São Miguel do Iguaçu
2554006;SÃO MIGUEL DO IGUACU;1995;5;23.7;bruto;São Miguel do Iguaçu
2554006;SÃO MIGUEL DO IGUACU;1995;6;79.1;bruto;São Miguel do Iguaçu
2554006;SÃO MIGUEL DO IGUACU;1995;7;95.1;bruto;São Miguel do Iguaçu
2554006;SÃO MIGUEL DO IGUACU;1995;8;23.4;bruto;São Miguel do Iguaçu
2554006;SÃO MIGUEL DO IGUACU;1995;9;149.2;bruto;São Miguel do Iguaçu
2554006;SÃO MIGUEL DO IGUACU;1995;10;227.9;bruto;São Miguel do Iguaçu
2554006;SÃO MIGUEL DO IGUACU;1995;11;51.8;bruto;São Miguel do Iguaçu
2554006;SÃO MIGUEL DO IGUACU;1995;12;137.5;bruto;São Miguel do Iguaçu
2554006;SÃO MIGUEL DO IGUACU;1996;1;156.5;bruto;São Miguel do Iguaçu
2554006;SÃO MIGUEL DO IGUACU;1996;2;214.7;bruto;São Miguel do Iguaçu
2554006;SÃO MIGUEL DO IGUACU;1996;3;148.7;bruto;São Miguel do Iguaçu
2554006;SÃO MIGUEL DO IGUACU;1996;4;68.6;bruto;São Miguel do Iguaçu
2554006;SÃO MIGUEL DO IGUACU;1996;5;47.3;bruto;São Miguel do Iguaçu
2554006;SÃO MIGUEL DO IGUACU;1996;6;139.9;bruto;São Miguel do Iguaçu
2554006;SÃO MIGUEL DO IGUACU;1996;7;42.5;bruto;São Miguel do Iguaçu
2554006;SÃO MIGUEL DO IGUACU;1996;8;42.4;bruto;São Miguel do Iguaçu
2554006;SÃO MIGUEL DO IGUACU;1996;9;130.7;bruto;São Miguel do Iguaçu
2554006;SÃO MIGUEL DO IGUACU;1996;10;467.1;bruto;São Miguel do Iguaçu
2554006;SÃO MIGUEL DO IGUACU;1996;11;74.8;bruto;São Miguel do Iguaçu
2554006;SÃO MIGUEL DO IGUACU;1996;12;391.3;bruto;São Miguel do Iguaçu
2554006;SÃO MIGUEL DO IGUACU;1997;1;79.7;bruto;São Miguel do Iguaçu
2554006;SÃO MIGUEL DO IGUACU;1997;2;158.0;bruto;São Miguel do Iguaçu
2554006;SÃO MIGUEL DO IGUACU;1997;3;62.2;bruto;São Miguel do Iguaçu
2554006;SÃO MIGUEL DO IGUACU;1997;4;16.8;bruto;São Miguel do Iguaçu
2554006;SÃO MIGUEL DO IGUACU;1997;5;269.1;bruto;São Miguel do Iguaçu
2554006;SÃO MIGUEL DO IGUACU;1997;6;214.8;bruto;São Miguel do Iguaçu
2554006;SÃO MIGUEL DO IGUACU;1997;7;62.7;bruto;São Miguel do Iguaçu
2554006;SÃO MIGUEL DO IGUACU;1997;8;247.2;bruto;São Miguel do Iguaçu
2554006;SÃO MIGUEL DO IGUACU;1997;9;208.5;bruto;São Miguel do Iguaçu
2554006;SÃO MIGUEL DO IGUACU;1997;10;235.4;bruto;São Miguel do Iguaçu
2554006;SÃO MIGUEL DO IGUACU;1997;11;228.4;bruto;São Miguel do Iguaçu
2554006;SÃO MIGUEL DO IGUACU;1997;12;77.9;bruto;São Miguel do Iguaçu
2554006;SÃO MIGUEL DO IGUACU;1998;1;122.9;bruto;São Miguel do Iguaçu
2554006;SÃO MIGUEL DO IGUACU;1998;2;243.5;bruto;São Miguel do Iguaçu
2554006;SÃO MIGUEL DO IGUACU;1998;3;281.8;bruto;São Miguel do Iguaçu
2554006;SÃO MIGUEL DO IGUACU;1998;4;330.7;bruto;São Miguel do Iguaçu
2554006;SÃO MIGUEL DO IGUACU;1998;5;161.9;bruto;São Miguel do Iguaçu
2554006;SÃO MIGUEL DO IGUACU;1998;6;86.9;bruto;São Miguel do Iguaçu
2554006;SÃO MIGUEL DO IGUACU;1998;7;40.0;bruto;São Miguel do Iguaçu
2554006;SÃO MIGUEL DO IGUACU;1998;8;282.1;bruto;São Miguel do Iguaçu
2554006;SÃO MIGUEL DO IGUACU;1998;9;243.4;bruto;São Miguel do Iguaçu
2554006;SÃO MIGUEL DO IGUACU;1998;10;359.5;bruto;São Miguel do Iguaçu
2554006;SÃO MIGUEL DO IGUACU;1998;11;17.6;bruto;São Miguel do Iguaçu
2554006;SÃO MIGUEL DO IGUACU;1998;12;92.9;bruto;São Miguel do Iguaçu
2554006;SÃO MIGUEL DO IGUACU;1999;1;235.2;bruto;São Miguel do Iguaçu
2554006;SÃO MIGUEL DO IGUACU;1999;2;109.0;bruto;São Miguel do Iguaçu
2554006;SÃO MIGUEL DO IGUACU;1999;3;141.9;bruto;São Miguel do Iguaçu
2554006;SÃO MIGUEL DO IGUACU;1999;4;228.7;bruto;São Miguel do Iguaçu
2554006;SÃO MIGUEL DO IGUACU;1999;5;103.6;bruto;São Miguel do Iguaçu
2554006;SÃO MIGUEL DO IGUACU;1999;6;199.3;bruto;São Miguel do Iguaçu
2554006;SÃO MIGUEL DO IGUACU;1999;7;128.9;bruto;São Miguel do Iguaçu
2554006;SÃO MIGUEL DO IGUACU;1999;8;2.8;bruto;São Miguel do Iguaçu
2554006;SÃO MIGUEL DO IGUACU;1999;9;88.0;bruto;São Miguel do Iguaçu
2554006;SÃO MIGUEL DO IGUACU;1999;10;30.3;bruto;São Miguel do Iguaçu
2554006;SÃO MIGUEL DO IGUACU;1999;11;46.6;bruto;São Miguel do Iguaçu
2554006;SÃO MIGUEL DO IGUACU;1999;12;146.9;bruto;São Miguel do Iguaçu
2554006;SÃO MIGUEL DO IGUACU;2000;1;156.6;bruto;São Miguel do Iguaçu
2554006;SÃO MIGUEL DO IGUACU;2000;2;164.5;bruto;São Miguel do Iguaçu
2554006;SÃO MIGUEL DO IGUACU;2000;3;89.2;bruto;São Miguel do Iguaçu
2554006;SÃO MIGUEL DO IGUACU;2000;4;115.4;bruto;São Miguel do Iguaçu
2554006;SÃO MIGUEL DO IGUACU;2000;5;137.0;bruto;São Miguel do Iguaçu
2554006;SÃO MIGUEL DO IGUACU;2000;6;229.2;bruto;São Miguel do Iguaçu
2554006;SÃO MIGUEL DO IGUACU;2000;7;129.9;bruto;São Miguel do Iguaçu
2554006;SÃO MIGUEL DO IGUACU;2000;8;85.2;bruto;São Miguel do Iguaçu
2554006;SÃO MIGUEL DO IGUACU;2000;9;108.6;bruto;São Miguel do Iguaçu
2554006;SÃO MIGUEL DO IGUACU;2000;10;199.7;bruto;São Miguel do Iguaçu
2554006;SÃO MIGUEL DO IGUACU;2000;11;140.2;bruto;São Miguel do Iguaçu
2554006;SÃO MIGUEL DO IGUACU;2000;12;177.8;bruto;São Miguel do Iguaçu
2554006;SÃO MIGUEL DO IGUACU;2001;1;117.1;bruto;São Miguel do Iguaçu
2554006;SÃO MIGUEL DO IGUACU;2001;2;176.2;bruto;São Miguel do Iguaçu
2554006;SÃO MIGUEL DO IGUACU;2001;3;129.9;bruto;São Miguel do Iguaçu
2554006;SÃO MIGUEL DO IGUACU;2001;4;104.6;bruto;São Miguel do Iguaçu
2554006;SÃO MIGUEL DO IGUACU;2001;5;59.6;bruto;São Miguel do Iguaçu
2554006;SÃO MIGUEL DO IGUACU;2001;6;92.6;bruto;São Miguel do Iguaçu
2554006;SÃO MIGUEL DO IGUACU;2001;7;61.7;bruto;São Miguel do Iguaçu
2554006;SÃO MIGUEL DO IGUACU;2001;8;47.7;bruto;São Miguel do Iguaçu
2554006;SÃO MIGUEL DO IGUACU;2001;9;122.3;bruto;São Miguel do Iguaçu
2554006;SÃO MIGUEL DO IGUACU;2001;10;94.7;bruto;São Miguel do Iguaçu
2554006;SÃO MIGUEL DO IGUACU;2001;11;267.5;bruto;São Miguel do Iguaçu
2554006;SÃO MIGUEL DO IGUACU;2001;12;117.9;bruto;São Miguel do Iguaçu
2554006;SÃO MIGUEL DO IGUACU;2002;1;275.7;bruto;São Miguel do Iguaçu
2554006;SÃO MIGUEL DO IGUACU;2002;2;175.8;bruto;São Miguel do Iguaçu
2554006;SÃO MIGUEL DO IGUACU;2002;3;41.7;bruto;São Miguel do Iguaçu
2554006;SÃO MIGUEL DO IGUACU;2002;4;46.4;bruto;São Miguel do Iguaçu
2554006;SÃO MIGUEL DO IGUACU;2002;5;447.7;bruto;São Miguel do Iguaçu
2554006;SÃO MIGUEL DO IGUACU;2002;6;49.7;bruto;São Miguel do Iguaçu
2554006;SÃO MIGUEL DO IGUACU;2002;7;67.7;bruto;São Miguel do Iguaçu
2554006;SÃO MIGUEL DO IGUACU;2002;8;96.9;bruto;São Miguel do Iguaçu
2554006;SÃO MIGUEL DO IGUACU;2002;9;164.3;bruto;São Miguel do Iguaçu
2554006;SÃO MIGUEL DO IGUACU;2002;10;322.7;bruto;São Miguel do Iguaçu
2554006;SÃO MIGUEL DO IGUACU;2002;11;332.3;bruto;São Miguel do Iguaçu
2554006;SÃO MIGUEL DO IGUACU;2002;12;163.3;bruto;São Miguel do Iguaçu
2554006;SÃO MIGUEL DO IGUACU;2003;1;167.2;bruto;São Miguel do Iguaçu
2554006;SÃO MIGUEL DO IGUACU;2003;2;131.0;bruto;São Miguel do Iguaçu
2554006;SÃO MIGUEL DO IGUACU;2003;3;128.4;bruto;São Miguel do Iguaçu
2554006;SÃO MIGUEL DO IGUACU;2003;4;158.8;bruto;São Miguel do Iguaçu
2554006;SÃO MIGUEL DO IGUACU;2003;5;79.1;bruto;São Miguel do Iguaçu
2554006;SÃO MIGUEL DO IGUACU;2003;6;74.4;bruto;São Miguel do Iguaçu
2554006;SÃO MIGUEL DO IGUACU;2003;7;70.7;bruto;São Miguel do Iguaçu
2554006;SÃO MIGUEL DO IGUACU;2003;8;25.1;bruto;São Miguel do Iguaçu
2554006;SÃO MIGUEL DO IGUACU;2003;9;109.2;bruto;São Miguel do Iguaçu
2554006;SÃO MIGUEL DO IGUACU;2003;10;298.2;bruto;São Miguel do Iguaçu
2554006;SÃO MIGUEL DO IGUACU;2003;11;148.8;bruto;São Miguel do Iguaçu
2554006;SÃO MIGUEL DO IGUACU;2003;12;418.6;bruto;São Miguel do Iguaçu
2554006;SÃO MIGUEL DO IGUACU;2004;1;107.5;bruto;São Miguel do Iguaçu
2554006;SÃO MIGUEL DO IGUACU;2004;2;17.5;bruto;São Miguel do Iguaçu
2554006;SÃO MIGUEL DO IGUACU;2004;3;80.2;bruto;São Miguel do Iguaçu
2554006;SÃO MIGUEL DO IGUACU;2004;4;44.3;bruto;São Miguel do Iguaçu
2554006;SÃO MIGUEL DO IGUACU;2004;5;263.5;bruto;São Miguel do Iguaçu
2554006;SÃO MIGUEL DO IGUACU;2004;6;108.3;bruto;São Miguel do Iguaçu
2554006;SÃO MIGUEL DO IGUACU;2004;7;142.9;bruto;São Miguel do Iguaçu
2554006;SÃO MIGUEL DO IGUACU;2004;8;11.3;bruto;São Miguel do Iguaçu
2554006;SÃO MIGUEL DO IGUACU;2004;9;58.0;bruto;São Miguel do Iguaçu
2554006;SÃO MIGUEL DO IGUACU;2004;10;276.5;bruto;São Miguel do Iguaçu
2554006;SÃO MIGUEL DO IGUACU;2004;11;235.3;bruto;São Miguel do Iguaçu
2554006;SÃO MIGUEL DO IGUACU;2004;12;91.2;bruto;São Miguel do Iguaçu
2554006;SÃO MIGUEL DO IGUACU;2005;1;200.3;bruto;São Miguel do Iguaçu
2554006;SÃO MIGUEL DO IGUACU;2005;2;8.3;bruto;São Miguel do Iguaçu
2554006;SÃO MIGUEL DO IGUACU;2005;3;47.5;bruto;São Miguel do Iguaçu
2554006;SÃO MIGUEL DO IGUACU;2005;4;171.1;bruto;São Miguel do Iguaçu
2554006;SÃO MIGUEL DO IGUACU;2005;5;373.3;bruto;São Miguel do Iguaçu
2554006;SÃO MIGUEL DO IGUACU;2005;6;198.2;bruto;São Miguel do Iguaçu
2554006;SÃO MIGUEL DO IGUACU;2005;7;74.8;bruto;São Miguel do Iguaçu
2554006;SÃO MIGUEL DO IGUACU;2005;8;85.9;bruto;São Miguel do Iguaçu
2554006;SÃO MIGUEL DO IGUACU;2005;9;174.5;bruto;São Miguel do Iguaçu
2554006;SÃO MIGUEL DO IGUACU;2005;10;422.3;bruto;São Miguel do Iguaçu
2554006;SÃO MIGUEL DO IGUACU;2005;11;42.4;bruto;São Miguel do Iguaçu
2554006;SÃO MIGUEL DO IGUACU;2005;12;70.5;bruto;São Miguel do Iguaçu
2554006;SÃO MIGUEL DO IGUACU;2006;1;120.1;bruto;São Miguel do Iguaçu
2554006;SÃO MIGUEL DO IGUACU;2006;2;47.2;bruto;São Miguel do Iguaçu
2554006;SÃO MIGUEL DO IGUACU;2006;3;205.0;bruto;São Miguel do Iguaçu
2554006;SÃO MIGUEL DO IGUACU;2006;4;97.4;bruto;São Miguel do Iguaçu
2554006;SÃO MIGUEL DO IGUACU;2006;5;0.0;bruto;São Miguel do Iguaçu
2554006;SÃO MIGUEL DO IGUACU;2006;6;45.5;bruto;São Miguel do Iguaçu
2554006;SÃO MIGUEL DO IGUACU;2006;7;22.7;bruto;São Miguel do Iguaçu
2554006;SÃO MIGUEL DO IGUACU;2006;8;82.9;bruto;São Miguel do Iguaçu
2554006;SÃO MIGUEL DO IGUACU;2006;9;181.5;bruto;São Miguel do Iguaçu
2554006;SÃO MIGUEL DO IGUACU;2006;10;94.2;bruto;São Miguel do Iguaçu
2554006;SÃO MIGUEL DO IGUACU;2006;11;202.5;bruto;São Miguel do Iguaçu
2554006;SÃO MIGUEL DO IGUACU;2006;12;87.3;bruto;São Miguel do Iguaçu
2554006;SÃO MIGUEL DO IGUACU;2007;1;175.6;bruto;São Miguel do Iguaçu
2554006;SÃO MIGUEL DO IGUACU;2007;2;119.9;bruto;São Miguel do Iguaçu
2554006;SÃO MIGUEL DO IGUACU;2007;3;97.2;bruto;São Miguel do Iguaçu
2554006;SÃO MIGUEL DO IGUACU;2007;4;219.8;bruto;São Miguel do Iguaçu
2554006;SÃO MIGUEL DO IGUACU;2007;5;169.6;bruto;São Miguel do Iguaçu
2554006;SÃO MIGUEL DO IGUACU;2007;6;2.8;bruto;São Miguel do Iguaçu
2554006;SÃO MIGUEL DO IGUACU;2007;7;91.7;bruto;São Miguel do Iguaçu
2554006;SÃO MIGUEL DO IGUACU;2007;8;16.1;bruto;São Miguel do Iguaçu
2554006;SÃO MIGUEL DO IGUACU;2007;9;22.7;bruto;São Miguel do Iguaçu
2554006;SÃO MIGUEL DO IGUACU;2007;10;149.9;bruto;São Miguel do Iguaçu
2554006;SÃO MIGUEL DO IGUACU;2007;11;177.0;bruto;São Miguel do Iguaçu
2554006;SÃO MIGUEL DO IGUACU;2007;12;199.8;bruto;São Miguel do Iguaçu
2554006;SÃO MIGUEL DO IGUACU;2008;1;95.1;bruto;São Miguel do Iguaçu
2554006;SÃO MIGUEL DO IGUACU;2008;2;126.3;bruto;São Miguel do Iguaçu
2554006;SÃO MIGUEL DO IGUACU;2008;3;83.7;bruto;São Miguel do Iguaçu
2554006;SÃO MIGUEL DO IGUACU;2008;4;143.5;bruto;São Miguel do Iguaçu
2554006;SÃO MIGUEL DO IGUACU;2008;5;41.1;bruto;São Miguel do Iguaçu
2554006;SÃO MIGUEL DO IGUACU;2008;6;92.9;bruto;São Miguel do Iguaçu
2554006;SÃO MIGUEL DO IGUACU;2008;7;76.4;bruto;São Miguel do Iguaçu
2554006;SÃO MIGUEL DO IGUACU;2008;8;52.3;bruto;São Miguel do Iguaçu
2554006;SÃO MIGUEL DO IGUACU;2008;9;90.8;bruto;São Miguel do Iguaçu
2554006;SÃO MIGUEL DO IGUACU;2008;10;168.0;bruto;São Miguel do Iguaçu
2554006;SÃO MIGUEL DO IGUACU;2008;11;105.7;bruto;São Miguel do Iguaçu
2554006;SÃO MIGUEL DO IGUACU;2008;12;44.9;bruto;São Miguel do Iguaçu
2554006;SÃO MIGUEL DO IGUACU;2009;1;90.8;bruto;São Miguel do Iguaçu
2554006;SÃO MIGUEL DO IGUACU;2009;2;190.4;bruto;São Miguel do Iguaçu
2554006;SÃO MIGUEL DO IGUACU;2009;3;39.2;bruto;São Miguel do Iguaçu
2554006;SÃO MIGUEL DO IGUACU;2009;4;66.8;bruto;São Miguel do Iguaçu
2554006;SÃO MIGUEL DO IGUACU;2009;5;247.6;bruto;São Miguel do Iguaçu
2554006;SÃO MIGUEL DO IGUACU;2009;6;69.4;bruto;São Miguel do Iguaçu
2554006;SÃO MIGUEL DO IGUACU;2009;7;71.6;bruto;São Miguel do Iguaçu
2554006;SÃO MIGUEL DO IGUACU;2009;8;138.3;bruto;São Miguel do Iguaçu
2554006;SÃO MIGUEL DO IGUACU;2009;9;140.3;bruto;São Miguel do Iguaçu
2554006;SÃO MIGUEL DO IGUACU;2009;10;251.0;bruto;São Miguel do Iguaçu
2554006;SÃO MIGUEL DO IGUACU;2009;11;155.9;bruto;São Miguel do Iguaçu
2554006;SÃO MIGUEL DO IGUACU;2009;12;212.4;bruto;São Miguel do Iguaçu
2554006;SÃO MIGUEL DO IGUACU;2010;1;183.5;bruto;São Miguel do Iguaçu
2554006;SÃO MIGUEL DO IGUACU;2010;2;187.4;bruto;São Miguel do Iguaçu
2554006;SÃO MIGUEL DO IGUACU;2010;3;160.3;bruto;São Miguel do Iguaçu
2554006;SÃO MIGUEL DO IGUACU;2010;4;214.1;bruto;São Miguel do Iguaçu
2554006;SÃO MIGUEL DO IGUACU;2010;5;139.5;bruto;São Miguel do Iguaçu
2554006;SÃO MIGUEL DO IGUACU;2010;6;47.4;bruto;São Miguel do Iguaçu
2554006;SÃO MIGUEL DO IGUACU;2010;7;100.3;bruto;São Miguel do Iguaçu
2554006;SÃO MIGUEL DO IGUACU;2010;8;30.7;bruto;São Miguel do Iguaçu
2554006;SÃO MIGUEL DO IGUACU;2010;9;77.7;bruto;São Miguel do Iguaçu
2554006;SÃO MIGUEL DO IGUACU;2010;10;240.7;bruto;São Miguel do Iguaçu
2554006;SÃO MIGUEL DO IGUACU;2010;11;64.9;bruto;São Miguel do Iguaçu
2554006;SÃO MIGUEL DO IGUACU;2010;12;264.5;bruto;São Miguel do Iguaçu
2554006;SÃO MIGUEL DO IGUACU;2011;1;131.7;bruto;São Miguel do Iguaçu
2554006;SÃO MIGUEL DO IGUACU;2011;2;114.6;bruto;São Miguel do Iguaçu
2554006;SÃO MIGUEL DO IGUACU;2011;3;51.7;bruto;São Miguel do Iguaçu
2554006;SÃO MIGUEL DO IGUACU;2011;4;108.4;bruto;São Miguel do Iguaçu
2554006;SÃO MIGUEL DO IGUACU;2011;5;5.8;bruto;São Miguel do Iguaçu
2554006;SÃO MIGUEL DO IGUACU;2011;6;46.2;bruto;São Miguel do Iguaçu
2554006;SÃO MIGUEL DO IGUACU;2011;7;188.9;bruto;São Miguel do Iguaçu
2554006;SÃO MIGUEL DO IGUACU;2011;8;222.2;bruto;São Miguel do Iguaçu
2554006;SÃO MIGUEL DO IGUACU;2011;9;94.2;bruto;São Miguel do Iguaçu
2554006;SÃO MIGUEL DO IGUACU;2011;10;283.1;bruto;São Miguel do Iguaçu
2554006;SÃO MIGUEL DO IGUACU;2011;11;136.0;bruto;São Miguel do Iguaçu
2554006;SÃO MIGUEL DO IGUACU;2011;12;38.7;bruto;São Miguel do Iguaçu
2554006;SÃO MIGUEL DO IGUACU;2012;1;127.0;bruto;São Miguel do Iguaçu
2554006;SÃO MIGUEL DO IGUACU;2012;2;43.2;bruto;São Miguel do Iguaçu
2554006;SÃO MIGUEL DO IGUACU;2012;3;76.8;bruto;São Miguel do Iguaçu
2554006;SÃO MIGUEL DO IGUACU;2012;4;219.1;bruto;São Miguel do Iguaçu
2554006;SÃO MIGUEL DO IGUACU;2012;5;60.2;bruto;São Miguel do Iguaçu
2554006;SÃO MIGUEL DO IGUACU;2012;6;100.2;bruto;São Miguel do Iguaçu
2554006;SÃO MIGUEL DO IGUACU;2012;7;78.6;bruto;São Miguel do Iguaçu
2554006;SÃO MIGUEL DO IGUACU;2012;8;0.5;bruto;São Miguel do Iguaçu
2554006;SÃO MIGUEL DO IGUACU;2012;9;45.2;bruto;São Miguel do Iguaçu
2554006;SÃO MIGUEL DO IGUACU;2012;10;255.8;bruto;São Miguel do Iguaçu
2554006;SÃO MIGUEL DO IGUACU;2012;11;110.4;bruto;São Miguel do Iguaçu
2554006;SÃO MIGUEL DO IGUACU;2012;12;126.2;bruto;São Miguel do Iguaçu
2554006;SÃO MIGUEL DO IGUACU;2013;1;165.9;bruto;São Miguel do Iguaçu
2554006;SÃO MIGUEL DO IGUACU;2013;2;130.1;bruto;São Miguel do Iguaçu
2554006;SÃO MIGUEL DO IGUACU;2013;3;197.3;bruto;São Miguel do Iguaçu
2554006;SÃO MIGUEL DO IGUACU;2013;4;51.5;bruto;São Miguel do Iguaçu
2554006;SÃO MIGUEL DO IGUACU;2013;5;227.2;bruto;São Miguel do Iguaçu
2554006;SÃO MIGUEL DO IGUACU;2013;6;238.6;bruto;São Miguel do Iguaçu
2554006;SÃO MIGUEL DO IGUACU;2013;7;24.4;bruto;São Miguel do Iguaçu
2554006;SÃO MIGUEL DO IGUACU;2013;8;85.4;bruto;São Miguel do Iguaçu
2554006;SÃO MIGUEL DO IGUACU;2013;9;180.8;bruto;São Miguel do Iguaçu
2554006;SÃO MIGUEL DO IGUACU;2013;10;141.2;bruto;São Miguel do Iguaçu
2554006;SÃO MIGUEL DO IGUACU;2013;11;166.7;bruto;São Miguel do Iguaçu
2554006;SÃO MIGUEL DO IGUACU;2013;12;81.8;bruto;São Miguel do Iguaçu
2554006;SÃO MIGUEL DO IGUACU;2014;1;98.6;bruto;São Miguel do Iguaçu
2554006;SÃO MIGUEL DO IGUACU;2014;2;116.0;bruto;São Miguel do Iguaçu
2554006;SÃO MIGUEL DO IGUACU;2014;3;262.4;bruto;São Miguel do Iguaçu
2554006;SÃO MIGUEL DO IGUACU;2014;4;230.4;bruto;São Miguel do Iguaçu
2554006;SÃO MIGUEL DO IGUACU;2014;5;191.1;bruto;São Miguel do Iguaçu
2554006;SÃO MIGUEL DO IGUACU;2014;6;500.8;bruto;São Miguel do Iguaçu
2554006;SÃO MIGUEL DO IGUACU;2014;7;127.4;bruto;São Miguel do Iguaçu
2554006;SÃO MIGUEL DO IGUACU;2014;8;3.1;bruto;São Miguel do Iguaçu
2554006;SÃO MIGUEL DO IGUACU;2014;9;281.9;bruto;São Miguel do Iguaçu
2554006;SÃO MIGUEL DO IGUACU;2014;10;81.5;bruto;São Miguel do Iguaçu
2554006;SÃO MIGUEL DO IGUACU;2014;11;78.1;bruto;São Miguel do Iguaçu
2554006;SÃO MIGUEL DO IGUACU;2014;12;153.5;bruto;São Miguel do Iguaçu
2554006;SÃO MIGUEL DO IGUACU;2015;1;137.6;bruto;São Miguel do Iguaçu
2554006;SÃO MIGUEL DO IGUACU;2015;2;117.5;bruto;São Miguel do Iguaçu
2554006;SÃO MIGUEL DO IGUACU;2015;3;125.6;bruto;São Miguel do Iguaçu
2554006;SÃO MIGUEL DO IGUACU;2015;4;74.7;bruto;São Miguel do Iguaçu
2554006;SÃO MIGUEL DO IGUACU;2015;5;149.5;bruto;São Miguel do Iguaçu
2554006;SÃO MIGUEL DO IGUACU;2015;6;88.7;bruto;São Miguel do Iguaçu
2554006;SÃO MIGUEL DO IGUACU;2015;7;258.2;bruto;São Miguel do Iguaçu
2554006;SÃO MIGUEL DO IGUACU;2015;8;35.9;bruto;São Miguel do Iguaçu
2554006;SÃO MIGUEL DO IGUACU;2015;9;52.3;bruto;São Miguel do Iguaçu
2554006;SÃO MIGUEL DO IGUACU;2015;10;99.3;bruto;São Miguel do Iguaçu
2554006;SÃO MIGUEL DO IGUACU;2015;11;196.4;bruto;São Miguel do Iguaçu
2554006;SÃO MIGUEL DO IGUACU;2015;12;267.3;bruto;São Miguel do Iguaçu
2554006;SÃO MIGUEL DO IGUACU;2016;1;155.6;bruto;São Miguel do Iguaçu
2554006;SÃO MIGUEL DO IGUACU;2016;2;247.9;bruto;São Miguel do Iguaçu
2554006;SÃO MIGUEL DO IGUACU;2016;3;157.7;bruto;São Miguel do Iguaçu
2554006;SÃO MIGUEL DO IGUACU;2016;4;58.1;bruto;São Miguel do Iguaçu
2554006;SÃO MIGUEL DO IGUACU;2016;5;153.6;bruto;São Miguel do Iguaçu
2554006;SÃO MIGUEL DO IGUACU;2016;6;33.7;bruto;São Miguel do Iguaçu
2554006;SÃO MIGUEL DO IGUACU;2016;7;37.9;bruto;São Miguel do Iguaçu
2554006;SÃO MIGUEL DO IGUACU;2016;8;187.5;bruto;São Miguel do Iguaçu
2554006;SÃO MIGUEL DO IGUACU;2016;9;21.5;bruto;São Miguel do Iguaçu
2554006;SÃO MIGUEL DO IGUACU;2016;10;222.8;bruto;São Miguel do Iguaçu
2554006;SÃO MIGUEL DO IGUACU;2016;11;172.4;bruto;São Miguel do Iguaçu
2554006;SÃO MIGUEL DO IGUACU;2016;12;70.0;bruto;São Miguel do Iguaçu
2554006;SÃO MIGUEL DO IGUACU;2017;1;93.9;bruto;São Miguel do Iguaçu
2554006;SÃO MIGUEL DO IGUACU;2017;2;153.3;bruto;São Miguel do Iguaçu
2554006;SÃO MIGUEL DO IGUACU;2017;3;145.8;bruto;São Miguel do Iguaçu
2554006;SÃO MIGUEL DO IGUACU;2017;4;200.3;bruto;São Miguel do Iguaçu
2554006;SÃO MIGUEL DO IGUACU;2017;5;228.8;bruto;São Miguel do Iguaçu
2554006;SÃO MIGUEL DO IGUACU;2017;6;86.5;bruto;São Miguel do Iguaçu
2554006;SÃO MIGUEL DO IGUACU;2017;7;5.6;bruto;São Miguel do Iguaçu
2554006;SÃO MIGUEL DO IGUACU;2017;8;153.6;bruto;São Miguel do Iguaçu
2554006;SÃO MIGUEL DO IGUACU;2017;9;23.7;bruto;São Miguel do Iguaçu
2554006;SÃO MIGUEL DO IGUACU;2017;10;371.8;bruto;São Miguel do Iguaçu
2554006;SÃO MIGUEL DO IGUACU;2017;11;458.4;bruto;São Miguel do Iguaçu
2554006;SÃO MIGUEL DO IGUACU;2017;12;148.7;bruto;São Miguel do Iguaçu
2554006;SÃO MIGUEL DO IGUACU;2018;1;167.3;bruto;São Miguel do Iguaçu
2554006;SÃO MIGUEL DO IGUACU;2018;2;324.2;bruto;São Miguel do Iguaçu
2554006;SÃO MIGUEL DO IGUACU;2018;3;185.2;bruto;São Miguel do Iguaçu
2554006;SÃO MIGUEL DO IGUACU;2018;4;64.5;bruto;São Miguel do Iguaçu
2554006;SÃO MIGUEL DO IGUACU;2018;5;67.5;bruto;São Miguel do Iguaçu
2554006;SÃO MIGUEL DO IGUACU;2018;6;134.1;bruto;São Miguel do Iguaçu
2554006;SÃO MIGUEL DO IGUACU;2018;7;3.5;bruto;São Miguel do Iguaçu
2554006;SÃO MIGUEL DO IGUACU;2018;8;76.2;bruto;São Miguel do Iguaçu
2554006;SÃO MIGUEL DO IGUACU;2018;9;168.5;bruto;São Miguel do Iguaçu
2554006;SÃO MIGUEL DO IGUACU;2018;10;390.5;bruto;São Miguel do Iguaçu
2554006;SÃO MIGUEL DO IGUACU;2018;11;109.7;bruto;São Miguel do Iguaçu
2554006;SÃO MIGUEL DO IGUACU;2018;12;51.8;bruto;São Miguel do Iguaçu
2554006;SÃO MIGUEL DO IGUACU;2019;1;146.7;bruto;São Miguel do Iguaçu
2554006;SÃO MIGUEL DO IGUACU;2019;2;132.2;bruto;São Miguel do Iguaçu
2554006;SÃO MIGUEL DO IGUACU;2019;3;197.8;bruto;São Miguel do Iguaçu
2554006;SÃO MIGUEL DO IGUACU;2019;4;153.2;bruto;São Miguel do Iguaçu
2554006;SÃO MIGUEL DO IGUACU;2019;5;197.3;bruto;São Miguel do Iguaçu
2554006;SÃO MIGUEL DO IGUACU;2019;6;44.3;bruto;São Miguel do Iguaçu
2554006;SÃO MIGUEL DO IGUACU;2019;7;49.4;bruto;São Miguel do Iguaçu
2554006;SÃO MIGUEL DO IGUACU;2019;8;1.0;bruto;São Miguel do Iguaçu
2554006;SÃO MIGUEL DO IGUACU;2019;9;24.7;bruto;São Miguel do Iguaçu
2554006;SÃO MIGUEL DO IGUACU;2019;10;103.5;bruto;São Miguel do Iguaçu
2554006;SÃO MIGUEL DO IGUACU;2019;11;151.7;bruto;São Miguel do Iguaçu
2554006;SÃO MIGUEL DO IGUACU;2019;12;173.6;bruto;São Miguel do Iguaçu
2554006;SÃO MIGUEL DO IGUACU;2020;1;151.3;bruto;São Miguel do Iguaçu
2554006;SÃO MIGUEL DO IGUACU;2020;2;120.9;bruto;São Miguel do Iguaçu
2554006;SÃO MIGUEL DO IGUACU;2020;3;39.8;bruto;São Miguel do Iguaçu
2554006;SÃO MIGUEL DO IGUACU;2020;4;48.2;bruto;São Miguel do Iguaçu
2554006;SÃO MIGUEL DO IGUACU;2020;5;213.3;bruto;São Miguel do Iguaçu
2554006;SÃO MIGUEL DO IGUACU;2020;6;111.3;bruto;São Miguel do Iguaçu
2554006;SÃO MIGUEL DO IGUACU;2020;7;82.6;bruto;São Miguel do Iguaçu
2554006;SÃO MIGUEL DO IGUACU;2020;8;130.1;bruto;São Miguel do Iguaçu
2554006;SÃO MIGUEL DO IGUACU;2020;9;30.2;bruto;São Miguel do Iguaçu
2554006;SÃO MIGUEL DO IGUACU;2020;10;84.1;bruto;São Miguel do Iguaçu
2554006;SÃO MIGUEL DO IGUACU;2020;11;37.2;bruto;São Miguel do Iguaçu
2554006;SÃO MIGUEL DO IGUACU;2020;12;214.8;bruto;São Miguel do Iguaçu
2554006;SÃO MIGUEL DO IGUACU;2021;1;311.2;bruto;São Miguel do Iguaçu
2554006;SÃO MIGUEL DO IGUACU;2021;2;60.2;bruto;São Miguel do Iguaçu
2554006;SÃO MIGUEL DO IGUACU;2021;3;64.2;bruto;São Miguel do Iguaçu
2554006;SÃO MIGUEL DO IGUACU;2021;4;15.4;bruto;São Miguel do Iguaçu
2554006;SÃO MIGUEL DO IGUACU;2021;5;28.4;bruto;São Miguel do Iguaçu
2554006;SÃO MIGUEL DO IGUACU;2021;6;138.3;bruto;São Miguel do Iguaçu
2554006;SÃO MIGUEL DO IGUACU;2021;7;43.9;bruto;São Miguel do Iguaçu
2554006;SÃO MIGUEL DO IGUACU;2021;8;37.0;bruto;São Miguel do Iguaçu
2554006;SÃO MIGUEL DO IGUACU;2021;9;70.9;bruto;São Miguel do Iguaçu
2554006;SÃO MIGUEL DO IGUACU;2021;10;468.0;bruto;São Miguel do Iguaçu
2554006;SÃO MIGUEL DO IGUACU;2021;11;54.2;bruto;São Miguel do Iguaçu
2554006;SÃO MIGUEL DO IGUACU;2021;12;5.3;bruto;São Miguel do Iguaçu
2554006;SÃO MIGUEL DO IGUACU;2022;1;129.6;bruto;São Miguel do Iguaçu
2554006;SÃO MIGUEL DO IGUACU;2022;2;38.8;bruto;São Miguel do Iguaçu
2554006;SÃO MIGUEL DO IGUACU;2022;3;347.2;bruto;São Miguel do Iguaçu
2554006;SÃO MIGUEL DO IGUACU;2022;4;229.9;bruto;São Miguel do Iguaçu
2554006;SÃO MIGUEL DO IGUACU;2022;5;254.4;bruto;São Miguel do Iguaçu
2554006;SÃO MIGUEL DO IGUACU;2022;6;118.8;bruto;São Miguel do Iguaçu
2554006;SÃO MIGUEL DO IGUACU;2022;7;44.4;bruto;São Miguel do Iguaçu
2554006;SÃO MIGUEL DO IGUACU;2022;8;126.3;bruto;São Miguel do Iguaçu
2554006;SÃO MIGUEL DO IGUACU;2022;9;219.1;bruto;São Miguel do Iguaçu
2554006;SÃO MIGUEL DO IGUACU;2022;10;408.8;bruto;São Miguel do Iguaçu
2554006;SÃO MIGUEL DO IGUACU;2022;11;86.3;bruto;São Miguel do Iguaçu
2554006;SÃO MIGUEL DO IGUACU;2022;12;63.1;bruto;São Miguel do Iguaçu
2554006;SÃO MIGUEL DO IGUACU;2023;1;213.3;bruto;São Miguel do Iguaçu
2554006;SÃO MIGUEL DO IGUACU;2023;2;196.3;bruto;São Miguel do Iguaçu
2554006;SÃO MIGUEL DO IGUACU;2023;3;84.5;bruto;São Miguel do Iguaçu
2554006;SÃO MIGUEL DO IGUACU;2023;4;111.2;bruto;São Miguel do Iguaçu
2554006;SÃO MIGUEL DO IGUACU;2023;5;97.8;bruto;São Miguel do Iguaçu
2554006;SÃO MIGUEL DO IGUACU;2023;6;89.2;bruto;São Miguel do Iguaçu
2554006;SÃO MIGUEL DO IGUACU;2023;7;108.6;bruto;São Miguel do Iguaçu
2554006;SÃO MIGUEL DO IGUACU;2023;8;98.0;bruto;São Miguel do Iguaçu
2554006;SÃO MIGUEL DO IGUACU;2023;9;222.3;bruto;São Miguel do Iguaçu
2554006;SÃO MIGUEL DO IGUACU;2023;10;312.9;bruto;São Miguel do Iguaçu
2554006;SÃO MIGUEL DO IGUACU;2023;11;405.6;bruto;São Miguel do Iguaçu
2554006;SÃO MIGUEL DO IGUACU;2023;12;129.8;bruto;São Miguel do Iguaçu
2554006;SÃO MIGUEL DO IGUACU;2024;1;68.0;bruto;São Miguel do Iguaçu
2554006;SÃO MIGUEL DO IGUACU;2024;2;100.0;bruto;São Miguel do Iguaçu
2554006;SÃO MIGUEL DO IGUACU;2024;3;60.1;bruto;São Miguel do Iguaçu
2554006;SÃO MIGUEL DO IGUACU;2024;4;158.8;bruto;São Miguel do Iguaçu
2554006;SÃO MIGUEL DO IGUACU;2024;5;209.0;bruto;São Miguel do Iguaçu
2554006;SÃO MIGUEL DO IGUACU;2024;6;79.3;bruto;São Miguel do Iguaçu
2554006;SÃO MIGUEL DO IGUACU;2024;7;143.6;bruto;São Miguel do Iguaçu
2554006;SÃO MIGUEL DO IGUACU;2024;8;24.4;bruto;São Miguel do Iguaçu
2554006;SÃO MIGUEL DO IGUACU;2024;9;109.6;bruto;São Miguel do Iguaçu
2554006;SÃO MIGUEL DO IGUACU;2024;10;100.3;bruto;São Miguel do Iguaçu
2554006;SÃO MIGUEL DO IGUACU;2024;11;218.7;bruto;São Miguel do Iguaçu
2554006;SÃO MIGUEL DO IGUACU;2024;12;;sem_leitura;São Miguel do Iguaçu
2554006;SÃO MIGUEL DO IGUACU;2025;1;106.3;bruto;São Miguel do Iguaçu
2554006;SÃO MIGUEL DO IGUACU;2025;2;226.3;bruto;São Miguel do Iguaçu
2554006;SÃO MIGUEL DO IGUACU;2025;3;46.0;bruto;São Miguel do Iguaçu
2554006;SÃO MIGUEL DO IGUACU;2025;4;89.7;bruto;São Miguel do Iguaçu
2554006;SÃO MIGUEL DO IGUACU;2025;5;116.5;bruto;São Miguel do Iguaçu
2554006;SÃO MIGUEL DO IGUACU;2025;6;422.5;bruto;São Miguel do Iguaçu
2554006;SÃO MIGUEL DO IGUACU;2025;7;87.5;bruto;São Miguel do Iguaçu
2554006;SÃO MIGUEL DO IGUACU;2025;8;136.2;bruto;São Miguel do Iguaçu
2554006;SÃO MIGUEL DO IGUACU;2025;9;110.9;bruto;São Miguel do Iguaçu
2554006;SÃO MIGUEL DO IGUACU;2025;10;213.6;bruto;São Miguel do Iguaçu
2554006;SÃO MIGUEL DO IGUACU;2025;11;191.1;bruto;São Miguel do Iguaçu
2554006;SÃO MIGUEL DO IGUACU;2025;12;308.6;bruto;São Miguel do Iguaçu
2554007;COLÉGIO MEDIANEIRA;1986;1;219.2;bruto;Medianeira
2554007;COLÉGIO MEDIANEIRA;1986;2;334.5;bruto;Medianeira
2554007;COLÉGIO MEDIANEIRA;1986;3;126.9;bruto;Medianeira
2554007;COLÉGIO MEDIANEIRA;1986;4;127.2;bruto;Medianeira
2554007;COLÉGIO MEDIANEIRA;1986;5;369.3;bruto;Medianeira
2554007;COLÉGIO MEDIANEIRA;1986;6;71.0;bruto;Medianeira
2554007;COLÉGIO MEDIANEIRA;1986;7;70.5;bruto;Medianeira
2554007;COLÉGIO MEDIANEIRA;1986;8;88.5;bruto;Medianeira
2554007;COLÉGIO MEDIANEIRA;1986;9;190.5;bruto;Medianeira
2554007;COLÉGIO MEDIANEIRA;1986;10;206.5;bruto;Medianeira
2554007;COLÉGIO MEDIANEIRA;1986;11;150.7;bruto;Medianeira
2554007;COLÉGIO MEDIANEIRA;1986;12;166.2;bruto;Medianeira
2554007;COLÉGIO MEDIANEIRA;1987;1;119.1;bruto;Medianeira
2554007;COLÉGIO MEDIANEIRA;1987;2;409.3;bruto;Medianeira
2554007;COLÉGIO MEDIANEIRA;1987;3;61.9;bruto;Medianeira
2554007;COLÉGIO MEDIANEIRA;1987;4;274.7;bruto;Medianeira
2554007;COLÉGIO MEDIANEIRA;1987;5;314.0;bruto;Medianeira
2554007;COLÉGIO MEDIANEIRA;1987;6;150.0;bruto;Medianeira
2554007;COLÉGIO MEDIANEIRA;1987;7;116.0;bruto;Medianeira
2554007;COLÉGIO MEDIANEIRA;1987;8;57.0;bruto;Medianeira
2554007;COLÉGIO MEDIANEIRA;1987;9;19.0;bruto;Medianeira
2554007;COLÉGIO MEDIANEIRA;1987;10;252.0;bruto;Medianeira
2554007;COLÉGIO MEDIANEIRA;1987;11;237.0;bruto;Medianeira
2554007;COLÉGIO MEDIANEIRA;1987;12;175.7;bruto;Medianeira
2554007;COLÉGIO MEDIANEIRA;1988;1;121.4;bruto;Medianeira
2554007;COLÉGIO MEDIANEIRA;1988;2;90.0;bruto;Medianeira
2554007;COLÉGIO MEDIANEIRA;1988;3;48.3;bruto;Medianeira
2554007;COLÉGIO MEDIANEIRA;1988;4;290.8;bruto;Medianeira
2554007;COLÉGIO MEDIANEIRA;1988;5;224.8;bruto;Medianeira
2554007;COLÉGIO MEDIANEIRA;1988;6;;sem_leitura;Medianeira
2554007;COLÉGIO MEDIANEIRA;1988;7;;sem_leitura;Medianeira
2554007;COLÉGIO MEDIANEIRA;1988;8;;sem_leitura;Medianeira
2554007;COLÉGIO MEDIANEIRA;1988;9;;sem_leitura;Medianeira
2554007;COLÉGIO MEDIANEIRA;1988;10;;sem_leitura;Medianeira
2554007;COLÉGIO MEDIANEIRA;1988;11;;sem_leitura;Medianeira
2554007;COLÉGIO MEDIANEIRA;1988;12;;sem_leitura;Medianeira
2554010;FOZ DO IGUACU;1986;1;187.4;bruto;Foz do Iguaçu
2554010;FOZ DO IGUACU;1986;2;166.8;bruto;Foz do Iguaçu
2554010;FOZ DO IGUACU;1986;3;265.6;bruto;Foz do Iguaçu
2554010;FOZ DO IGUACU;1986;4;98.4;bruto;Foz do Iguaçu
2554010;FOZ DO IGUACU;1986;5;267.4;bruto;Foz do Iguaçu
2554010;FOZ DO IGUACU;1986;6;40.6;bruto;Foz do Iguaçu
2554010;FOZ DO IGUACU;1986;7;57.4;bruto;Foz do Iguaçu
2554010;FOZ DO IGUACU;1986;8;109.8;bruto;Foz do Iguaçu
2554010;FOZ DO IGUACU;1986;9;157.0;bruto;Foz do Iguaçu
2554010;FOZ DO IGUACU;1986;10;135.2;bruto;Foz do Iguaçu
2554010;FOZ DO IGUACU;1986;11;96.2;bruto;Foz do Iguaçu
2554010;FOZ DO IGUACU;1986;12;192.8;bruto;Foz do Iguaçu
2554010;FOZ DO IGUACU;1987;1;155.6;bruto;Foz do Iguaçu
2554010;FOZ DO IGUACU;1987;2;266.2;bruto;Foz do Iguaçu
2554010;FOZ DO IGUACU;1987;3;41.4;bruto;Foz do Iguaçu
2554010;FOZ DO IGUACU;1987;4;218.4;bruto;Foz do Iguaçu
2554010;FOZ DO IGUACU;1987;5;251.0;bruto;Foz do Iguaçu
2554010;FOZ DO IGUACU;1987;6;43.4;bruto;Foz do Iguaçu
2554010;FOZ DO IGUACU;1987;7;103.2;bruto;Foz do Iguaçu
2554010;FOZ DO IGUACU;1987;8;53.0;bruto;Foz do Iguaçu
2554010;FOZ DO IGUACU;1987;9;0.0;bruto;Foz do Iguaçu
2554010;FOZ DO IGUACU;1987;10;315.4;bruto;Foz do Iguaçu
2554010;FOZ DO IGUACU;1987;11;178.4;bruto;Foz do Iguaçu
2554010;FOZ DO IGUACU;1987;12;87.0;bruto;Foz do Iguaçu
2554010;FOZ DO IGUACU;1988;1;139.2;bruto;Foz do Iguaçu
2554010;FOZ DO IGUACU;1988;2;118.8;bruto;Foz do Iguaçu
2554010;FOZ DO IGUACU;1988;3;52.6;bruto;Foz do Iguaçu
2554010;FOZ DO IGUACU;1988;4;219.1;bruto;Foz do Iguaçu
2554010;FOZ DO IGUACU;1988;5;133.6;bruto;Foz do Iguaçu
2554010;FOZ DO IGUACU;1988;6;173.0;bruto;Foz do Iguaçu
2554010;FOZ DO IGUACU;1988;7;2.3;bruto;Foz do Iguaçu
2554010;FOZ DO IGUACU;1988;8;10.5;bruto;Foz do Iguaçu
2554010;FOZ DO IGUACU;1988;9;19.7;bruto;Foz do Iguaçu
2554010;FOZ DO IGUACU;1988;10;120.8;bruto;Foz do Iguaçu
2554010;FOZ DO IGUACU;1988;11;105.1;bruto;Foz do Iguaçu
2554010;FOZ DO IGUACU;1988;12;152.2;bruto;Foz do Iguaçu
2554010;FOZ DO IGUACU;1989;1;250.1;bruto;Foz do Iguaçu
2554010;FOZ DO IGUACU;1989;2;208.5;bruto;Foz do Iguaçu
2554010;FOZ DO IGUACU;1989;3;108.8;bruto;Foz do Iguaçu
2554010;FOZ DO IGUACU;1989;4;85.9;bruto;Foz do Iguaçu
2554010;FOZ DO IGUACU;1989;5;70.5;bruto;Foz do Iguaçu
2554010;FOZ DO IGUACU;1989;6;141.9;bruto;Foz do Iguaçu
2554010;FOZ DO IGUACU;1989;7;88.1;bruto;Foz do Iguaçu
2554010;FOZ DO IGUACU;1989;8;233.7;bruto;Foz do Iguaçu
2554010;FOZ DO IGUACU;1989;9;231.4;bruto;Foz do Iguaçu
2554010;FOZ DO IGUACU;1989;10;176.3;bruto;Foz do Iguaçu
2554010;FOZ DO IGUACU;1989;11;104.2;bruto;Foz do Iguaçu
2554010;FOZ DO IGUACU;1989;12;169.0;bruto;Foz do Iguaçu
2554010;FOZ DO IGUACU;1990;1;433.1;bruto;Foz do Iguaçu
2554010;FOZ DO IGUACU;1990;2;87.4;bruto;Foz do Iguaçu
2554010;FOZ DO IGUACU;1990;3;102.9;bruto;Foz do Iguaçu
2554010;FOZ DO IGUACU;1990;4;346.1;bruto;Foz do Iguaçu
2554010;FOZ DO IGUACU;1990;5;263.2;bruto;Foz do Iguaçu
2554010;FOZ DO IGUACU;1990;6;228.3;bruto;Foz do Iguaçu
2554010;FOZ DO IGUACU;1990;7;95.4;bruto;Foz do Iguaçu
2554010;FOZ DO IGUACU;1990;8;;sem_leitura;Foz do Iguaçu
2554010;FOZ DO IGUACU;1990;9;;sem_leitura;Foz do Iguaçu
2554010;FOZ DO IGUACU;1990;10;;sem_leitura;Foz do Iguaçu
2554010;FOZ DO IGUACU;1990;11;;sem_leitura;Foz do Iguaçu
2554010;FOZ DO IGUACU;1990;12;;sem_leitura;Foz do Iguaçu
2554013;SANTA ELIZA;1986;1;176.7;bruto;São Miguel do Iguaçu
2554013;SANTA ELIZA;1986;2;303.2;bruto;São Miguel do Iguaçu
2554013;SANTA ELIZA;1986;3;268.7;bruto;São Miguel do Iguaçu
2554013;SANTA ELIZA;1986;4;160.9;bruto;São Miguel do Iguaçu
2554013;SANTA ELIZA;1986;5;293.7;bruto;São Miguel do Iguaçu
2554013;SANTA ELIZA;1986;6;83.8;bruto;São Miguel do Iguaçu
2554013;SANTA ELIZA;1986;7;55.2;bruto;São Miguel do Iguaçu
2554013;SANTA ELIZA;1986;8;145.9;bruto;São Miguel do Iguaçu
2554013;SANTA ELIZA;1986;9;88.6;bruto;São Miguel do Iguaçu
2554013;SANTA ELIZA;1986;10;228.7;bruto;São Miguel do Iguaçu
2554013;SANTA ELIZA;1986;11;129.4;bruto;São Miguel do Iguaçu
2554013;SANTA ELIZA;1986;12;232.8;bruto;São Miguel do Iguaçu
2554013;SANTA ELIZA;1987;1;172.3;bruto;São Miguel do Iguaçu
2554013;SANTA ELIZA;1987;2;346.0;bruto;São Miguel do Iguaçu
2554013;SANTA ELIZA;1987;3;8.1;bruto;São Miguel do Iguaçu
2554013;SANTA ELIZA;1987;4;412.7;bruto;São Miguel do Iguaçu
2554013;SANTA ELIZA;1987;5;498.0;bruto;São Miguel do Iguaçu
2554013;SANTA ELIZA;1987;6;117.9;bruto;São Miguel do Iguaçu
2554013;SANTA ELIZA;1987;7;211.7;bruto;São Miguel do Iguaçu
2554013;SANTA ELIZA;1987;8;128.2;bruto;São Miguel do Iguaçu
2554013;SANTA ELIZA;1987;9;0.0;bruto;São Miguel do Iguaçu
2554013;SANTA ELIZA;1987;10;575.4;bruto;São Miguel do Iguaçu
2554013;SANTA ELIZA;1987;11;381.7;bruto;São Miguel do Iguaçu
2554013;SANTA ELIZA;1987;12;263.2;bruto;São Miguel do Iguaçu
2554013;SANTA ELIZA;1988;1;393.9;bruto;São Miguel do Iguaçu
2554013;SANTA ELIZA;1988;2;706.1;bruto;São Miguel do Iguaçu
2554013;SANTA ELIZA;1988;3;88.2;bruto;São Miguel do Iguaçu
2554013;SANTA ELIZA;1988;4;383.6;bruto;São Miguel do Iguaçu
2554013;SANTA ELIZA;1988;5;624.1;bruto;São Miguel do Iguaçu
2554013;SANTA ELIZA;1988;6;559.9;bruto;São Miguel do Iguaçu
2554013;SANTA ELIZA;1988;7;12.1;bruto;São Miguel do Iguaçu
2554013;SANTA ELIZA;1988;8;8.7;bruto;São Miguel do Iguaçu
2554013;SANTA ELIZA;1988;9;28.8;bruto;São Miguel do Iguaçu
2554013;SANTA ELIZA;1988;10;116.4;bruto;São Miguel do Iguaçu
2554013;SANTA ELIZA;1988;11;87.6;bruto;São Miguel do Iguaçu
2554013;SANTA ELIZA;1988;12;109.0;bruto;São Miguel do Iguaçu
2554013;SANTA ELIZA;1989;1;568.3;bruto;São Miguel do Iguaçu
2554013;SANTA ELIZA;1989;2;176.0;bruto;São Miguel do Iguaçu
2554013;SANTA ELIZA;1989;3;195.0;bruto;São Miguel do Iguaçu
2554013;SANTA ELIZA;1989;4;176.6;bruto;São Miguel do Iguaçu
2554013;SANTA ELIZA;1989;5;29.8;bruto;São Miguel do Iguaçu
2554013;SANTA ELIZA;1989;6;329.7;bruto;São Miguel do Iguaçu
2554013;SANTA ELIZA;1989;7;243.0;bruto;São Miguel do Iguaçu
2554013;SANTA ELIZA;1989;8;345.7;bruto;São Miguel do Iguaçu
2554013;SANTA ELIZA;1989;9;516.3;bruto;São Miguel do Iguaçu
2554013;SANTA ELIZA;1989;10;429.5;bruto;São Miguel do Iguaçu
2554013;SANTA ELIZA;1989;11;144.4;bruto;São Miguel do Iguaçu
2554013;SANTA ELIZA;1989;12;157.3;bruto;São Miguel do Iguaçu
2554013;SANTA ELIZA;1990;1;1022.0;bruto;São Miguel do Iguaçu
2554013;SANTA ELIZA;1990;2;155.9;bruto;São Miguel do Iguaçu
2554013;SANTA ELIZA;1990;3;127.1;bruto;São Miguel do Iguaçu
2554013;SANTA ELIZA;1990;4;645.8;bruto;São Miguel do Iguaçu
2554013;SANTA ELIZA;1990;5;403.0;bruto;São Miguel do Iguaçu
2554013;SANTA ELIZA;1990;6;683.3;bruto;São Miguel do Iguaçu
2554013;SANTA ELIZA;1990;7;290.2;bruto;São Miguel do Iguaçu
2554013;SANTA ELIZA;1990;8;313.4;bruto;São Miguel do Iguaçu
2554013;SANTA ELIZA;1990;9;262.1;bruto;São Miguel do Iguaçu
2554013;SANTA ELIZA;1990;10;111.3;bruto;São Miguel do Iguaçu
2554013;SANTA ELIZA;1990;11;89.9;bruto;São Miguel do Iguaçu
2554013;SANTA ELIZA;1990;12;120.1;bruto;São Miguel do Iguaçu
2554013;SANTA ELIZA;1991;1;140.1;bruto;São Miguel do Iguaçu
2554013;SANTA ELIZA;1991;2;112.4;bruto;São Miguel do Iguaçu
2554013;SANTA ELIZA;1991;3;132.2;bruto;São Miguel do Iguaçu
2554013;SANTA ELIZA;1991;4;197.5;bruto;São Miguel do Iguaçu
2554013;SANTA ELIZA;1991;5;149.7;bruto;São Miguel do Iguaçu
2554013;SANTA ELIZA;1991;6;375.0;bruto;São Miguel do Iguaçu
2554013;SANTA ELIZA;1991;7;34.6;bruto;São Miguel do Iguaçu
2554013;SANTA ELIZA;1991;8;33.3;bruto;São Miguel do Iguaçu
2554013;SANTA ELIZA;1991;9;142.6;bruto;São Miguel do Iguaçu
2554013;SANTA ELIZA;1991;10;216.0;bruto;São Miguel do Iguaçu
2554013;SANTA ELIZA;1991;11;208.2;bruto;São Miguel do Iguaçu
2554013;SANTA ELIZA;1991;12;503.8;bruto;São Miguel do Iguaçu
2554013;SANTA ELIZA;1992;1;44.1;bruto;São Miguel do Iguaçu
2554013;SANTA ELIZA;1992;2;220.0;bruto;São Miguel do Iguaçu
2554013;SANTA ELIZA;1992;3;308.7;bruto;São Miguel do Iguaçu
2554013;SANTA ELIZA;1992;4;231.5;bruto;São Miguel do Iguaçu
2554013;SANTA ELIZA;1992;5;677.7;bruto;São Miguel do Iguaçu
2554013;SANTA ELIZA;1992;6;245.5;bruto;São Miguel do Iguaçu
2554013;SANTA ELIZA;1992;7;131.5;bruto;São Miguel do Iguaçu
2554013;SANTA ELIZA;1992;8;294.8;bruto;São Miguel do Iguaçu
2554013;SANTA ELIZA;1992;9;83.5;bruto;São Miguel do Iguaçu
2554013;SANTA ELIZA;1992;10;133.3;bruto;São Miguel do Iguaçu
2554013;SANTA ELIZA;1992;11;259.3;bruto;São Miguel do Iguaçu
2554013;SANTA ELIZA;1992;12;40.4;bruto;São Miguel do Iguaçu
2554013;SANTA ELIZA;1993;1;208.1;bruto;São Miguel do Iguaçu
2554013;SANTA ELIZA;1993;2;90.2;bruto;São Miguel do Iguaçu
2554013;SANTA ELIZA;1993;3;168.6;bruto;São Miguel do Iguaçu
2554013;SANTA ELIZA;1993;4;18.5;bruto;São Miguel do Iguaçu
2554013;SANTA ELIZA;1993;5;420.2;bruto;São Miguel do Iguaçu
2554013;SANTA ELIZA;1993;6;314.6;bruto;São Miguel do Iguaçu
2554013;SANTA ELIZA;1993;7;158.3;bruto;São Miguel do Iguaçu
2554013;SANTA ELIZA;1993;8;9.8;bruto;São Miguel do Iguaçu
2554013;SANTA ELIZA;1993;9;303.3;bruto;São Miguel do Iguaçu
2554013;SANTA ELIZA;1993;10;635.6;bruto;São Miguel do Iguaçu
2554013;SANTA ELIZA;1993;11;237.3;bruto;São Miguel do Iguaçu
2554013;SANTA ELIZA;1993;12;181.5;bruto;São Miguel do Iguaçu
2554013;SANTA ELIZA;1994;1;15.7;bruto;São Miguel do Iguaçu
2554013;SANTA ELIZA;1994;2;351.8;bruto;São Miguel do Iguaçu
2554013;SANTA ELIZA;1994;3;33.2;bruto;São Miguel do Iguaçu
2554013;SANTA ELIZA;1994;4;228.3;bruto;São Miguel do Iguaçu
2554013;SANTA ELIZA;1994;5;327.0;bruto;São Miguel do Iguaçu
2554013;SANTA ELIZA;1994;6;444.9;bruto;São Miguel do Iguaçu
2554013;SANTA ELIZA;1994;7;245.6;bruto;São Miguel do Iguaçu
2554013;SANTA ELIZA;1994;8;1.2;bruto;São Miguel do Iguaçu
2554013;SANTA ELIZA;1994;9;114.2;bruto;São Miguel do Iguaçu
2554013;SANTA ELIZA;1994;10;534.0;bruto;São Miguel do Iguaçu
2554013;SANTA ELIZA;1994;11;320.5;bruto;São Miguel do Iguaçu
2554013;SANTA ELIZA;1994;12;129.4;bruto;São Miguel do Iguaçu
2554013;SANTA ELIZA;1995;1;744.9;bruto;São Miguel do Iguaçu
2554013;SANTA ELIZA;1995;2;148.8;bruto;São Miguel do Iguaçu
2554013;SANTA ELIZA;1995;3;357.0;bruto;São Miguel do Iguaçu
2554013;SANTA ELIZA;1995;4;226.5;bruto;São Miguel do Iguaçu
2554013;SANTA ELIZA;1995;5;56.4;bruto;São Miguel do Iguaçu
2554013;SANTA ELIZA;1995;6;56.3;bruto;São Miguel do Iguaçu
2554013;SANTA ELIZA;1995;7;254.0;bruto;São Miguel do Iguaçu
2554013;SANTA ELIZA;1995;8;22.5;bruto;São Miguel do Iguaçu
2554013;SANTA ELIZA;1995;9;187.7;bruto;São Miguel do Iguaçu
2554013;SANTA ELIZA;1995;10;229.3;bruto;São Miguel do Iguaçu
2554013;SANTA ELIZA;1995;11;31.4;bruto;São Miguel do Iguaçu
2554013;SANTA ELIZA;1995;12;322.7;bruto;São Miguel do Iguaçu
2554013;SANTA ELIZA;1996;1;163.3;bruto;São Miguel do Iguaçu
2554013;SANTA ELIZA;1996;2;166.5;bruto;São Miguel do Iguaçu
2554013;SANTA ELIZA;1996;3;107.3;bruto;São Miguel do Iguaçu
2554013;SANTA ELIZA;1996;4;59.0;bruto;São Miguel do Iguaçu
2554013;SANTA ELIZA;1996;5;28.7;bruto;São Miguel do Iguaçu
2554013;SANTA ELIZA;1996;6;134.8;bruto;São Miguel do Iguaçu
2554013;SANTA ELIZA;1996;7;88.4;bruto;São Miguel do Iguaçu
2554013;SANTA ELIZA;1996;8;34.2;bruto;São Miguel do Iguaçu
2554013;SANTA ELIZA;1996;9;82.8;bruto;São Miguel do Iguaçu
2554013;SANTA ELIZA;1996;10;591.7;bruto;São Miguel do Iguaçu
2554013;SANTA ELIZA;1996;11;108.2;bruto;São Miguel do Iguaçu
2554013;SANTA ELIZA;1996;12;430.9;bruto;São Miguel do Iguaçu
2554013;SANTA ELIZA;1997;1;187.4;bruto;São Miguel do Iguaçu
2554013;SANTA ELIZA;1997;2;192.6;bruto;São Miguel do Iguaçu
2554013;SANTA ELIZA;1997;3;70.1;bruto;São Miguel do Iguaçu
2554013;SANTA ELIZA;1997;4;25.8;bruto;São Miguel do Iguaçu
2554013;SANTA ELIZA;1997;5;346.1;bruto;São Miguel do Iguaçu
2554013;SANTA ELIZA;1997;6;219.6;bruto;São Miguel do Iguaçu
2554013;SANTA ELIZA;1997;7;67.5;bruto;São Miguel do Iguaçu
2554013;SANTA ELIZA;1997;8;180.2;bruto;São Miguel do Iguaçu
2554013;SANTA ELIZA;1997;9;195.1;bruto;São Miguel do Iguaçu
2554013;SANTA ELIZA;1997;10;237.5;bruto;São Miguel do Iguaçu
2554013;SANTA ELIZA;1997;11;380.2;bruto;São Miguel do Iguaçu
2554013;SANTA ELIZA;1997;12;106.7;bruto;São Miguel do Iguaçu
2554013;SANTA ELIZA;1998;1;146.1;bruto;São Miguel do Iguaçu
2554013;SANTA ELIZA;1998;2;661.6;bruto;São Miguel do Iguaçu
2554013;SANTA ELIZA;1998;3;316.5;bruto;São Miguel do Iguaçu
2554013;SANTA ELIZA;1998;4;211.1;bruto;São Miguel do Iguaçu
2554013;SANTA ELIZA;1998;5;220.3;bruto;São Miguel do Iguaçu
2554013;SANTA ELIZA;1998;6;99.0;bruto;São Miguel do Iguaçu
2554013;SANTA ELIZA;1998;7;58.9;bruto;São Miguel do Iguaçu
2554013;SANTA ELIZA;1998;8;318.7;bruto;São Miguel do Iguaçu
2554013;SANTA ELIZA;1998;9;276.8;bruto;São Miguel do Iguaçu
2554013;SANTA ELIZA;1998;10;357.0;bruto;São Miguel do Iguaçu
2554013;SANTA ELIZA;1998;11;48.4;bruto;São Miguel do Iguaçu
2554013;SANTA ELIZA;1998;12;88.8;bruto;São Miguel do Iguaçu
2554013;SANTA ELIZA;1999;1;90.3;bruto;São Miguel do Iguaçu
2554013;SANTA ELIZA;1999;2;133.5;bruto;São Miguel do Iguaçu
2554013;SANTA ELIZA;1999;3;168.1;bruto;São Miguel do Iguaçu
2554013;SANTA ELIZA;1999;4;220.3;bruto;São Miguel do Iguaçu
2554013;SANTA ELIZA;1999;5;100.2;bruto;São Miguel do Iguaçu
2554013;SANTA ELIZA;1999;6;146.4;bruto;São Miguel do Iguaçu
2554013;SANTA ELIZA;1999;7;108.8;bruto;São Miguel do Iguaçu
2554013;SANTA ELIZA;1999;8;8.9;bruto;São Miguel do Iguaçu
2554013;SANTA ELIZA;1999;9;69.6;bruto;São Miguel do Iguaçu
2554013;SANTA ELIZA;1999;10;30.9;bruto;São Miguel do Iguaçu
2554013;SANTA ELIZA;1999;11;50.7;bruto;São Miguel do Iguaçu
2554013;SANTA ELIZA;1999;12;162.9;bruto;São Miguel do Iguaçu
2554013;SANTA ELIZA;2000;1;214.5;bruto;São Miguel do Iguaçu
2554013;SANTA ELIZA;2000;2;248.7;bruto;São Miguel do Iguaçu
2554013;SANTA ELIZA;2000;3;67.1;bruto;São Miguel do Iguaçu
2554013;SANTA ELIZA;2000;4;132.3;bruto;São Miguel do Iguaçu
2554013;SANTA ELIZA;2000;5;168.7;bruto;São Miguel do Iguaçu
2554013;SANTA ELIZA;2000;6;297.1;bruto;São Miguel do Iguaçu
2554013;SANTA ELIZA;2000;7;72.3;bruto;São Miguel do Iguaçu
2554013;SANTA ELIZA;2000;8;112.3;bruto;São Miguel do Iguaçu
2554013;SANTA ELIZA;2000;9;141.5;bruto;São Miguel do Iguaçu
2554013;SANTA ELIZA;2000;10;166.8;bruto;São Miguel do Iguaçu
2554013;SANTA ELIZA;2000;11;114.0;bruto;São Miguel do Iguaçu
2554013;SANTA ELIZA;2000;12;216.0;bruto;São Miguel do Iguaçu
2554013;SANTA ELIZA;2001;1;226.2;bruto;São Miguel do Iguaçu
2554013;SANTA ELIZA;2001;2;230.4;bruto;São Miguel do Iguaçu
2554013;SANTA ELIZA;2001;3;94.1;bruto;São Miguel do Iguaçu
2554013;SANTA ELIZA;2001;4;147.6;bruto;São Miguel do Iguaçu
2554013;SANTA ELIZA;2001;5;88.8;bruto;São Miguel do Iguaçu
2554013;SANTA ELIZA;2001;6;125.6;bruto;São Miguel do Iguaçu
2554013;SANTA ELIZA;2001;7;93.4;bruto;São Miguel do Iguaçu
2554013;SANTA ELIZA;2001;8;44.5;bruto;São Miguel do Iguaçu
2554013;SANTA ELIZA;2001;9;134.5;bruto;São Miguel do Iguaçu
2554013;SANTA ELIZA;2001;10;168.2;bruto;São Miguel do Iguaçu
2554013;SANTA ELIZA;2001;11;244.6;bruto;São Miguel do Iguaçu
2554013;SANTA ELIZA;2001;12;195.0;bruto;São Miguel do Iguaçu
2554013;SANTA ELIZA;2002;1;302.3;bruto;São Miguel do Iguaçu
2554013;SANTA ELIZA;2002;2;74.7;bruto;São Miguel do Iguaçu
2554013;SANTA ELIZA;2002;3;51.6;bruto;São Miguel do Iguaçu
2554013;SANTA ELIZA;2002;4;64.9;bruto;São Miguel do Iguaçu
2554013;SANTA ELIZA;2002;5;431.5;bruto;São Miguel do Iguaçu
2554013;SANTA ELIZA;2002;6;62.7;bruto;São Miguel do Iguaçu
2554013;SANTA ELIZA;2002;7;68.3;bruto;São Miguel do Iguaçu
2554013;SANTA ELIZA;2002;8;82.7;bruto;São Miguel do Iguaçu
2554013;SANTA ELIZA;2002;9;128.3;bruto;São Miguel do Iguaçu
2554013;SANTA ELIZA;2002;10;301.1;bruto;São Miguel do Iguaçu
2554013;SANTA ELIZA;2002;11;418.2;bruto;São Miguel do Iguaçu
2554013;SANTA ELIZA;2002;12;189.5;bruto;São Miguel do Iguaçu
2554013;SANTA ELIZA;2003;1;173.0;bruto;São Miguel do Iguaçu
2554013;SANTA ELIZA;2003;2;117.5;bruto;São Miguel do Iguaçu
2554013;SANTA ELIZA;2003;3;118.7;bruto;São Miguel do Iguaçu
2554013;SANTA ELIZA;2003;4;125.3;bruto;São Miguel do Iguaçu
2554013;SANTA ELIZA;2003;5;73.1;bruto;São Miguel do Iguaçu
2554013;SANTA ELIZA;2003;6;66.7;bruto;São Miguel do Iguaçu
2554013;SANTA ELIZA;2003;7;43.6;bruto;São Miguel do Iguaçu
2554013;SANTA ELIZA;2003;8;40.2;bruto;São Miguel do Iguaçu
2554013;SANTA ELIZA;2003;9;206.4;bruto;São Miguel do Iguaçu
2554013;SANTA ELIZA;2003;10;288.0;bruto;São Miguel do Iguaçu
2554013;SANTA ELIZA;2003;11;117.3;bruto;São Miguel do Iguaçu
2554013;SANTA ELIZA;2003;12;457.8;bruto;São Miguel do Iguaçu
2554013;SANTA ELIZA;2004;1;25.1;bruto;São Miguel do Iguaçu
2554013;SANTA ELIZA;2004;2;87.1;bruto;São Miguel do Iguaçu
2554013;SANTA ELIZA;2004;3;21.8;bruto;São Miguel do Iguaçu
2554013;SANTA ELIZA;2004;4;109.5;bruto;São Miguel do Iguaçu
2554013;SANTA ELIZA;2004;5;317.3;bruto;São Miguel do Iguaçu
2554013;SANTA ELIZA;2004;6;117.4;bruto;São Miguel do Iguaçu
2554013;SANTA ELIZA;2004;7;151.1;bruto;São Miguel do Iguaçu
2554013;SANTA ELIZA;2004;8;11.5;bruto;São Miguel do Iguaçu
2554013;SANTA ELIZA;2004;9;70.5;bruto;São Miguel do Iguaçu
2554013;SANTA ELIZA;2004;10;334.8;bruto;São Miguel do Iguaçu
2554013;SANTA ELIZA;2004;11;206.0;bruto;São Miguel do Iguaçu
2554013;SANTA ELIZA;2004;12;30.9;bruto;São Miguel do Iguaçu
2554013;SANTA ELIZA;2005;1;193.0;bruto;São Miguel do Iguaçu
2554013;SANTA ELIZA;2005;2;6.5;bruto;São Miguel do Iguaçu
2554013;SANTA ELIZA;2005;3;51.1;bruto;São Miguel do Iguaçu
2554013;SANTA ELIZA;2005;4;162.4;bruto;São Miguel do Iguaçu
2554013;SANTA ELIZA;2005;5;375.6;bruto;São Miguel do Iguaçu
2554013;SANTA ELIZA;2005;6;197.8;bruto;São Miguel do Iguaçu
2554013;SANTA ELIZA;2005;7;108.5;bruto;São Miguel do Iguaçu
2554013;SANTA ELIZA;2005;8;85.0;bruto;São Miguel do Iguaçu
2554013;SANTA ELIZA;2005;9;232.0;bruto;São Miguel do Iguaçu
2554013;SANTA ELIZA;2005;10;479.5;bruto;São Miguel do Iguaçu
2554013;SANTA ELIZA;2005;11;29.2;bruto;São Miguel do Iguaçu
2554013;SANTA ELIZA;2005;12;42.4;bruto;São Miguel do Iguaçu
2554013;SANTA ELIZA;2006;1;170.7;bruto;São Miguel do Iguaçu
2554013;SANTA ELIZA;2006;2;38.8;bruto;São Miguel do Iguaçu
2554013;SANTA ELIZA;2006;3;296.0;bruto;São Miguel do Iguaçu
2554013;SANTA ELIZA;2006;4;68.5;bruto;São Miguel do Iguaçu
2554013;SANTA ELIZA;2006;5;22.6;bruto;São Miguel do Iguaçu
2554013;SANTA ELIZA;2006;6;90.8;bruto;São Miguel do Iguaçu
2554013;SANTA ELIZA;2006;7;27.5;bruto;São Miguel do Iguaçu
2554013;SANTA ELIZA;2006;8;114.7;bruto;São Miguel do Iguaçu
2554013;SANTA ELIZA;2006;9;282.2;bruto;São Miguel do Iguaçu
2554013;SANTA ELIZA;2006;10;211.0;bruto;São Miguel do Iguaçu
2554013;SANTA ELIZA;2006;11;187.4;bruto;São Miguel do Iguaçu
2554013;SANTA ELIZA;2006;12;188.6;bruto;São Miguel do Iguaçu
2554013;SANTA ELIZA;2007;1;235.2;bruto;São Miguel do Iguaçu
2554013;SANTA ELIZA;2007;2;139.8;bruto;São Miguel do Iguaçu
2554013;SANTA ELIZA;2007;3;85.1;bruto;São Miguel do Iguaçu
2554013;SANTA ELIZA;2007;4;236.2;bruto;São Miguel do Iguaçu
2554013;SANTA ELIZA;2007;5;211.5;bruto;São Miguel do Iguaçu
2554013;SANTA ELIZA;2007;6;8.1;bruto;São Miguel do Iguaçu
2554013;SANTA ELIZA;2007;7;85.8;bruto;São Miguel do Iguaçu
2554013;SANTA ELIZA;2007;8;19.6;bruto;São Miguel do Iguaçu
2554013;SANTA ELIZA;2007;9;32.0;bruto;São Miguel do Iguaçu
2554013;SANTA ELIZA;2007;10;216.9;bruto;São Miguel do Iguaçu
2554013;SANTA ELIZA;2007;11;211.6;bruto;São Miguel do Iguaçu
2554013;SANTA ELIZA;2007;12;176.1;bruto;São Miguel do Iguaçu
2554013;SANTA ELIZA;2008;1;136.9;bruto;São Miguel do Iguaçu
2554013;SANTA ELIZA;2008;2;131.8;bruto;São Miguel do Iguaçu
2554013;SANTA ELIZA;2008;3;34.8;bruto;São Miguel do Iguaçu
2554013;SANTA ELIZA;2008;4;214.6;bruto;São Miguel do Iguaçu
2554013;SANTA ELIZA;2008;5;37.1;bruto;São Miguel do Iguaçu
2554013;SANTA ELIZA;2008;6;129.6;bruto;São Miguel do Iguaçu
2554013;SANTA ELIZA;2008;7;73.1;bruto;São Miguel do Iguaçu
2554013;SANTA ELIZA;2008;8;84.3;bruto;São Miguel do Iguaçu
2554013;SANTA ELIZA;2008;9;111.7;bruto;São Miguel do Iguaçu
2554013;SANTA ELIZA;2008;10;278.4;bruto;São Miguel do Iguaçu
2554013;SANTA ELIZA;2008;11;126.4;bruto;São Miguel do Iguaçu
2554013;SANTA ELIZA;2008;12;19.8;bruto;São Miguel do Iguaçu
2554013;SANTA ELIZA;2009;1;202.7;bruto;São Miguel do Iguaçu
2554013;SANTA ELIZA;2009;2;189.7;bruto;São Miguel do Iguaçu
2554013;SANTA ELIZA;2009;3;49.5;consistido;São Miguel do Iguaçu
2554013;SANTA ELIZA;2009;4;149.9;bruto;São Miguel do Iguaçu
2554013;SANTA ELIZA;2009;5;338.8;bruto;São Miguel do Iguaçu
2554013;SANTA ELIZA;2009;6;94.5;bruto;São Miguel do Iguaçu
2554013;SANTA ELIZA;2009;7;118.9;bruto;São Miguel do Iguaçu
2554013;SANTA ELIZA;2009;8;176.0;bruto;São Miguel do Iguaçu
2554013;SANTA ELIZA;2009;9;272.7;bruto;São Miguel do Iguaçu
2554013;SANTA ELIZA;2009;10;298.9;bruto;São Miguel do Iguaçu
2554013;SANTA ELIZA;2009;11;235.2;bruto;São Miguel do Iguaçu
2554013;SANTA ELIZA;2009;12;158.5;bruto;São Miguel do Iguaçu
2554013;SANTA ELIZA;2010;1;227.9;bruto;São Miguel do Iguaçu
2554013;SANTA ELIZA;2010;2;187.0;bruto;São Miguel do Iguaçu
2554013;SANTA ELIZA;2010;3;224.3;bruto;São Miguel do Iguaçu
2554013;SANTA ELIZA;2010;4;105.5;bruto;São Miguel do Iguaçu
2554013;SANTA ELIZA;2010;5;121.2;bruto;São Miguel do Iguaçu
2554013;SANTA ELIZA;2010;6;32.9;bruto;São Miguel do Iguaçu
2554013;SANTA ELIZA;2010;7;144.6;bruto;São Miguel do Iguaçu
2554013;SANTA ELIZA;2010;8;32.0;bruto;São Miguel do Iguaçu
2554013;SANTA ELIZA;2010;9;90.1;bruto;São Miguel do Iguaçu
2554013;SANTA ELIZA;2010;10;233.3;bruto;São Miguel do Iguaçu
2554013;SANTA ELIZA;2010;11;33.5;bruto;São Miguel do Iguaçu
2554013;SANTA ELIZA;2010;12;310.9;bruto;São Miguel do Iguaçu
2554013;SANTA ELIZA;2011;1;121.8;bruto;São Miguel do Iguaçu
2554013;SANTA ELIZA;2011;2;269.1;bruto;São Miguel do Iguaçu
2554013;SANTA ELIZA;2011;3;115.2;bruto;São Miguel do Iguaçu
2554013;SANTA ELIZA;2011;4;174.7;bruto;São Miguel do Iguaçu
2554013;SANTA ELIZA;2011;5;7.6;bruto;São Miguel do Iguaçu
2554013;SANTA ELIZA;2011;6;78.2;bruto;São Miguel do Iguaçu
2554013;SANTA ELIZA;2011;7;220.3;bruto;São Miguel do Iguaçu
2554013;SANTA ELIZA;2011;8;215.9;bruto;São Miguel do Iguaçu
2554013;SANTA ELIZA;2011;9;143.4;bruto;São Miguel do Iguaçu
2554013;SANTA ELIZA;2011;10;318.2;bruto;São Miguel do Iguaçu
2554013;SANTA ELIZA;2011;11;133.8;bruto;São Miguel do Iguaçu
2554013;SANTA ELIZA;2011;12;36.9;bruto;São Miguel do Iguaçu
2554013;SANTA ELIZA;2012;1;106.7;bruto;São Miguel do Iguaçu
2554013;SANTA ELIZA;2012;2;47.0;bruto;São Miguel do Iguaçu
2554013;SANTA ELIZA;2012;3;24.9;bruto;São Miguel do Iguaçu
2554013;SANTA ELIZA;2012;4;225.1;bruto;São Miguel do Iguaçu
2554013;SANTA ELIZA;2012;5;94.1;bruto;São Miguel do Iguaçu
2554013;SANTA ELIZA;2012;6;137.4;bruto;São Miguel do Iguaçu
2554013;SANTA ELIZA;2012;7;117.0;bruto;São Miguel do Iguaçu
2554013;SANTA ELIZA;2012;8;0.0;bruto;São Miguel do Iguaçu
2554013;SANTA ELIZA;2012;9;51.7;bruto;São Miguel do Iguaçu
2554013;SANTA ELIZA;2012;10;240.8;bruto;São Miguel do Iguaçu
2554013;SANTA ELIZA;2012;11;103.6;bruto;São Miguel do Iguaçu
2554013;SANTA ELIZA;2012;12;217.4;bruto;São Miguel do Iguaçu
2554013;SANTA ELIZA;2013;1;203.8;bruto;São Miguel do Iguaçu
2554013;SANTA ELIZA;2013;2;210.0;bruto;São Miguel do Iguaçu
2554013;SANTA ELIZA;2013;3;133.1;bruto;São Miguel do Iguaçu
2554013;SANTA ELIZA;2013;4;65.4;bruto;São Miguel do Iguaçu
2554013;SANTA ELIZA;2013;5;266.0;bruto;São Miguel do Iguaçu
2554013;SANTA ELIZA;2013;6;279.5;bruto;São Miguel do Iguaçu
2554013;SANTA ELIZA;2013;7;44.7;bruto;São Miguel do Iguaçu
2554013;SANTA ELIZA;2013;8;107.7;bruto;São Miguel do Iguaçu
2554013;SANTA ELIZA;2013;9;225.3;bruto;São Miguel do Iguaçu
2554013;SANTA ELIZA;2013;10;171.8;bruto;São Miguel do Iguaçu
2554013;SANTA ELIZA;2013;11;178.5;bruto;São Miguel do Iguaçu
2554013;SANTA ELIZA;2013;12;171.9;bruto;São Miguel do Iguaçu
2554013;SANTA ELIZA;2014;1;189.1;bruto;São Miguel do Iguaçu
2554013;SANTA ELIZA;2014;2;167.5;bruto;São Miguel do Iguaçu
2554013;SANTA ELIZA;2014;3;376.4;bruto;São Miguel do Iguaçu
2554013;SANTA ELIZA;2014;4;253.8;bruto;São Miguel do Iguaçu
2554013;SANTA ELIZA;2014;5;334.9;bruto;São Miguel do Iguaçu
2554013;SANTA ELIZA;2014;6;530.6;bruto;São Miguel do Iguaçu
2554013;SANTA ELIZA;2014;7;189.8;bruto;São Miguel do Iguaçu
2554013;SANTA ELIZA;2014;8;15.2;bruto;São Miguel do Iguaçu
2554013;SANTA ELIZA;2014;9;320.7;bruto;São Miguel do Iguaçu
2554013;SANTA ELIZA;2014;10;68.5;bruto;São Miguel do Iguaçu
2554013;SANTA ELIZA;2014;11;144.2;bruto;São Miguel do Iguaçu
2554013;SANTA ELIZA;2014;12;214.5;bruto;São Miguel do Iguaçu
2554013;SANTA ELIZA;2015;1;200.3;bruto;São Miguel do Iguaçu
2554013;SANTA ELIZA;2015;2;206.5;bruto;São Miguel do Iguaçu
2554013;SANTA ELIZA;2015;3;128.7;bruto;São Miguel do Iguaçu
2554013;SANTA ELIZA;2015;4;136.7;bruto;São Miguel do Iguaçu
2554013;SANTA ELIZA;2015;5;208.4;bruto;São Miguel do Iguaçu
2554013;SANTA ELIZA;2015;6;164.1;bruto;São Miguel do Iguaçu
2554013;SANTA ELIZA;2015;7;311.6;bruto;São Miguel do Iguaçu
2554013;SANTA ELIZA;2015;8;41.7;bruto;São Miguel do Iguaçu
2554013;SANTA ELIZA;2015;9;90.9;bruto;São Miguel do Iguaçu
2554013;SANTA ELIZA;2015;10;141.7;bruto;São Miguel do Iguaçu
2554013;SANTA ELIZA;2015;11;342.7;bruto;São Miguel do Iguaçu
2554013;SANTA ELIZA;2015;12;535.1;bruto;São Miguel do Iguaçu
2554013;SANTA ELIZA;2016;1;330.8;bruto;São Miguel do Iguaçu
2554013;SANTA ELIZA;2016;2;268.9;bruto;São Miguel do Iguaçu
2554013;SANTA ELIZA;2016;3;146.1;bruto;São Miguel do Iguaçu
2554013;SANTA ELIZA;2016;4;112.7;bruto;São Miguel do Iguaçu
2554013;SANTA ELIZA;2016;5;200.2;bruto;São Miguel do Iguaçu
2554013;SANTA ELIZA;2016;6;98.0;bruto;São Miguel do Iguaçu
2554013;SANTA ELIZA;2016;7;42.1;bruto;São Miguel do Iguaçu
2554013;SANTA ELIZA;2016;8;221.4;bruto;São Miguel do Iguaçu
2554013;SANTA ELIZA;2016;9;83.1;bruto;São Miguel do Iguaçu
2554013;SANTA ELIZA;2016;10;249.0;bruto;São Miguel do Iguaçu
2554013;SANTA ELIZA;2016;11;148.6;bruto;São Miguel do Iguaçu
2554013;SANTA ELIZA;2016;12;195.4;bruto;São Miguel do Iguaçu
2554013;SANTA ELIZA;2017;1;43.3;bruto;São Miguel do Iguaçu
2554013;SANTA ELIZA;2017;2;212.8;bruto;São Miguel do Iguaçu
2554013;SANTA ELIZA;2017;3;135.5;bruto;São Miguel do Iguaçu
2554013;SANTA ELIZA;2017;4;207.0;bruto;São Miguel do Iguaçu
2554013;SANTA ELIZA;2017;5;310.4;bruto;São Miguel do Iguaçu
2554013;SANTA ELIZA;2017;6;113.8;bruto;São Miguel do Iguaçu
2554013;SANTA ELIZA;2017;7;7.5;bruto;São Miguel do Iguaçu
2554013;SANTA ELIZA;2017;8;150.6;bruto;São Miguel do Iguaçu
2554013;SANTA ELIZA;2017;9;11.7;bruto;São Miguel do Iguaçu
2554013;SANTA ELIZA;2017;10;351.7;bruto;São Miguel do Iguaçu
2554013;SANTA ELIZA;2017;11;395.8;bruto;São Miguel do Iguaçu
2554013;SANTA ELIZA;2017;12;309.8;bruto;São Miguel do Iguaçu
2554013;SANTA ELIZA;2018;1;469.5;bruto;São Miguel do Iguaçu
2554013;SANTA ELIZA;2018;2;289.5;bruto;São Miguel do Iguaçu
2554013;SANTA ELIZA;2018;3;210.4;bruto;São Miguel do Iguaçu
2554013;SANTA ELIZA;2018;4;28.3;bruto;São Miguel do Iguaçu
2554013;SANTA ELIZA;2018;5;62.4;bruto;São Miguel do Iguaçu
2554013;SANTA ELIZA;2018;6;82.7;bruto;São Miguel do Iguaçu
2554013;SANTA ELIZA;2018;7;19.2;bruto;São Miguel do Iguaçu
2554013;SANTA ELIZA;2018;8;67.0;bruto;São Miguel do Iguaçu
2554013;SANTA ELIZA;2018;9;237.8;bruto;São Miguel do Iguaçu
2554013;SANTA ELIZA;2018;10;401.3;consistido;São Miguel do Iguaçu
2554013;SANTA ELIZA;2018;11;158.4;bruto;São Miguel do Iguaçu
2554013;SANTA ELIZA;2018;12;102.0;bruto;São Miguel do Iguaçu
2554013;SANTA ELIZA;2019;1;150.2;bruto;São Miguel do Iguaçu
2554013;SANTA ELIZA;2019;2;77.3;bruto;São Miguel do Iguaçu
2554013;SANTA ELIZA;2019;3;220.2;bruto;São Miguel do Iguaçu
2554013;SANTA ELIZA;2019;4;194.2;bruto;São Miguel do Iguaçu
2554013;SANTA ELIZA;2019;5;188.4;bruto;São Miguel do Iguaçu
2554013;SANTA ELIZA;2019;6;106.5;bruto;São Miguel do Iguaçu
2554013;SANTA ELIZA;2019;7;61.5;bruto;São Miguel do Iguaçu
2554013;SANTA ELIZA;2019;8;0.0;bruto;São Miguel do Iguaçu
2554013;SANTA ELIZA;2019;9;14.2;bruto;São Miguel do Iguaçu
2554013;SANTA ELIZA;2019;10;72.9;bruto;São Miguel do Iguaçu
2554013;SANTA ELIZA;2019;11;196.6;bruto;São Miguel do Iguaçu
2554013;SANTA ELIZA;2019;12;226.1;bruto;São Miguel do Iguaçu
2554013;SANTA ELIZA;2020;1;191.0;bruto;São Miguel do Iguaçu
2554013;SANTA ELIZA;2020;2;144.2;bruto;São Miguel do Iguaçu
2554013;SANTA ELIZA;2020;3;71.3;bruto;São Miguel do Iguaçu
2554013;SANTA ELIZA;2020;4;52.2;bruto;São Miguel do Iguaçu
2554013;SANTA ELIZA;2020;5;165.0;bruto;São Miguel do Iguaçu
2554013;SANTA ELIZA;2020;6;160.4;bruto;São Miguel do Iguaçu
2554013;SANTA ELIZA;2020;7;52.3;bruto;São Miguel do Iguaçu
2554013;SANTA ELIZA;2020;8;103.7;bruto;São Miguel do Iguaçu
2554013;SANTA ELIZA;2020;9;24.1;bruto;São Miguel do Iguaçu
2554013;SANTA ELIZA;2020;10;52.6;bruto;São Miguel do Iguaçu
2554013;SANTA ELIZA;2020;11;48.5;bruto;São Miguel do Iguaçu
2554013;SANTA ELIZA;2020;12;156.1;bruto;São Miguel do Iguaçu
2554013;SANTA ELIZA;2021;1;518.4;bruto;São Miguel do Iguaçu
2554013;SANTA ELIZA;2021;2;69.6;bruto;São Miguel do Iguaçu
2554013;SANTA ELIZA;2021;3;97.6;bruto;São Miguel do Iguaçu
2554013;SANTA ELIZA;2021;4;31.4;bruto;São Miguel do Iguaçu
2554013;SANTA ELIZA;2021;5;21.2;bruto;São Miguel do Iguaçu
2554013;SANTA ELIZA;2021;6;100.4;bruto;São Miguel do Iguaçu
2554013;SANTA ELIZA;2021;7;49.2;bruto;São Miguel do Iguaçu
2554013;SANTA ELIZA;2021;8;37.0;bruto;São Miguel do Iguaçu
2554013;SANTA ELIZA;2021;9;75.3;bruto;São Miguel do Iguaçu
2554013;SANTA ELIZA;2021;10;341.1;bruto;São Miguel do Iguaçu
2554013;SANTA ELIZA;2021;11;94.4;bruto;São Miguel do Iguaçu
2554013;SANTA ELIZA;2021;12;15.4;bruto;São Miguel do Iguaçu
2554013;SANTA ELIZA;2022;1;104.3;bruto;São Miguel do Iguaçu
2554013;SANTA ELIZA;2022;2;97.5;bruto;São Miguel do Iguaçu
2554013;SANTA ELIZA;2022;3;323.9;bruto;São Miguel do Iguaçu
2554013;SANTA ELIZA;2022;4;262.9;bruto;São Miguel do Iguaçu
2554013;SANTA ELIZA;2022;5;165.5;bruto;São Miguel do Iguaçu
2554013;SANTA ELIZA;2022;6;74.0;bruto;São Miguel do Iguaçu
2554013;SANTA ELIZA;2022;7;55.4;bruto;São Miguel do Iguaçu
2554013;SANTA ELIZA;2022;8;237.6;bruto;São Miguel do Iguaçu
2554013;SANTA ELIZA;2022;9;165.1;bruto;São Miguel do Iguaçu
2554013;SANTA ELIZA;2022;10;201.9;bruto;São Miguel do Iguaçu
2554013;SANTA ELIZA;2022;11;79.6;bruto;São Miguel do Iguaçu
2554013;SANTA ELIZA;2022;12;68.2;bruto;São Miguel do Iguaçu
2554013;SANTA ELIZA;2023;1;160.3;bruto;São Miguel do Iguaçu
2554013;SANTA ELIZA;2023;2;207.0;bruto;São Miguel do Iguaçu
2554013;SANTA ELIZA;2023;3;82.7;bruto;São Miguel do Iguaçu
2554013;SANTA ELIZA;2023;4;258.4;bruto;São Miguel do Iguaçu
2554013;SANTA ELIZA;2023;5;189.6;bruto;São Miguel do Iguaçu
2554013;SANTA ELIZA;2023;6;81.3;bruto;São Miguel do Iguaçu
2554013;SANTA ELIZA;2023;7;122.3;bruto;São Miguel do Iguaçu
2554013;SANTA ELIZA;2023;8;68.3;bruto;São Miguel do Iguaçu
2554013;SANTA ELIZA;2023;9;189.0;bruto;São Miguel do Iguaçu
2554013;SANTA ELIZA;2023;10;295.0;bruto;São Miguel do Iguaçu
2554013;SANTA ELIZA;2023;11;279.1;bruto;São Miguel do Iguaçu
2554013;SANTA ELIZA;2023;12;185.3;bruto;São Miguel do Iguaçu
2554013;SANTA ELIZA;2024;1;190.3;bruto;São Miguel do Iguaçu
2554013;SANTA ELIZA;2024;2;115.8;bruto;São Miguel do Iguaçu
2554013;SANTA ELIZA;2024;3;166.0;bruto;São Miguel do Iguaçu
2554013;SANTA ELIZA;2024;4;260.8;bruto;São Miguel do Iguaçu
2554013;SANTA ELIZA;2024;5;227.1;bruto;São Miguel do Iguaçu
2554013;SANTA ELIZA;2024;6;79.0;bruto;São Miguel do Iguaçu
2554013;SANTA ELIZA;2024;7;157.9;bruto;São Miguel do Iguaçu
2554013;SANTA ELIZA;2024;8;108.6;bruto;São Miguel do Iguaçu
2554013;SANTA ELIZA;2024;9;75.7;bruto;São Miguel do Iguaçu
2554013;SANTA ELIZA;2024;10;97.9;bruto;São Miguel do Iguaçu
2554013;SANTA ELIZA;2024;11;127.7;bruto;São Miguel do Iguaçu
2554013;SANTA ELIZA;2024;12;124.0;bruto;São Miguel do Iguaçu
2554013;SANTA ELIZA;2025;1;93.6;bruto;São Miguel do Iguaçu
2554013;SANTA ELIZA;2025;2;184.3;bruto;São Miguel do Iguaçu
2554013;SANTA ELIZA;2025;3;91.5;bruto;São Miguel do Iguaçu
2554013;SANTA ELIZA;2025;4;48.4;bruto;São Miguel do Iguaçu
2554013;SANTA ELIZA;2025;5;140.7;bruto;São Miguel do Iguaçu
2554013;SANTA ELIZA;2025;6;331.8;bruto;São Miguel do Iguaçu
2554013;SANTA ELIZA;2025;7;71.3;bruto;São Miguel do Iguaçu
2554013;SANTA ELIZA;2025;8;70.5;bruto;São Miguel do Iguaçu
2554013;SANTA ELIZA;2025;9;48.3;bruto;São Miguel do Iguaçu
2554013;SANTA ELIZA;2025;10;152.8;bruto;São Miguel do Iguaçu
2554013;SANTA ELIZA;2025;11;166.8;bruto;São Miguel do Iguaçu
2554013;SANTA ELIZA;2025;12;90.3;bruto;São Miguel do Iguaçu
2554014;SÃO BRAZ;1986;1;125.7;bruto;São Miguel do Iguaçu
2554014;SÃO BRAZ;1986;2;200.9;bruto;São Miguel do Iguaçu
2554014;SÃO BRAZ;1986;3;174.8;bruto;São Miguel do Iguaçu
2554014;SÃO BRAZ;1986;4;128.6;bruto;São Miguel do Iguaçu
2554014;SÃO BRAZ;1986;5;330.6;bruto;São Miguel do Iguaçu
2554014;SÃO BRAZ;1986;6;56.2;bruto;São Miguel do Iguaçu
2554014;SÃO BRAZ;1986;7;76.2;bruto;São Miguel do Iguaçu
2554014;SÃO BRAZ;1986;8;126.8;bruto;São Miguel do Iguaçu
2554014;SÃO BRAZ;1986;9;216.2;bruto;São Miguel do Iguaçu
2554014;SÃO BRAZ;1986;10;162.8;bruto;São Miguel do Iguaçu
2554014;SÃO BRAZ;1986;11;153.4;bruto;São Miguel do Iguaçu
2554014;SÃO BRAZ;1986;12;145.4;bruto;São Miguel do Iguaçu
2554014;SÃO BRAZ;1987;1;73.6;bruto;São Miguel do Iguaçu
2554014;SÃO BRAZ;1987;2;262.2;bruto;São Miguel do Iguaçu
2554014;SÃO BRAZ;1987;3;42.0;bruto;São Miguel do Iguaçu
2554014;SÃO BRAZ;1987;4;156.8;bruto;São Miguel do Iguaçu
2554014;SÃO BRAZ;1987;5;253.8;bruto;São Miguel do Iguaçu
2554014;SÃO BRAZ;1987;6;76.0;bruto;São Miguel do Iguaçu
2554014;SÃO BRAZ;1987;7;92.2;bruto;São Miguel do Iguaçu
2554014;SÃO BRAZ;1987;8;36.6;bruto;São Miguel do Iguaçu
2554014;SÃO BRAZ;1987;9;5.8;bruto;São Miguel do Iguaçu
2554014;SÃO BRAZ;1987;10;229.8;bruto;São Miguel do Iguaçu
2554014;SÃO BRAZ;1987;11;251.4;bruto;São Miguel do Iguaçu
2554014;SÃO BRAZ;1987;12;187.0;bruto;São Miguel do Iguaçu
2554014;SÃO BRAZ;1988;1;64.0;bruto;São Miguel do Iguaçu
2554014;SÃO BRAZ;1988;2;103.2;bruto;São Miguel do Iguaçu
2554014;SÃO BRAZ;1988;3;29.8;bruto;São Miguel do Iguaçu
2554014;SÃO BRAZ;1988;4;248.0;bruto;São Miguel do Iguaçu
2554014;SÃO BRAZ;1988;5;176.4;bruto;São Miguel do Iguaçu
2554014;SÃO BRAZ;1988;6;189.8;bruto;São Miguel do Iguaçu
2554014;SÃO BRAZ;1988;7;3.2;bruto;São Miguel do Iguaçu
2554014;SÃO BRAZ;1988;8;10.4;bruto;São Miguel do Iguaçu
2554014;SÃO BRAZ;1988;9;36.0;bruto;São Miguel do Iguaçu
2554014;SÃO BRAZ;1988;10;144.0;bruto;São Miguel do Iguaçu
2554014;SÃO BRAZ;1988;11;44.2;bruto;São Miguel do Iguaçu
2554014;SÃO BRAZ;1988;12;127.5;bruto;São Miguel do Iguaçu
2554014;SÃO BRAZ;1989;1;240.4;bruto;São Miguel do Iguaçu
2554014;SÃO BRAZ;1989;2;86.2;bruto;São Miguel do Iguaçu
2554014;SÃO BRAZ;1989;3;65.4;bruto;São Miguel do Iguaçu
2554014;SÃO BRAZ;1989;4;50.7;bruto;São Miguel do Iguaçu
2554014;SÃO BRAZ;1989;5;36.7;bruto;São Miguel do Iguaçu
2554014;SÃO BRAZ;1989;6;98.8;bruto;São Miguel do Iguaçu
2554014;SÃO BRAZ;1989;7;56.2;bruto;São Miguel do Iguaçu
2554014;SÃO BRAZ;1989;8;174.2;bruto;São Miguel do Iguaçu
2554014;SÃO BRAZ;1989;9;131.6;bruto;São Miguel do Iguaçu
2554014;SÃO BRAZ;1989;10;39.6;bruto;São Miguel do Iguaçu
2554014;SÃO BRAZ;1989;11;78.3;bruto;São Miguel do Iguaçu
2554014;SÃO BRAZ;1989;12;66.6;bruto;São Miguel do Iguaçu
2554014;SÃO BRAZ;1990;1;172.9;bruto;São Miguel do Iguaçu
2554014;SÃO BRAZ;1990;2;70.3;bruto;São Miguel do Iguaçu
2554014;SÃO BRAZ;1990;3;68.4;bruto;São Miguel do Iguaçu
2554014;SÃO BRAZ;1990;4;93.3;bruto;São Miguel do Iguaçu
2554014;SÃO BRAZ;1990;5;59.4;bruto;São Miguel do Iguaçu
2554014;SÃO BRAZ;1990;6;163.2;bruto;São Miguel do Iguaçu
2554014;SÃO BRAZ;1990;7;117.6;bruto;São Miguel do Iguaçu
2554014;SÃO BRAZ;1990;8;207.3;bruto;São Miguel do Iguaçu
2554014;SÃO BRAZ;1990;9;292.2;bruto;São Miguel do Iguaçu
2554014;SÃO BRAZ;1990;10;138.5;bruto;São Miguel do Iguaçu
2554014;SÃO BRAZ;1990;11;187.0;bruto;São Miguel do Iguaçu
2554014;SÃO BRAZ;1990;12;132.0;bruto;São Miguel do Iguaçu
2554014;SÃO BRAZ;1991;1;248.8;bruto;São Miguel do Iguaçu
2554014;SÃO BRAZ;1991;2;57.4;bruto;São Miguel do Iguaçu
2554014;SÃO BRAZ;1991;3;46.9;bruto;São Miguel do Iguaçu
2554014;SÃO BRAZ;1991;4;124.0;bruto;São Miguel do Iguaçu
2554014;SÃO BRAZ;1991;5;66.2;bruto;São Miguel do Iguaçu
2554014;SÃO BRAZ;1991;6;203.9;bruto;São Miguel do Iguaçu
2554014;SÃO BRAZ;1991;7;28.0;bruto;São Miguel do Iguaçu
2554014;SÃO BRAZ;1991;8;32.0;bruto;São Miguel do Iguaçu
2554014;SÃO BRAZ;1991;9;85.7;bruto;São Miguel do Iguaçu
2554014;SÃO BRAZ;1991;10;88.4;bruto;São Miguel do Iguaçu
2554014;SÃO BRAZ;1991;11;220.0;bruto;São Miguel do Iguaçu
2554014;SÃO BRAZ;1991;12;312.0;bruto;São Miguel do Iguaçu
2554014;SÃO BRAZ;1992;1;129.0;bruto;São Miguel do Iguaçu
2554014;SÃO BRAZ;1992;2;185.4;bruto;São Miguel do Iguaçu
2554014;SÃO BRAZ;1992;3;260.7;bruto;São Miguel do Iguaçu
2554014;SÃO BRAZ;1992;4;142.6;bruto;São Miguel do Iguaçu
2554014;SÃO BRAZ;1992;5;502.3;bruto;São Miguel do Iguaçu
2554014;SÃO BRAZ;1992;6;143.3;bruto;São Miguel do Iguaçu
2554014;SÃO BRAZ;1992;7;135.5;bruto;São Miguel do Iguaçu
2554014;SÃO BRAZ;1992;8;166.0;bruto;São Miguel do Iguaçu
2554014;SÃO BRAZ;1992;9;83.4;bruto;São Miguel do Iguaçu
2554014;SÃO BRAZ;1992;10;189.7;bruto;São Miguel do Iguaçu
2554014;SÃO BRAZ;1992;11;182.2;bruto;São Miguel do Iguaçu
2554014;SÃO BRAZ;1992;12;42.2;bruto;São Miguel do Iguaçu
2554014;SÃO BRAZ;1993;1;118.5;bruto;São Miguel do Iguaçu
2554014;SÃO BRAZ;1993;2;128.3;bruto;São Miguel do Iguaçu
2554014;SÃO BRAZ;1993;3;147.4;bruto;São Miguel do Iguaçu
2554014;SÃO BRAZ;1993;4;25.9;bruto;São Miguel do Iguaçu
2554014;SÃO BRAZ;1993;5;314.7;bruto;São Miguel do Iguaçu
2554014;SÃO BRAZ;1993;6;217.2;bruto;São Miguel do Iguaçu
2554014;SÃO BRAZ;1993;7;174.0;bruto;São Miguel do Iguaçu
2554014;SÃO BRAZ;1993;8;14.6;bruto;São Miguel do Iguaçu
2554014;SÃO BRAZ;1993;9;38.1;bruto;São Miguel do Iguaçu
2554014;SÃO BRAZ;1993;10;204.3;bruto;São Miguel do Iguaçu
2554014;SÃO BRAZ;1993;11;183.9;bruto;São Miguel do Iguaçu
2554014;SÃO BRAZ;1993;12;93.5;bruto;São Miguel do Iguaçu
2554014;SÃO BRAZ;1994;1;61.8;bruto;São Miguel do Iguaçu
2554014;SÃO BRAZ;1994;2;204.0;bruto;São Miguel do Iguaçu
2554014;SÃO BRAZ;1994;3;90.4;bruto;São Miguel do Iguaçu
2554014;SÃO BRAZ;1994;4;154.2;bruto;São Miguel do Iguaçu
2554014;SÃO BRAZ;1994;5;201.2;bruto;São Miguel do Iguaçu
2554014;SÃO BRAZ;1994;6;269.1;bruto;São Miguel do Iguaçu
2554014;SÃO BRAZ;1994;7;69.0;bruto;São Miguel do Iguaçu
2554014;SÃO BRAZ;1994;8;5.2;bruto;São Miguel do Iguaçu
2554014;SÃO BRAZ;1994;9;86.9;bruto;São Miguel do Iguaçu
2554014;SÃO BRAZ;1994;10;226.2;bruto;São Miguel do Iguaçu
2554014;SÃO BRAZ;1994;11;192.0;bruto;São Miguel do Iguaçu
2554014;SÃO BRAZ;1994;12;224.9;bruto;São Miguel do Iguaçu
2554014;SÃO BRAZ;1995;1;237.4;bruto;São Miguel do Iguaçu
2554014;SÃO BRAZ;1995;2;121.1;bruto;São Miguel do Iguaçu
2554014;SÃO BRAZ;1995;3;200.9;bruto;São Miguel do Iguaçu
2554014;SÃO BRAZ;1995;4;139.1;bruto;São Miguel do Iguaçu
2554014;SÃO BRAZ;1995;5;27.6;bruto;São Miguel do Iguaçu
2554014;SÃO BRAZ;1995;6;109.1;bruto;São Miguel do Iguaçu
2554014;SÃO BRAZ;1995;7;86.2;bruto;São Miguel do Iguaçu
2554014;SÃO BRAZ;1995;8;5.1;bruto;São Miguel do Iguaçu
2554014;SÃO BRAZ;1995;9;177.8;bruto;São Miguel do Iguaçu
2554014;SÃO BRAZ;1995;10;178.2;bruto;São Miguel do Iguaçu
2554014;SÃO BRAZ;1995;11;35.4;bruto;São Miguel do Iguaçu
2554014;SÃO BRAZ;1995;12;71.6;bruto;São Miguel do Iguaçu
2554014;SÃO BRAZ;1996;1;242.7;bruto;São Miguel do Iguaçu
2554014;SÃO BRAZ;1996;2;175.6;bruto;São Miguel do Iguaçu
2554014;SÃO BRAZ;1996;3;133.9;bruto;São Miguel do Iguaçu
2554014;SÃO BRAZ;1996;4;94.0;bruto;São Miguel do Iguaçu
2554014;SÃO BRAZ;1996;5;54.7;bruto;São Miguel do Iguaçu
2554014;SÃO BRAZ;1996;6;52.7;bruto;São Miguel do Iguaçu
2554014;SÃO BRAZ;1996;7;54.9;bruto;São Miguel do Iguaçu
2554014;SÃO BRAZ;1996;8;31.5;bruto;São Miguel do Iguaçu
2554014;SÃO BRAZ;1996;9;161.6;bruto;São Miguel do Iguaçu
2554014;SÃO BRAZ;1996;10;573.2;bruto;São Miguel do Iguaçu
2554014;SÃO BRAZ;1996;11;64.4;bruto;São Miguel do Iguaçu
2554014;SÃO BRAZ;1996;12;385.3;bruto;São Miguel do Iguaçu
2554014;SÃO BRAZ;1997;1;71.7;bruto;São Miguel do Iguaçu
2554014;SÃO BRAZ;1997;2;164.4;bruto;São Miguel do Iguaçu
2554014;SÃO BRAZ;1997;3;131.7;bruto;São Miguel do Iguaçu
2554014;SÃO BRAZ;1997;4;10.4;bruto;São Miguel do Iguaçu
2554014;SÃO BRAZ;1997;5;301.9;bruto;São Miguel do Iguaçu
2554014;SÃO BRAZ;1997;6;205.4;bruto;São Miguel do Iguaçu
2554014;SÃO BRAZ;1997;7;91.7;bruto;São Miguel do Iguaçu
2554014;SÃO BRAZ;1997;8;330.2;bruto;São Miguel do Iguaçu
2554014;SÃO BRAZ;1997;9;227.3;bruto;São Miguel do Iguaçu
2554014;SÃO BRAZ;1997;10;248.0;bruto;São Miguel do Iguaçu
2554014;SÃO BRAZ;1997;11;260.8;bruto;São Miguel do Iguaçu
2554014;SÃO BRAZ;1997;12;83.9;bruto;São Miguel do Iguaçu
2554014;SÃO BRAZ;1998;1;182.5;bruto;São Miguel do Iguaçu
2554014;SÃO BRAZ;1998;2;269.0;bruto;São Miguel do Iguaçu
2554014;SÃO BRAZ;1998;3;290.3;bruto;São Miguel do Iguaçu
2554014;SÃO BRAZ;1998;4;373.2;bruto;São Miguel do Iguaçu
2554014;SÃO BRAZ;1998;5;153.8;bruto;São Miguel do Iguaçu
2554014;SÃO BRAZ;1998;6;113.0;bruto;São Miguel do Iguaçu
2554014;SÃO BRAZ;1998;7;50.5;bruto;São Miguel do Iguaçu
2554014;SÃO BRAZ;1998;8;359.8;bruto;São Miguel do Iguaçu
2554014;SÃO BRAZ;1998;9;270.6;bruto;São Miguel do Iguaçu
2554014;SÃO BRAZ;1998;10;353.5;bruto;São Miguel do Iguaçu
2554014;SÃO BRAZ;1998;11;14.4;bruto;São Miguel do Iguaçu
2554014;SÃO BRAZ;1998;12;155.7;bruto;São Miguel do Iguaçu
2554014;SÃO BRAZ;1999;1;213.9;bruto;São Miguel do Iguaçu
2554014;SÃO BRAZ;1999;2;207.4;bruto;São Miguel do Iguaçu
2554014;SÃO BRAZ;1999;3;74.4;bruto;São Miguel do Iguaçu
2554014;SÃO BRAZ;1999;4;236.0;bruto;São Miguel do Iguaçu
2554014;SÃO BRAZ;1999;5;91.9;bruto;São Miguel do Iguaçu
2554014;SÃO BRAZ;1999;6;230.4;bruto;São Miguel do Iguaçu
2554014;SÃO BRAZ;1999;7;185.5;bruto;São Miguel do Iguaçu
2554014;SÃO BRAZ;1999;8;0.0;bruto;São Miguel do Iguaçu
2554014;SÃO BRAZ;1999;9;63.8;bruto;São Miguel do Iguaçu
2554014;SÃO BRAZ;1999;10;41.5;bruto;São Miguel do Iguaçu
2554014;SÃO BRAZ;1999;11;49.4;bruto;São Miguel do Iguaçu
2554014;SÃO BRAZ;1999;12;185.8;bruto;São Miguel do Iguaçu
2554014;SÃO BRAZ;2000;1;164.7;bruto;São Miguel do Iguaçu
2554014;SÃO BRAZ;2000;2;231.9;bruto;São Miguel do Iguaçu
2554014;SÃO BRAZ;2000;3;94.1;bruto;São Miguel do Iguaçu
2554014;SÃO BRAZ;2000;4;135.2;bruto;São Miguel do Iguaçu
2554014;SÃO BRAZ;2000;5;188.7;bruto;São Miguel do Iguaçu
2554014;SÃO BRAZ;2000;6;234.5;bruto;São Miguel do Iguaçu
2554014;SÃO BRAZ;2000;7;144.6;bruto;São Miguel do Iguaçu
2554014;SÃO BRAZ;2000;8;130.5;bruto;São Miguel do Iguaçu
2554014;SÃO BRAZ;2000;9;129.4;bruto;São Miguel do Iguaçu
2554014;SÃO BRAZ;2000;10;244.3;bruto;São Miguel do Iguaçu
2554014;SÃO BRAZ;2000;11;133.3;bruto;São Miguel do Iguaçu
2554014;SÃO BRAZ;2000;12;177.6;bruto;São Miguel do Iguaçu
2554014;SÃO BRAZ;2001;1;186.7;bruto;São Miguel do Iguaçu
2554014;SÃO BRAZ;2001;2;319.7;bruto;São Miguel do Iguaçu
2554014;SÃO BRAZ;2001;3;150.4;bruto;São Miguel do Iguaçu
2554014;SÃO BRAZ;2001;4;149.3;bruto;São Miguel do Iguaçu
2554014;SÃO BRAZ;2001;5;92.4;bruto;São Miguel do Iguaçu
2554014;SÃO BRAZ;2001;6;167.6;bruto;São Miguel do Iguaçu
2554014;SÃO BRAZ;2001;7;74.7;bruto;São Miguel do Iguaçu
2554014;SÃO BRAZ;2001;8;49.7;bruto;São Miguel do Iguaçu
2554014;SÃO BRAZ;2001;9;101.2;bruto;São Miguel do Iguaçu
2554014;SÃO BRAZ;2001;10;175.4;bruto;São Miguel do Iguaçu
2554014;SÃO BRAZ;2001;11;246.7;bruto;São Miguel do Iguaçu
2554014;SÃO BRAZ;2001;12;149.2;bruto;São Miguel do Iguaçu
2554014;SÃO BRAZ;2002;1;268.5;bruto;São Miguel do Iguaçu
2554014;SÃO BRAZ;2002;2;81.0;bruto;São Miguel do Iguaçu
2554014;SÃO BRAZ;2002;3;80.4;bruto;São Miguel do Iguaçu
2554014;SÃO BRAZ;2002;4;10.1;bruto;São Miguel do Iguaçu
2554014;SÃO BRAZ;2002;5;442.6;bruto;São Miguel do Iguaçu
2554014;SÃO BRAZ;2002;6;;sem_leitura;São Miguel do Iguaçu
2554014;SÃO BRAZ;2002;7;;sem_leitura;São Miguel do Iguaçu
2554014;SÃO BRAZ;2002;8;;sem_leitura;São Miguel do Iguaçu
2554014;SÃO BRAZ;2002;9;;sem_leitura;São Miguel do Iguaçu
2554014;SÃO BRAZ;2002;10;;sem_leitura;São Miguel do Iguaçu
2554014;SÃO BRAZ;2002;11;;sem_leitura;São Miguel do Iguaçu
2554014;SÃO BRAZ;2002;12;;sem_leitura;São Miguel do Iguaçu
2554026;SÃO MIGUEL DO IGUACU - ;1986;1;175.9;bruto;Medianeira
2554026;SÃO MIGUEL DO IGUACU - ;1986;2;246.7;bruto;Medianeira
2554026;SÃO MIGUEL DO IGUACU - ;1986;3;251.1;bruto;Medianeira
2554026;SÃO MIGUEL DO IGUACU - ;1986;4;109.7;bruto;Medianeira
2554026;SÃO MIGUEL DO IGUACU - ;1986;5;326.9;bruto;Medianeira
2554026;SÃO MIGUEL DO IGUACU - ;1986;6;70.1;bruto;Medianeira
2554026;SÃO MIGUEL DO IGUACU - ;1986;7;52.4;bruto;Medianeira
2554026;SÃO MIGUEL DO IGUACU - ;1986;8;174.6;bruto;Medianeira
2554026;SÃO MIGUEL DO IGUACU - ;1986;9;205.2;bruto;Medianeira
2554026;SÃO MIGUEL DO IGUACU - ;1986;10;168.7;bruto;Medianeira
2554026;SÃO MIGUEL DO IGUACU - ;1986;11;157.9;bruto;Medianeira
2554026;SÃO MIGUEL DO IGUACU - ;1986;12;121.2;bruto;Medianeira
2554026;SÃO MIGUEL DO IGUACU - ;1987;1;84.3;bruto;Medianeira
2554026;SÃO MIGUEL DO IGUACU - ;1987;2;329.1;bruto;Medianeira
2554026;SÃO MIGUEL DO IGUACU - ;1987;3;81.3;bruto;Medianeira
2554026;SÃO MIGUEL DO IGUACU - ;1987;4;170.4;bruto;Medianeira
2554026;SÃO MIGUEL DO IGUACU - ;1987;5;319.0;bruto;Medianeira
2554026;SÃO MIGUEL DO IGUACU - ;1987;6;81.8;bruto;Medianeira
2554026;SÃO MIGUEL DO IGUACU - ;1987;7;98.1;bruto;Medianeira
2554026;SÃO MIGUEL DO IGUACU - ;1987;8;40.6;bruto;Medianeira
2554026;SÃO MIGUEL DO IGUACU - ;1987;9;7.7;bruto;Medianeira
2554026;SÃO MIGUEL DO IGUACU - ;1987;10;270.6;bruto;Medianeira
2554026;SÃO MIGUEL DO IGUACU - ;1987;11;201.7;bruto;Medianeira
2554026;SÃO MIGUEL DO IGUACU - ;1987;12;110.2;bruto;Medianeira
2554026;SÃO MIGUEL DO IGUACU - ;1988;1;159.9;bruto;Medianeira
2554026;SÃO MIGUEL DO IGUACU - ;1988;2;136.6;bruto;Medianeira
2554026;SÃO MIGUEL DO IGUACU - ;1988;3;30.5;bruto;Medianeira
2554026;SÃO MIGUEL DO IGUACU - ;1988;4;275.1;bruto;Medianeira
2554026;SÃO MIGUEL DO IGUACU - ;1988;5;171.9;bruto;Medianeira
2554026;SÃO MIGUEL DO IGUACU - ;1988;6;191.0;bruto;Medianeira
2554026;SÃO MIGUEL DO IGUACU - ;1988;7;4.2;bruto;Medianeira
2554026;SÃO MIGUEL DO IGUACU - ;1988;8;14.7;bruto;Medianeira
2554026;SÃO MIGUEL DO IGUACU - ;1988;9;38.1;bruto;Medianeira
2554026;SÃO MIGUEL DO IGUACU - ;1988;10;175.3;bruto;Medianeira
2554026;SÃO MIGUEL DO IGUACU - ;1988;11;48.9;bruto;Medianeira
2554026;SÃO MIGUEL DO IGUACU - ;1988;12;129.9;bruto;Medianeira
2554026;SÃO MIGUEL DO IGUACU - ;1989;1;330.8;bruto;Medianeira
2554026;SÃO MIGUEL DO IGUACU - ;1989;2;163.6;bruto;Medianeira
2554026;SÃO MIGUEL DO IGUACU - ;1989;3;85.6;bruto;Medianeira
2554026;SÃO MIGUEL DO IGUACU - ;1989;4;60.1;bruto;Medianeira
2554026;SÃO MIGUEL DO IGUACU - ;1989;5;18.4;bruto;Medianeira
2554026;SÃO MIGUEL DO IGUACU - ;1989;6;136.6;bruto;Medianeira
2554026;SÃO MIGUEL DO IGUACU - ;1989;7;79.6;bruto;Medianeira
2554026;SÃO MIGUEL DO IGUACU - ;1989;8;265.7;bruto;Medianeira
2554026;SÃO MIGUEL DO IGUACU - ;1989;9;205.6;bruto;Medianeira
2554026;SÃO MIGUEL DO IGUACU - ;1989;10;224.5;bruto;Medianeira
2554026;SÃO MIGUEL DO IGUACU - ;1989;11;158.5;bruto;Medianeira
2554026;SÃO MIGUEL DO IGUACU - ;1989;12;108.1;bruto;Medianeira
2554026;SÃO MIGUEL DO IGUACU - ;1990;1;373.5;bruto;Medianeira
2554026;SÃO MIGUEL DO IGUACU - ;1990;2;59.5;bruto;Medianeira
2554026;SÃO MIGUEL DO IGUACU - ;1990;3;116.5;bruto;Medianeira
2554026;SÃO MIGUEL DO IGUACU - ;1990;4;271.8;bruto;Medianeira
2554026;SÃO MIGUEL DO IGUACU - ;1990;5;145.7;bruto;Medianeira
2554026;SÃO MIGUEL DO IGUACU - ;1990;6;158.4;bruto;Medianeira
2554026;SÃO MIGUEL DO IGUACU - ;1990;7;99.0;bruto;Medianeira
2554026;SÃO MIGUEL DO IGUACU - ;1990;8;325.0;bruto;Medianeira
2554026;SÃO MIGUEL DO IGUACU - ;1990;9;298.2;bruto;Medianeira
2554026;SÃO MIGUEL DO IGUACU - ;1990;10;153.8;bruto;Medianeira
2554026;SÃO MIGUEL DO IGUACU - ;1990;11;149.8;bruto;Medianeira
2554026;SÃO MIGUEL DO IGUACU - ;1990;12;146.9;bruto;Medianeira
2554026;SÃO MIGUEL DO IGUACU - ;1991;1;208.2;bruto;Medianeira
2554026;SÃO MIGUEL DO IGUACU - ;1991;2;22.1;bruto;Medianeira
2554026;SÃO MIGUEL DO IGUACU - ;1991;3;132.6;bruto;Medianeira
2554026;SÃO MIGUEL DO IGUACU - ;1991;4;125.7;bruto;Medianeira
2554026;SÃO MIGUEL DO IGUACU - ;1991;5;76.5;bruto;Medianeira
2554026;SÃO MIGUEL DO IGUACU - ;1991;6;239.2;bruto;Medianeira
2554026;SÃO MIGUEL DO IGUACU - ;1991;7;34.4;bruto;Medianeira
2554026;SÃO MIGUEL DO IGUACU - ;1991;8;32.8;bruto;Medianeira
2554026;SÃO MIGUEL DO IGUACU - ;1991;9;140.0;bruto;Medianeira
2554026;SÃO MIGUEL DO IGUACU - ;1991;10;126.6;bruto;Medianeira
2554026;SÃO MIGUEL DO IGUACU - ;1991;11;162.1;bruto;Medianeira
2554026;SÃO MIGUEL DO IGUACU - ;1991;12;265.8;bruto;Medianeira
2554026;SÃO MIGUEL DO IGUACU - ;1992;1;5.8;bruto;Medianeira
2554026;SÃO MIGUEL DO IGUACU - ;1992;2;272.2;bruto;Medianeira
2554026;SÃO MIGUEL DO IGUACU - ;1992;3;246.6;bruto;Medianeira
2554026;SÃO MIGUEL DO IGUACU - ;1992;4;175.1;bruto;Medianeira
2554026;SÃO MIGUEL DO IGUACU - ;1992;5;467.2;bruto;Medianeira
2554026;SÃO MIGUEL DO IGUACU - ;1992;6;123.4;bruto;Medianeira
2554026;SÃO MIGUEL DO IGUACU - ;1992;7;132.0;bruto;Medianeira
2554026;SÃO MIGUEL DO IGUACU - ;1992;8;146.3;bruto;Medianeira
2554026;SÃO MIGUEL DO IGUACU - ;1992;9;104.8;bruto;Medianeira
2554026;SÃO MIGUEL DO IGUACU - ;1992;10;208.2;bruto;Medianeira
2554026;SÃO MIGUEL DO IGUACU - ;1992;11;153.0;bruto;Medianeira
2554026;SÃO MIGUEL DO IGUACU - ;1992;12;55.9;bruto;Medianeira
2554026;SÃO MIGUEL DO IGUACU - ;1993;1;120.9;bruto;Medianeira
2554026;SÃO MIGUEL DO IGUACU - ;1993;2;97.4;bruto;Medianeira
2554026;SÃO MIGUEL DO IGUACU - ;1993;3;142.0;bruto;Medianeira
2554026;SÃO MIGUEL DO IGUACU - ;1993;4;31.1;bruto;Medianeira
2554026;SÃO MIGUEL DO IGUACU - ;1993;5;302.7;bruto;Medianeira
2554026;SÃO MIGUEL DO IGUACU - ;1993;6;199.1;bruto;Medianeira
2554026;SÃO MIGUEL DO IGUACU - ;1993;7;149.4;bruto;Medianeira
2554026;SÃO MIGUEL DO IGUACU - ;1993;8;14.9;bruto;Medianeira
2554026;SÃO MIGUEL DO IGUACU - ;1993;9;154.6;bruto;Medianeira
2554026;SÃO MIGUEL DO IGUACU - ;1993;10;229.6;bruto;Medianeira
2554026;SÃO MIGUEL DO IGUACU - ;1993;11;227.0;bruto;Medianeira
2554026;SÃO MIGUEL DO IGUACU - ;1993;12;135.8;bruto;Medianeira
2554026;SÃO MIGUEL DO IGUACU - ;1994;1;52.8;bruto;Medianeira
2554026;SÃO MIGUEL DO IGUACU - ;1994;2;208.6;bruto;Medianeira
2554026;SÃO MIGUEL DO IGUACU - ;1994;3;81.7;bruto;Medianeira
2554026;SÃO MIGUEL DO IGUACU - ;1994;4;132.9;bruto;Medianeira
2554026;SÃO MIGUEL DO IGUACU - ;1994;5;152.2;bruto;Medianeira
2554026;SÃO MIGUEL DO IGUACU - ;1994;6;264.4;bruto;Medianeira
2554026;SÃO MIGUEL DO IGUACU - ;1994;7;67.8;bruto;Medianeira
2554026;SÃO MIGUEL DO IGUACU - ;1994;8;22.9;bruto;Medianeira
2554026;SÃO MIGUEL DO IGUACU - ;1994;9;128.9;bruto;Medianeira
2554026;SÃO MIGUEL DO IGUACU - ;1994;10;240.3;bruto;Medianeira
2554026;SÃO MIGUEL DO IGUACU - ;1994;11;230.0;bruto;Medianeira
2554026;SÃO MIGUEL DO IGUACU - ;1994;12;141.5;bruto;Medianeira
2554026;SÃO MIGUEL DO IGUACU - ;1995;1;310.5;bruto;Medianeira
2554026;SÃO MIGUEL DO IGUACU - ;1995;2;134.6;bruto;Medianeira
2554026;SÃO MIGUEL DO IGUACU - ;1995;3;151.9;bruto;Medianeira
2554026;SÃO MIGUEL DO IGUACU - ;1995;4;105.4;bruto;Medianeira
2554026;SÃO MIGUEL DO IGUACU - ;1995;5;16.3;bruto;Medianeira
2554026;SÃO MIGUEL DO IGUACU - ;1995;6;48.3;bruto;Medianeira
2554026;SÃO MIGUEL DO IGUACU - ;1995;7;98.6;bruto;Medianeira
2554026;SÃO MIGUEL DO IGUACU - ;1995;8;25.5;bruto;Medianeira
2554026;SÃO MIGUEL DO IGUACU - ;1995;9;156.3;bruto;Medianeira
2554026;SÃO MIGUEL DO IGUACU - ;1995;10;192.4;bruto;Medianeira
2554026;SÃO MIGUEL DO IGUACU - ;1995;11;36.5;bruto;Medianeira
2554026;SÃO MIGUEL DO IGUACU - ;1995;12;133.2;bruto;Medianeira
2554026;SÃO MIGUEL DO IGUACU - ;1996;1;108.9;bruto;Medianeira
2554026;SÃO MIGUEL DO IGUACU - ;1996;2;147.0;bruto;Medianeira
2554026;SÃO MIGUEL DO IGUACU - ;1996;3;119.3;bruto;Medianeira
2554026;SÃO MIGUEL DO IGUACU - ;1996;4;74.4;bruto;Medianeira
2554026;SÃO MIGUEL DO IGUACU - ;1996;5;46.8;bruto;Medianeira
2554026;SÃO MIGUEL DO IGUACU - ;1996;6;123.6;bruto;Medianeira
2554026;SÃO MIGUEL DO IGUACU - ;1996;7;63.2;bruto;Medianeira
2554026;SÃO MIGUEL DO IGUACU - ;1996;8;63.7;bruto;Medianeira
2554026;SÃO MIGUEL DO IGUACU - ;1996;9;107.6;bruto;Medianeira
2554026;SÃO MIGUEL DO IGUACU - ;1996;10;633.0;bruto;Medianeira
2554026;SÃO MIGUEL DO IGUACU - ;1996;11;96.1;bruto;Medianeira
2554026;SÃO MIGUEL DO IGUACU - ;1996;12;461.9;bruto;Medianeira
2554026;SÃO MIGUEL DO IGUACU - ;1997;1;91.0;bruto;Medianeira
2554026;SÃO MIGUEL DO IGUACU - ;1997;2;187.1;bruto;Medianeira
2554026;SÃO MIGUEL DO IGUACU - ;1997;3;71.6;bruto;Medianeira
2554026;SÃO MIGUEL DO IGUACU - ;1997;4;19.6;bruto;Medianeira
2554026;SÃO MIGUEL DO IGUACU - ;1997;5;287.0;bruto;Medianeira
2554026;SÃO MIGUEL DO IGUACU - ;1997;6;215.2;bruto;Medianeira
2554026;SÃO MIGUEL DO IGUACU - ;1997;7;64.0;bruto;Medianeira
2554026;SÃO MIGUEL DO IGUACU - ;1997;8;249.3;bruto;Medianeira
2554026;SÃO MIGUEL DO IGUACU - ;1997;9;282.6;bruto;Medianeira
2554026;SÃO MIGUEL DO IGUACU - ;1997;10;256.9;bruto;Medianeira
2554026;SÃO MIGUEL DO IGUACU - ;1997;11;323.8;bruto;Medianeira
2554026;SÃO MIGUEL DO IGUACU - ;1997;12;81.4;bruto;Medianeira
2554026;SÃO MIGUEL DO IGUACU - ;1998;1;135.8;bruto;Medianeira
2554026;SÃO MIGUEL DO IGUACU - ;1998;2;291.2;bruto;Medianeira
2554026;SÃO MIGUEL DO IGUACU - ;1998;3;334.0;bruto;Medianeira
2554026;SÃO MIGUEL DO IGUACU - ;1998;4;219.6;bruto;Medianeira
2554026;SÃO MIGUEL DO IGUACU - ;1998;5;190.6;bruto;Medianeira
2554026;SÃO MIGUEL DO IGUACU - ;1998;6;92.8;bruto;Medianeira
2554026;SÃO MIGUEL DO IGUACU - ;1998;7;41.6;bruto;Medianeira
2554026;SÃO MIGUEL DO IGUACU - ;1998;8;324.2;bruto;Medianeira
2554026;SÃO MIGUEL DO IGUACU - ;1998;9;250.4;bruto;Medianeira
2554026;SÃO MIGUEL DO IGUACU - ;1998;10;296.0;bruto;Medianeira
2554026;SÃO MIGUEL DO IGUACU - ;1998;11;54.2;bruto;Medianeira
2554026;SÃO MIGUEL DO IGUACU - ;1998;12;103.4;bruto;Medianeira
2554026;SÃO MIGUEL DO IGUACU - ;1999;1;188.6;bruto;Medianeira
2554026;SÃO MIGUEL DO IGUACU - ;1999;2;;sem_leitura;Medianeira
2554026;SÃO MIGUEL DO IGUACU - ;1999;3;;sem_leitura;Medianeira
2554026;SÃO MIGUEL DO IGUACU - ;1999;4;;sem_leitura;Medianeira
2554026;SÃO MIGUEL DO IGUACU - ;1999;5;;sem_leitura;Medianeira
2554026;SÃO MIGUEL DO IGUACU - ;1999;6;;sem_leitura;Medianeira
2554026;SÃO MIGUEL DO IGUACU - ;1999;7;;sem_leitura;Medianeira
2554026;SÃO MIGUEL DO IGUACU - ;1999;8;;sem_leitura;Medianeira
2554026;SÃO MIGUEL DO IGUACU - ;1999;9;;sem_leitura;Medianeira
2554026;SÃO MIGUEL DO IGUACU - ;1999;10;;sem_leitura;Medianeira
2554026;SÃO MIGUEL DO IGUACU - ;1999;11;;sem_leitura;Medianeira
2554026;SÃO MIGUEL DO IGUACU - ;1999;12;;sem_leitura;Medianeira
2554027;FOZ DO IGUACU NOVO;1986;1;232.0;bruto;Foz do Iguaçu
2554027;FOZ DO IGUACU NOVO;1986;2;214.5;bruto;Foz do Iguaçu
2554027;FOZ DO IGUACU NOVO;1986;3;341.6;bruto;Foz do Iguaçu
2554027;FOZ DO IGUACU NOVO;1986;4;98.2;bruto;Foz do Iguaçu
2554027;FOZ DO IGUACU NOVO;1986;5;257.2;bruto;Foz do Iguaçu
2554027;FOZ DO IGUACU NOVO;1986;6;43.3;bruto;Foz do Iguaçu
2554027;FOZ DO IGUACU NOVO;1986;7;52.0;bruto;Foz do Iguaçu
2554027;FOZ DO IGUACU NOVO;1986;8;91.2;bruto;Foz do Iguaçu
2554027;FOZ DO IGUACU NOVO;1986;9;174.4;bruto;Foz do Iguaçu
2554027;FOZ DO IGUACU NOVO;1986;10;147.6;bruto;Foz do Iguaçu
2554027;FOZ DO IGUACU NOVO;1986;11;116.8;bruto;Foz do Iguaçu
2554027;FOZ DO IGUACU NOVO;1986;12;192.4;bruto;Foz do Iguaçu
2554027;FOZ DO IGUACU NOVO;1987;1;129.9;bruto;Foz do Iguaçu
2554027;FOZ DO IGUACU NOVO;1987;2;222.9;bruto;Foz do Iguaçu
2554027;FOZ DO IGUACU NOVO;1987;3;;sem_leitura;Foz do Iguaçu
2554027;FOZ DO IGUACU NOVO;1987;4;;sem_leitura;Foz do Iguaçu
2554027;FOZ DO IGUACU NOVO;1987;5;;sem_leitura;Foz do Iguaçu
2554027;FOZ DO IGUACU NOVO;1987;6;;sem_leitura;Foz do Iguaçu
2554027;FOZ DO IGUACU NOVO;1987;7;;sem_leitura;Foz do Iguaçu
2554027;FOZ DO IGUACU NOVO;1987;8;;sem_leitura;Foz do Iguaçu
2554027;FOZ DO IGUACU NOVO;1987;9;;sem_leitura;Foz do Iguaçu
2554027;FOZ DO IGUACU NOVO;1987;10;;sem_leitura;Foz do Iguaçu
2554027;FOZ DO IGUACU NOVO;1987;11;;sem_leitura;Foz do Iguaçu
2554027;FOZ DO IGUACU NOVO;1987;12;;sem_leitura;Foz do Iguaçu
2554027;FOZ DO IGUACU NOVO;1988;1;145.9;bruto;Foz do Iguaçu
2554027;FOZ DO IGUACU NOVO;1988;2;92.9;bruto;Foz do Iguaçu
2554027;FOZ DO IGUACU NOVO;1988;3;16.1;bruto;Foz do Iguaçu
2554027;FOZ DO IGUACU NOVO;1988;4;230.8;bruto;Foz do Iguaçu
2554027;FOZ DO IGUACU NOVO;1988;5;242.6;bruto;Foz do Iguaçu
2554027;FOZ DO IGUACU NOVO;1988;6;53.0;bruto;Foz do Iguaçu
2554027;FOZ DO IGUACU NOVO;1988;7;37.2;bruto;Foz do Iguaçu
2554027;FOZ DO IGUACU NOVO;1988;8;38.8;bruto;Foz do Iguaçu
2554027;FOZ DO IGUACU NOVO;1988;9;5.5;bruto;Foz do Iguaçu
2554027;FOZ DO IGUACU NOVO;1988;10;287.8;bruto;Foz do Iguaçu
2554027;FOZ DO IGUACU NOVO;1988;11;183.0;bruto;Foz do Iguaçu
2554027;FOZ DO IGUACU NOVO;1988;12;88.4;bruto;Foz do Iguaçu
2554027;FOZ DO IGUACU NOVO;1989;1;258.9;bruto;Foz do Iguaçu
2554027;FOZ DO IGUACU NOVO;1989;2;258.5;bruto;Foz do Iguaçu
2554027;FOZ DO IGUACU NOVO;1989;3;108.0;bruto;Foz do Iguaçu
2554027;FOZ DO IGUACU NOVO;1989;4;74.1;bruto;Foz do Iguaçu
2554027;FOZ DO IGUACU NOVO;1989;5;54.9;bruto;Foz do Iguaçu
2554027;FOZ DO IGUACU NOVO;1989;6;151.0;bruto;Foz do Iguaçu
2554027;FOZ DO IGUACU NOVO;1989;7;69.2;bruto;Foz do Iguaçu
2554027;FOZ DO IGUACU NOVO;1989;8;272.1;bruto;Foz do Iguaçu
2554027;FOZ DO IGUACU NOVO;1989;9;191.8;bruto;Foz do Iguaçu
2554027;FOZ DO IGUACU NOVO;1989;10;199.7;bruto;Foz do Iguaçu
2554027;FOZ DO IGUACU NOVO;1989;11;97.1;bruto;Foz do Iguaçu
2554027;FOZ DO IGUACU NOVO;1989;12;167.0;bruto;Foz do Iguaçu
2554027;FOZ DO IGUACU NOVO;1990;1;345.3;bruto;Foz do Iguaçu
2554027;FOZ DO IGUACU NOVO;1990;2;96.9;bruto;Foz do Iguaçu
2554027;FOZ DO IGUACU NOVO;1990;3;104.1;bruto;Foz do Iguaçu
2554027;FOZ DO IGUACU NOVO;1990;4;314.2;bruto;Foz do Iguaçu
2554027;FOZ DO IGUACU NOVO;1990;5;156.2;bruto;Foz do Iguaçu
2554027;FOZ DO IGUACU NOVO;1990;6;224.8;bruto;Foz do Iguaçu
2554027;FOZ DO IGUACU NOVO;1990;7;80.4;bruto;Foz do Iguaçu
2554027;FOZ DO IGUACU NOVO;1990;8;108.0;bruto;Foz do Iguaçu
2554027;FOZ DO IGUACU NOVO;1990;9;316.2;bruto;Foz do Iguaçu
2554027;FOZ DO IGUACU NOVO;1990;10;76.5;bruto;Foz do Iguaçu
2554027;FOZ DO IGUACU NOVO;1990;11;117.8;bruto;Foz do Iguaçu
2554027;FOZ DO IGUACU NOVO;1990;12;125.1;bruto;Foz do Iguaçu
2554027;FOZ DO IGUACU NOVO;1991;1;155.9;bruto;Foz do Iguaçu
2554027;FOZ DO IGUACU NOVO;1991;2;23.8;bruto;Foz do Iguaçu
2554027;FOZ DO IGUACU NOVO;1991;3;62.3;bruto;Foz do Iguaçu
2554027;FOZ DO IGUACU NOVO;1991;4;147.3;bruto;Foz do Iguaçu
2554027;FOZ DO IGUACU NOVO;1991;5;;sem_leitura;Foz do Iguaçu
2554027;FOZ DO IGUACU NOVO;1991;6;;sem_leitura;Foz do Iguaçu
2554027;FOZ DO IGUACU NOVO;1991;7;;sem_leitura;Foz do Iguaçu
2554027;FOZ DO IGUACU NOVO;1991;8;;sem_leitura;Foz do Iguaçu
2554027;FOZ DO IGUACU NOVO;1991;9;;sem_leitura;Foz do Iguaçu
2554027;FOZ DO IGUACU NOVO;1991;10;;sem_leitura;Foz do Iguaçu
2554027;FOZ DO IGUACU NOVO;1991;11;;sem_leitura;Foz do Iguaçu
2554027;FOZ DO IGUACU NOVO;1991;12;;sem_leitura;Foz do Iguaçu
2554028;MEDIANEIRA - SE COPEL;1987;1;;sem_leitura;Medianeira
2554028;MEDIANEIRA - SE COPEL;1987;2;;sem_leitura;Medianeira
2554028;MEDIANEIRA - SE COPEL;1987;3;;sem_leitura;Medianeira
2554028;MEDIANEIRA - SE COPEL;1987;4;;sem_leitura;Medianeira
2554028;MEDIANEIRA - SE COPEL;1987;5;;sem_leitura;Medianeira
2554028;MEDIANEIRA - SE COPEL;1987;6;;sem_leitura;Medianeira
2554028;MEDIANEIRA - SE COPEL;1987;7;;sem_leitura;Medianeira
2554028;MEDIANEIRA - SE COPEL;1987;8;;sem_leitura;Medianeira
2554028;MEDIANEIRA - SE COPEL;1987;9;;sem_leitura;Medianeira
2554028;MEDIANEIRA - SE COPEL;1987;10;;sem_leitura;Medianeira
2554028;MEDIANEIRA - SE COPEL;1987;11;253.0;consistido;Medianeira
2554028;MEDIANEIRA - SE COPEL;1987;12;136.8;consistido;Medianeira
2554028;MEDIANEIRA - SE COPEL;1988;1;108.4;bruto;Medianeira
2554028;MEDIANEIRA - SE COPEL;1988;2;82.5;bruto;Medianeira
2554028;MEDIANEIRA - SE COPEL;1988;3;48.3;bruto;Medianeira
2554028;MEDIANEIRA - SE COPEL;1988;4;314.1;bruto;Medianeira
2554028;MEDIANEIRA - SE COPEL;1988;5;212.3;bruto;Medianeira
2554028;MEDIANEIRA - SE COPEL;1988;6;158.7;bruto;Medianeira
2554028;MEDIANEIRA - SE COPEL;1988;7;9.5;bruto;Medianeira
2554028;MEDIANEIRA - SE COPEL;1988;8;14.9;bruto;Medianeira
2554028;MEDIANEIRA - SE COPEL;1988;9;40.5;bruto;Medianeira
2554028;MEDIANEIRA - SE COPEL;1988;10;143.5;bruto;Medianeira
2554028;MEDIANEIRA - SE COPEL;1988;11;76.7;bruto;Medianeira
2554028;MEDIANEIRA - SE COPEL;1988;12;82.3;bruto;Medianeira
2554028;MEDIANEIRA - SE COPEL;1989;1;329.3;bruto;Medianeira
2554028;MEDIANEIRA - SE COPEL;1989;2;202.7;bruto;Medianeira
2554028;MEDIANEIRA - SE COPEL;1989;3;160.4;bruto;Medianeira
2554028;MEDIANEIRA - SE COPEL;1989;4;70.0;bruto;Medianeira
2554028;MEDIANEIRA - SE COPEL;1989;5;40.7;bruto;Medianeira
2554028;MEDIANEIRA - SE COPEL;1989;6;163.8;bruto;Medianeira
2554028;MEDIANEIRA - SE COPEL;1989;7;62.9;bruto;Medianeira
2554028;MEDIANEIRA - SE COPEL;1989;8;202.4;bruto;Medianeira
2554028;MEDIANEIRA - SE COPEL;1989;9;284.6;bruto;Medianeira
2554028;MEDIANEIRA - SE COPEL;1989;10;205.0;bruto;Medianeira
2554028;MEDIANEIRA - SE COPEL;1989;11;111.0;bruto;Medianeira
2554028;MEDIANEIRA - SE COPEL;1989;12;132.7;bruto;Medianeira
2554028;MEDIANEIRA - SE COPEL;1990;1;312.1;bruto;Medianeira
2554028;MEDIANEIRA - SE COPEL;1990;2;97.4;bruto;Medianeira
2554028;MEDIANEIRA - SE COPEL;1990;3;242.9;bruto;Medianeira
2554028;MEDIANEIRA - SE COPEL;1990;4;296.0;bruto;Medianeira
2554028;MEDIANEIRA - SE COPEL;1990;5;180.4;bruto;Medianeira
2554028;MEDIANEIRA - SE COPEL;1990;6;139.3;bruto;Medianeira
2554028;MEDIANEIRA - SE COPEL;1990;7;150.6;bruto;Medianeira
2554028;MEDIANEIRA - SE COPEL;1990;8;310.2;bruto;Medianeira
2554028;MEDIANEIRA - SE COPEL;1990;9;254.4;bruto;Medianeira
2554028;MEDIANEIRA - SE COPEL;1990;10;252.5;bruto;Medianeira
2554028;MEDIANEIRA - SE COPEL;1990;11;165.3;bruto;Medianeira
2554028;MEDIANEIRA - SE COPEL;1990;12;128.7;bruto;Medianeira
2554028;MEDIANEIRA - SE COPEL;1991;1;241.7;bruto;Medianeira
2554028;MEDIANEIRA - SE COPEL;1991;2;38.5;bruto;Medianeira
2554028;MEDIANEIRA - SE COPEL;1991;3;157.2;bruto;Medianeira
2554028;MEDIANEIRA - SE COPEL;1991;4;124.8;bruto;Medianeira
2554028;MEDIANEIRA - SE COPEL;1991;5;91.2;bruto;Medianeira
2554028;MEDIANEIRA - SE COPEL;1991;6;262.8;bruto;Medianeira
2554028;MEDIANEIRA - SE COPEL;1991;7;33.8;bruto;Medianeira
2554028;MEDIANEIRA - SE COPEL;1991;8;32.1;bruto;Medianeira
2554028;MEDIANEIRA - SE COPEL;1991;9;111.9;bruto;Medianeira
2554028;MEDIANEIRA - SE COPEL;1991;10;120.2;bruto;Medianeira
2554028;MEDIANEIRA - SE COPEL;1991;11;110.6;bruto;Medianeira
2554028;MEDIANEIRA - SE COPEL;1991;12;274.8;bruto;Medianeira
2554028;MEDIANEIRA - SE COPEL;1992;1;25.0;bruto;Medianeira
2554028;MEDIANEIRA - SE COPEL;1992;2;142.1;bruto;Medianeira
2554028;MEDIANEIRA - SE COPEL;1992;3;275.0;bruto;Medianeira
2554028;MEDIANEIRA - SE COPEL;1992;4;146.9;bruto;Medianeira
2554028;MEDIANEIRA - SE COPEL;1992;5;543.5;bruto;Medianeira
2554028;MEDIANEIRA - SE COPEL;1992;6;162.4;bruto;Medianeira
2554028;MEDIANEIRA - SE COPEL;1992;7;138.8;bruto;Medianeira
2554028;MEDIANEIRA - SE COPEL;1992;8;173.4;bruto;Medianeira
2554028;MEDIANEIRA - SE COPEL;1992;9;138.1;bruto;Medianeira
2554028;MEDIANEIRA - SE COPEL;1992;10;154.1;bruto;Medianeira
2554028;MEDIANEIRA - SE COPEL;1992;11;169.3;bruto;Medianeira
2554028;MEDIANEIRA - SE COPEL;1992;12;70.9;bruto;Medianeira
2554028;MEDIANEIRA - SE COPEL;1993;1;179.6;bruto;Medianeira
2554028;MEDIANEIRA - SE COPEL;1993;2;52.0;bruto;Medianeira
2554028;MEDIANEIRA - SE COPEL;1993;3;157.0;bruto;Medianeira
2554028;MEDIANEIRA - SE COPEL;1993;4;60.2;bruto;Medianeira
2554028;MEDIANEIRA - SE COPEL;1993;5;355.1;bruto;Medianeira
2554028;MEDIANEIRA - SE COPEL;1993;6;234.7;bruto;Medianeira
2554028;MEDIANEIRA - SE COPEL;1993;7;196.9;bruto;Medianeira
2554028;MEDIANEIRA - SE COPEL;1993;8;9.5;bruto;Medianeira
2554028;MEDIANEIRA - SE COPEL;1993;9;163.8;bruto;Medianeira
2554028;MEDIANEIRA - SE COPEL;1993;10;215.1;bruto;Medianeira
2554028;MEDIANEIRA - SE COPEL;1993;11;143.1;bruto;Medianeira
2554028;MEDIANEIRA - SE COPEL;1993;12;111.9;bruto;Medianeira
2554028;MEDIANEIRA - SE COPEL;1994;1;72.1;bruto;Medianeira
2554028;MEDIANEIRA - SE COPEL;1994;2;290.9;bruto;Medianeira
2554028;MEDIANEIRA - SE COPEL;1994;3;62.3;bruto;Medianeira
2554028;MEDIANEIRA - SE COPEL;1994;4;155.0;bruto;Medianeira
2554028;MEDIANEIRA - SE COPEL;1994;5;157.9;bruto;Medianeira
2554028;MEDIANEIRA - SE COPEL;1994;6;262.1;bruto;Medianeira
2554028;MEDIANEIRA - SE COPEL;1994;7;85.9;bruto;Medianeira
2554028;MEDIANEIRA - SE COPEL;1994;8;19.6;bruto;Medianeira
2554028;MEDIANEIRA - SE COPEL;1994;9;103.9;bruto;Medianeira
2554028;MEDIANEIRA - SE COPEL;1994;10;242.7;bruto;Medianeira
2554028;MEDIANEIRA - SE COPEL;1994;11;182.0;bruto;Medianeira
2554028;MEDIANEIRA - SE COPEL;1994;12;182.3;bruto;Medianeira
2554028;MEDIANEIRA - SE COPEL;1995;1;330.6;bruto;Medianeira
2554028;MEDIANEIRA - SE COPEL;1995;2;70.9;bruto;Medianeira
2554028;MEDIANEIRA - SE COPEL;1995;3;166.9;bruto;Medianeira
2554028;MEDIANEIRA - SE COPEL;1995;4;125.7;bruto;Medianeira
2554028;MEDIANEIRA - SE COPEL;1995;5;19.9;bruto;Medianeira
2554028;MEDIANEIRA - SE COPEL;1995;6;70.7;bruto;Medianeira
2554028;MEDIANEIRA - SE COPEL;1995;7;77.7;bruto;Medianeira
2554028;MEDIANEIRA - SE COPEL;1995;8;28.3;bruto;Medianeira
2554028;MEDIANEIRA - SE COPEL;1995;9;136.3;bruto;Medianeira
2554028;MEDIANEIRA - SE COPEL;1995;10;233.9;bruto;Medianeira
2554028;MEDIANEIRA - SE COPEL;1995;11;150.4;bruto;Medianeira
2554028;MEDIANEIRA - SE COPEL;1995;12;92.3;bruto;Medianeira
2554028;MEDIANEIRA - SE COPEL;1996;1;147.2;bruto;Medianeira
2554028;MEDIANEIRA - SE COPEL;1996;2;211.4;consistido;Medianeira
2554028;MEDIANEIRA - SE COPEL;1996;3;255.0;bruto;Medianeira
2554028;MEDIANEIRA - SE COPEL;1996;4;71.2;bruto;Medianeira
2554028;MEDIANEIRA - SE COPEL;1996;5;51.0;bruto;Medianeira
2554028;MEDIANEIRA - SE COPEL;1996;6;119.1;bruto;Medianeira
2554028;MEDIANEIRA - SE COPEL;1996;7;33.4;bruto;Medianeira
2554028;MEDIANEIRA - SE COPEL;1996;8;45.7;bruto;Medianeira
2554028;MEDIANEIRA - SE COPEL;1996;9;210.6;bruto;Medianeira
2554028;MEDIANEIRA - SE COPEL;1996;10;506.3;bruto;Medianeira
2554028;MEDIANEIRA - SE COPEL;1996;11;139.6;bruto;Medianeira
2554028;MEDIANEIRA - SE COPEL;1996;12;426.4;bruto;Medianeira
2554028;MEDIANEIRA - SE COPEL;1997;1;151.6;bruto;Medianeira
2554028;MEDIANEIRA - SE COPEL;1997;2;199.4;bruto;Medianeira
2554028;MEDIANEIRA - SE COPEL;1997;3;62.6;bruto;Medianeira
2554028;MEDIANEIRA - SE COPEL;1997;4;25.2;bruto;Medianeira
2554028;MEDIANEIRA - SE COPEL;1997;5;261.0;bruto;Medianeira
2554028;MEDIANEIRA - SE COPEL;1997;6;191.8;bruto;Medianeira
2554028;MEDIANEIRA - SE COPEL;1997;7;70.5;bruto;Medianeira
2554028;MEDIANEIRA - SE COPEL;1997;8;214.0;bruto;Medianeira
2554028;MEDIANEIRA - SE COPEL;1997;9;215.7;bruto;Medianeira
2554028;MEDIANEIRA - SE COPEL;1997;10;351.5;bruto;Medianeira
2554028;MEDIANEIRA - SE COPEL;1997;11;262.5;bruto;Medianeira
2554028;MEDIANEIRA - SE COPEL;1997;12;50.0;bruto;Medianeira
2554028;MEDIANEIRA - SE COPEL;1998;1;104.2;bruto;Medianeira
2554028;MEDIANEIRA - SE COPEL;1998;2;365.3;bruto;Medianeira
2554028;MEDIANEIRA - SE COPEL;1998;3;286.6;bruto;Medianeira
2554028;MEDIANEIRA - SE COPEL;1998;4;485.4;bruto;Medianeira
2554028;MEDIANEIRA - SE COPEL;1998;5;171.8;bruto;Medianeira
2554028;MEDIANEIRA - SE COPEL;1998;6;87.7;bruto;Medianeira
2554028;MEDIANEIRA - SE COPEL;1998;7;50.5;bruto;Medianeira
2554028;MEDIANEIRA - SE COPEL;1998;8;243.9;bruto;Medianeira
2554028;MEDIANEIRA - SE COPEL;1998;9;273.9;bruto;Medianeira
2554028;MEDIANEIRA - SE COPEL;1998;10;341.6;bruto;Medianeira
2554028;MEDIANEIRA - SE COPEL;1998;11;104.9;bruto;Medianeira
2554028;MEDIANEIRA - SE COPEL;1998;12;137.0;bruto;Medianeira
2554028;MEDIANEIRA - SE COPEL;1999;1;228.5;bruto;Medianeira
2554028;MEDIANEIRA - SE COPEL;1999;2;195.1;bruto;Medianeira
2554028;MEDIANEIRA - SE COPEL;1999;3;;sem_leitura;Medianeira
2554028;MEDIANEIRA - SE COPEL;1999;4;;sem_leitura;Medianeira
2554028;MEDIANEIRA - SE COPEL;1999;5;;sem_leitura;Medianeira
2554028;MEDIANEIRA - SE COPEL;1999;6;;sem_leitura;Medianeira
2554028;MEDIANEIRA - SE COPEL;1999;7;;sem_leitura;Medianeira
2554028;MEDIANEIRA - SE COPEL;1999;8;;sem_leitura;Medianeira
2554028;MEDIANEIRA - SE COPEL;1999;9;;sem_leitura;Medianeira
2554028;MEDIANEIRA - SE COPEL;1999;10;;sem_leitura;Medianeira
2554028;MEDIANEIRA - SE COPEL;1999;11;;sem_leitura;Medianeira
2554028;MEDIANEIRA - SE COPEL;1999;12;;sem_leitura;Medianeira
2554029;FOZ IGUACU - SE COPEL;1988;1;;sem_leitura;Foz do Iguaçu
2554029;FOZ IGUACU - SE COPEL;1988;2;;sem_leitura;Foz do Iguaçu
2554029;FOZ IGUACU - SE COPEL;1988;3;;sem_leitura;Foz do Iguaçu
2554029;FOZ IGUACU - SE COPEL;1988;4;;sem_leitura;Foz do Iguaçu
2554029;FOZ IGUACU - SE COPEL;1988;5;;sem_leitura;Foz do Iguaçu
2554029;FOZ IGUACU - SE COPEL;1988;6;;sem_leitura;Foz do Iguaçu
2554029;FOZ IGUACU - SE COPEL;1988;7;;sem_leitura;Foz do Iguaçu
2554029;FOZ IGUACU - SE COPEL;1988;8;;sem_leitura;Foz do Iguaçu
2554029;FOZ IGUACU - SE COPEL;1988;9;;sem_leitura;Foz do Iguaçu
2554029;FOZ IGUACU - SE COPEL;1988;10;132.4;bruto;Foz do Iguaçu
2554029;FOZ IGUACU - SE COPEL;1988;11;86.2;bruto;Foz do Iguaçu
2554029;FOZ IGUACU - SE COPEL;1988;12;134.5;bruto;Foz do Iguaçu
2554029;FOZ IGUACU - SE COPEL;1989;1;244.5;bruto;Foz do Iguaçu
2554029;FOZ IGUACU - SE COPEL;1989;2;262.9;bruto;Foz do Iguaçu
2554029;FOZ IGUACU - SE COPEL;1989;3;124.0;bruto;Foz do Iguaçu
2554029;FOZ IGUACU - SE COPEL;1989;4;57.4;bruto;Foz do Iguaçu
2554029;FOZ IGUACU - SE COPEL;1989;5;64.8;bruto;Foz do Iguaçu
2554029;FOZ IGUACU - SE COPEL;1989;6;135.5;bruto;Foz do Iguaçu
2554029;FOZ IGUACU - SE COPEL;1989;7;64.9;bruto;Foz do Iguaçu
2554029;FOZ IGUACU - SE COPEL;1989;8;239.8;bruto;Foz do Iguaçu
2554029;FOZ IGUACU - SE COPEL;1989;9;193.3;bruto;Foz do Iguaçu
2554029;FOZ IGUACU - SE COPEL;1989;10;202.5;bruto;Foz do Iguaçu
2554029;FOZ IGUACU - SE COPEL;1989;11;109.6;bruto;Foz do Iguaçu
2554029;FOZ IGUACU - SE COPEL;1989;12;147.8;bruto;Foz do Iguaçu
2554029;FOZ IGUACU - SE COPEL;1990;1;439.7;bruto;Foz do Iguaçu
2554029;FOZ IGUACU - SE COPEL;1990;2;100.0;bruto;Foz do Iguaçu
2554029;FOZ IGUACU - SE COPEL;1990;3;101.5;bruto;Foz do Iguaçu
2554029;FOZ IGUACU - SE COPEL;1990;4;326.4;bruto;Foz do Iguaçu
2554029;FOZ IGUACU - SE COPEL;1990;5;132.4;bruto;Foz do Iguaçu
2554029;FOZ IGUACU - SE COPEL;1990;6;188.7;bruto;Foz do Iguaçu
2554029;FOZ IGUACU - SE COPEL;1990;7;88.2;bruto;Foz do Iguaçu
2554029;FOZ IGUACU - SE COPEL;1990;8;340.3;bruto;Foz do Iguaçu
2554029;FOZ IGUACU - SE COPEL;1990;9;291.9;bruto;Foz do Iguaçu
2554029;FOZ IGUACU - SE COPEL;1990;10;88.4;bruto;Foz do Iguaçu
2554029;FOZ IGUACU - SE COPEL;1990;11;159.6;bruto;Foz do Iguaçu
2554029;FOZ IGUACU - SE COPEL;1990;12;196.5;bruto;Foz do Iguaçu
2554029;FOZ IGUACU - SE COPEL;1991;1;155.9;bruto;Foz do Iguaçu
2554029;FOZ IGUACU - SE COPEL;1991;2;23.8;bruto;Foz do Iguaçu
2554029;FOZ IGUACU - SE COPEL;1991;3;62.8;bruto;Foz do Iguaçu
2554029;FOZ IGUACU - SE COPEL;1991;4;147.3;bruto;Foz do Iguaçu
2554029;FOZ IGUACU - SE COPEL;1991;5;;sem_leitura;Foz do Iguaçu
2554029;FOZ IGUACU - SE COPEL;1991;6;;sem_leitura;Foz do Iguaçu
2554029;FOZ IGUACU - SE COPEL;1991;7;;sem_leitura;Foz do Iguaçu
2554029;FOZ IGUACU - SE COPEL;1991;8;;sem_leitura;Foz do Iguaçu
2554029;FOZ IGUACU - SE COPEL;1991;9;;sem_leitura;Foz do Iguaçu
2554029;FOZ IGUACU - SE COPEL;1991;10;;sem_leitura;Foz do Iguaçu
2554029;FOZ IGUACU - SE COPEL;1991;11;;sem_leitura;Foz do Iguaçu
2554029;FOZ IGUACU - SE COPEL;1991;12;;sem_leitura;Foz do Iguaçu
2554029;FOZ IGUACU - SE COPEL;1992;1;19.0;bruto;Foz do Iguaçu
2554029;FOZ IGUACU - SE COPEL;1992;2;255.9;bruto;Foz do Iguaçu
2554029;FOZ IGUACU - SE COPEL;1992;3;224.2;bruto;Foz do Iguaçu
2554029;FOZ IGUACU - SE COPEL;1992;4;192.6;bruto;Foz do Iguaçu
2554029;FOZ IGUACU - SE COPEL;1992;5;365.4;bruto;Foz do Iguaçu
2554029;FOZ IGUACU - SE COPEL;1992;6;136.5;bruto;Foz do Iguaçu
2554029;FOZ IGUACU - SE COPEL;1992;7;143.9;bruto;Foz do Iguaçu
2554029;FOZ IGUACU - SE COPEL;1992;8;172.8;bruto;Foz do Iguaçu
2554029;FOZ IGUACU - SE COPEL;1992;9;;sem_leitura;Foz do Iguaçu
2554029;FOZ IGUACU - SE COPEL;1992;10;;sem_leitura;Foz do Iguaçu
2554029;FOZ IGUACU - SE COPEL;1992;11;;sem_leitura;Foz do Iguaçu
2554029;FOZ IGUACU - SE COPEL;1992;12;;sem_leitura;Foz do Iguaçu
2554029;FOZ IGUACU - SE COPEL;1993;1;162.1;bruto;Foz do Iguaçu
2554029;FOZ IGUACU - SE COPEL;1993;2;52.1;bruto;Foz do Iguaçu
2554029;FOZ IGUACU - SE COPEL;1993;3;92.7;bruto;Foz do Iguaçu
2554029;FOZ IGUACU - SE COPEL;1993;4;22.8;bruto;Foz do Iguaçu
2554029;FOZ IGUACU - SE COPEL;1993;5;269.5;bruto;Foz do Iguaçu
2554029;FOZ IGUACU - SE COPEL;1993;6;185.1;bruto;Foz do Iguaçu
2554029;FOZ IGUACU - SE COPEL;1993;7;139.3;bruto;Foz do Iguaçu
2554029;FOZ IGUACU - SE COPEL;1993;8;14.6;bruto;Foz do Iguaçu
2554029;FOZ IGUACU - SE COPEL;1993;9;161.9;bruto;Foz do Iguaçu
2554029;FOZ IGUACU - SE COPEL;1993;10;228.7;bruto;Foz do Iguaçu
2554029;FOZ IGUACU - SE COPEL;1993;11;222.2;bruto;Foz do Iguaçu
2554029;FOZ IGUACU - SE COPEL;1993;12;182.3;bruto;Foz do Iguaçu
2554029;FOZ IGUACU - SE COPEL;1994;1;41.8;bruto;Foz do Iguaçu
2554029;FOZ IGUACU - SE COPEL;1994;2;269.9;bruto;Foz do Iguaçu
2554029;FOZ IGUACU - SE COPEL;1994;3;;sem_leitura;Foz do Iguaçu
2554029;FOZ IGUACU - SE COPEL;1994;4;;sem_leitura;Foz do Iguaçu
2554029;FOZ IGUACU - SE COPEL;1994;5;;sem_leitura;Foz do Iguaçu
2554029;FOZ IGUACU - SE COPEL;1994;6;;sem_leitura;Foz do Iguaçu
2554029;FOZ IGUACU - SE COPEL;1994;7;;sem_leitura;Foz do Iguaçu
2554029;FOZ IGUACU - SE COPEL;1994;8;;sem_leitura;Foz do Iguaçu
2554029;FOZ IGUACU - SE COPEL;1994;9;;sem_leitura;Foz do Iguaçu
2554029;FOZ IGUACU - SE COPEL;1994;10;;sem_leitura;Foz do Iguaçu
2554029;FOZ IGUACU - SE COPEL;1994;11;;sem_leitura;Foz do Iguaçu
2554029;FOZ IGUACU - SE COPEL;1994;12;;sem_leitura;Foz do Iguaçu
2554029;FOZ IGUACU - SE COPEL;1995;1;;sem_leitura;Foz do Iguaçu
2554029;FOZ IGUACU - SE COPEL;1995;2;;sem_leitura;Foz do Iguaçu
2554029;FOZ IGUACU - SE COPEL;1995;3;;sem_leitura;Foz do Iguaçu
2554029;FOZ IGUACU - SE COPEL;1995;4;;sem_leitura;Foz do Iguaçu
2554029;FOZ IGUACU - SE COPEL;1995;5;14.2;bruto;Foz do Iguaçu
2554029;FOZ IGUACU - SE COPEL;1995;6;;sem_leitura;Foz do Iguaçu
2554029;FOZ IGUACU - SE COPEL;1995;7;;sem_leitura;Foz do Iguaçu
2554029;FOZ IGUACU - SE COPEL;1995;8;;sem_leitura;Foz do Iguaçu
2554029;FOZ IGUACU - SE COPEL;1995;9;;sem_leitura;Foz do Iguaçu
2554029;FOZ IGUACU - SE COPEL;1995;10;;sem_leitura;Foz do Iguaçu
2554029;FOZ IGUACU - SE COPEL;1995;11;43.6;bruto;Foz do Iguaçu
2554029;FOZ IGUACU - SE COPEL;1995;12;123.0;bruto;Foz do Iguaçu
2554029;FOZ IGUACU - SE COPEL;1996;1;277.8;bruto;Foz do Iguaçu
2554029;FOZ IGUACU - SE COPEL;1996;2;185.5;bruto;Foz do Iguaçu
2554029;FOZ IGUACU - SE COPEL;1996;3;165.0;bruto;Foz do Iguaçu
2554029;FOZ IGUACU - SE COPEL;1996;4;95.9;bruto;Foz do Iguaçu
2554029;FOZ IGUACU - SE COPEL;1996;5;93.2;bruto;Foz do Iguaçu
2554029;FOZ IGUACU - SE COPEL;1996;6;119.8;bruto;Foz do Iguaçu
2554029;FOZ IGUACU - SE COPEL;1996;7;42.8;bruto;Foz do Iguaçu
2554029;FOZ IGUACU - SE COPEL;1996;8;39.1;bruto;Foz do Iguaçu
2554029;FOZ IGUACU - SE COPEL;1996;9;104.5;bruto;Foz do Iguaçu
2554029;FOZ IGUACU - SE COPEL;1996;10;601.2;bruto;Foz do Iguaçu
2554029;FOZ IGUACU - SE COPEL;1996;11;109.7;bruto;Foz do Iguaçu
2554029;FOZ IGUACU - SE COPEL;1996;12;526.9;bruto;Foz do Iguaçu
2554029;FOZ IGUACU - SE COPEL;1997;1;138.0;bruto;Foz do Iguaçu
2554029;FOZ IGUACU - SE COPEL;1997;2;137.1;bruto;Foz do Iguaçu
2554029;FOZ IGUACU - SE COPEL;1997;3;104.5;bruto;Foz do Iguaçu
2554029;FOZ IGUACU - SE COPEL;1997;4;17.7;bruto;Foz do Iguaçu
2554029;FOZ IGUACU - SE COPEL;1997;5;337.8;bruto;Foz do Iguaçu
2554029;FOZ IGUACU - SE COPEL;1997;6;219.2;bruto;Foz do Iguaçu
2554029;FOZ IGUACU - SE COPEL;1997;7;82.0;bruto;Foz do Iguaçu
2554029;FOZ IGUACU - SE COPEL;1997;8;167.7;bruto;Foz do Iguaçu
2554029;FOZ IGUACU - SE COPEL;1997;9;198.6;bruto;Foz do Iguaçu
2554029;FOZ IGUACU - SE COPEL;1997;10;240.1;bruto;Foz do Iguaçu
2554029;FOZ IGUACU - SE COPEL;1997;11;326.8;bruto;Foz do Iguaçu
2554029;FOZ IGUACU - SE COPEL;1997;12;106.2;bruto;Foz do Iguaçu
2554029;FOZ IGUACU - SE COPEL;1998;1;182.0;bruto;Foz do Iguaçu
2554029;FOZ IGUACU - SE COPEL;1998;2;310.7;bruto;Foz do Iguaçu
2554029;FOZ IGUACU - SE COPEL;1998;3;314.6;bruto;Foz do Iguaçu
2554029;FOZ IGUACU - SE COPEL;1998;4;296.1;bruto;Foz do Iguaçu
2554029;FOZ IGUACU - SE COPEL;1998;5;210.9;bruto;Foz do Iguaçu
2554029;FOZ IGUACU - SE COPEL;1998;6;85.3;bruto;Foz do Iguaçu
2554029;FOZ IGUACU - SE COPEL;1998;7;41.3;bruto;Foz do Iguaçu
2554029;FOZ IGUACU - SE COPEL;1998;8;333.1;bruto;Foz do Iguaçu
2554029;FOZ IGUACU - SE COPEL;1998;9;204.3;bruto;Foz do Iguaçu
2554029;FOZ IGUACU - SE COPEL;1998;10;264.8;bruto;Foz do Iguaçu
2554029;FOZ IGUACU - SE COPEL;1998;11;47.9;bruto;Foz do Iguaçu
2554029;FOZ IGUACU - SE COPEL;1998;12;107.3;bruto;Foz do Iguaçu
2554029;FOZ IGUACU - SE COPEL;1999;1;220.3;bruto;Foz do Iguaçu
2554029;FOZ IGUACU - SE COPEL;1999;2;113.5;bruto;Foz do Iguaçu
2554029;FOZ IGUACU - SE COPEL;1999;3;111.0;bruto;Foz do Iguaçu
2554029;FOZ IGUACU - SE COPEL;1999;4;219.9;bruto;Foz do Iguaçu
2554029;FOZ IGUACU - SE COPEL;1999;5;124.7;bruto;Foz do Iguaçu
2554029;FOZ IGUACU - SE COPEL;1999;6;118.7;bruto;Foz do Iguaçu
2554029;FOZ IGUACU - SE COPEL;1999;7;91.6;bruto;Foz do Iguaçu
2554029;FOZ IGUACU - SE COPEL;1999;8;13.4;bruto;Foz do Iguaçu
2554029;FOZ IGUACU - SE COPEL;1999;9;80.5;bruto;Foz do Iguaçu
2554029;FOZ IGUACU - SE COPEL;1999;10;41.8;bruto;Foz do Iguaçu
2554029;FOZ IGUACU - SE COPEL;1999;11;72.4;bruto;Foz do Iguaçu
2554029;FOZ IGUACU - SE COPEL;1999;12;171.1;bruto;Foz do Iguaçu
2554029;FOZ IGUACU - SE COPEL;2000;1;308.9;bruto;Foz do Iguaçu
2554029;FOZ IGUACU - SE COPEL;2000;2;211.0;bruto;Foz do Iguaçu
2554029;FOZ IGUACU - SE COPEL;2000;3;21.7;bruto;Foz do Iguaçu
2554029;FOZ IGUACU - SE COPEL;2000;4;121.1;bruto;Foz do Iguaçu
2554029;FOZ IGUACU - SE COPEL;2000;5;172.6;bruto;Foz do Iguaçu
2554029;FOZ IGUACU - SE COPEL;2000;6;227.8;bruto;Foz do Iguaçu
2554029;FOZ IGUACU - SE COPEL;2000;7;62.4;bruto;Foz do Iguaçu
2554029;FOZ IGUACU - SE COPEL;2000;8;117.5;consistido;Foz do Iguaçu
2554029;FOZ IGUACU - SE COPEL;2000;9;126.7;bruto;Foz do Iguaçu
2554029;FOZ IGUACU - SE COPEL;2000;10;243.9;bruto;Foz do Iguaçu
2554029;FOZ IGUACU - SE COPEL;2000;11;161.0;bruto;Foz do Iguaçu
2554029;FOZ IGUACU - SE COPEL;2000;12;250.4;bruto;Foz do Iguaçu
2554030;CACIC;1995;1;;sem_leitura;Foz do Iguaçu
2554030;CACIC;1995;2;;sem_leitura;Foz do Iguaçu
2554030;CACIC;1995;3;;sem_leitura;Foz do Iguaçu
2554030;CACIC;1995;4;;sem_leitura;Foz do Iguaçu
2554030;CACIC;1995;5;;sem_leitura;Foz do Iguaçu
2554030;CACIC;1995;6;;sem_leitura;Foz do Iguaçu
2554030;CACIC;1995;7;;sem_leitura;Foz do Iguaçu
2554030;CACIC;1995;8;21.0;bruto;Foz do Iguaçu
2554030;CACIC;1995;9;166.7;bruto;Foz do Iguaçu
2554030;CACIC;1995;10;185.2;bruto;Foz do Iguaçu
2554030;CACIC;1995;11;39.7;bruto;Foz do Iguaçu
2554030;CACIC;1995;12;38.9;bruto;Foz do Iguaçu
2554030;CACIC;1996;1;161.3;bruto;Foz do Iguaçu
2554030;CACIC;1996;2;123.6;bruto;Foz do Iguaçu
2554030;CACIC;1996;3;114.6;bruto;Foz do Iguaçu
2554030;CACIC;1996;4;67.7;bruto;Foz do Iguaçu
2554030;CACIC;1996;5;63.1;bruto;Foz do Iguaçu
2554030;CACIC;1996;6;131.4;bruto;Foz do Iguaçu
2554030;CACIC;1996;7;38.1;bruto;Foz do Iguaçu
2554030;CACIC;1996;8;57.3;bruto;Foz do Iguaçu
2554030;CACIC;1996;9;92.4;bruto;Foz do Iguaçu
2554030;CACIC;1996;10;517.6;bruto;Foz do Iguaçu
2554030;CACIC;1996;11;126.1;bruto;Foz do Iguaçu
2554030;CACIC;1996;12;476.4;bruto;Foz do Iguaçu
2554030;CACIC;1997;1;119.4;bruto;Foz do Iguaçu
2554030;CACIC;1997;2;121.4;bruto;Foz do Iguaçu
2554030;CACIC;1997;3;54.8;bruto;Foz do Iguaçu
2554030;CACIC;1997;4;21.5;bruto;Foz do Iguaçu
2554030;CACIC;1997;5;240.0;bruto;Foz do Iguaçu
2554030;CACIC;1997;6;203.6;bruto;Foz do Iguaçu
2554030;CACIC;1997;7;64.3;bruto;Foz do Iguaçu
2554030;CACIC;1997;8;227.8;bruto;Foz do Iguaçu
2554030;CACIC;1997;9;220.4;bruto;Foz do Iguaçu
2554030;CACIC;1997;10;253.2;bruto;Foz do Iguaçu
2554030;CACIC;1997;11;298.7;bruto;Foz do Iguaçu
2554030;CACIC;1997;12;117.7;bruto;Foz do Iguaçu
2554030;CACIC;1998;1;113.8;bruto;Foz do Iguaçu
2554030;CACIC;1998;2;305.4;bruto;Foz do Iguaçu
2554030;CACIC;1998;3;323.3;bruto;Foz do Iguaçu
2554030;CACIC;1998;4;315.8;bruto;Foz do Iguaçu
2554030;CACIC;1998;5;201.8;bruto;Foz do Iguaçu
2554030;CACIC;1998;6;100.2;bruto;Foz do Iguaçu
2554030;CACIC;1998;7;45.0;bruto;Foz do Iguaçu
2554030;CACIC;1998;8;367.9;bruto;Foz do Iguaçu
2554030;CACIC;1998;9;230.7;bruto;Foz do Iguaçu
2554030;CACIC;1998;10;392.7;bruto;Foz do Iguaçu
2554030;CACIC;1998;11;17.9;bruto;Foz do Iguaçu
2554030;CACIC;1998;12;133.4;bruto;Foz do Iguaçu
2554030;CACIC;1999;1;203.4;bruto;Foz do Iguaçu
2554030;CACIC;1999;2;78.9;bruto;Foz do Iguaçu
2554030;CACIC;1999;3;73.8;bruto;Foz do Iguaçu
2554030;CACIC;1999;4;251.7;bruto;Foz do Iguaçu
2554030;CACIC;1999;5;116.3;bruto;Foz do Iguaçu
2554030;CACIC;1999;6;170.2;bruto;Foz do Iguaçu
2554030;CACIC;1999;7;132.8;bruto;Foz do Iguaçu
2554030;CACIC;1999;8;5.6;bruto;Foz do Iguaçu
2554030;CACIC;1999;9;81.9;bruto;Foz do Iguaçu
2554030;CACIC;1999;10;24.3;bruto;Foz do Iguaçu
2554030;CACIC;1999;11;53.0;bruto;Foz do Iguaçu
2554030;CACIC;1999;12;141.4;bruto;Foz do Iguaçu
2554030;CACIC;2000;1;256.0;bruto;Foz do Iguaçu
2554030;CACIC;2000;2;230.8;bruto;Foz do Iguaçu
2554030;CACIC;2000;3;33.2;bruto;Foz do Iguaçu
2554030;CACIC;2000;4;123.7;bruto;Foz do Iguaçu
2554030;CACIC;2000;5;127.2;bruto;Foz do Iguaçu
2554030;CACIC;2000;6;255.5;bruto;Foz do Iguaçu
2554030;CACIC;2000;7;95.5;bruto;Foz do Iguaçu
2554030;CACIC;2000;8;94.1;bruto;Foz do Iguaçu
2554030;CACIC;2000;9;119.6;bruto;Foz do Iguaçu
2554030;CACIC;2000;10;199.4;bruto;Foz do Iguaçu
2554030;CACIC;2000;11;158.5;bruto;Foz do Iguaçu
2554030;CACIC;2000;12;266.0;bruto;Foz do Iguaçu
2554030;CACIC;2001;1;181.5;bruto;Foz do Iguaçu
2554030;CACIC;2001;2;254.5;bruto;Foz do Iguaçu
2554030;CACIC;2001;3;113.5;bruto;Foz do Iguaçu
2554030;CACIC;2001;4;137.5;bruto;Foz do Iguaçu
2554030;CACIC;2001;5;74.6;bruto;Foz do Iguaçu
2554030;CACIC;2001;6;125.2;bruto;Foz do Iguaçu
2554030;CACIC;2001;7;77.5;bruto;Foz do Iguaçu
2554030;CACIC;2001;8;53.2;bruto;Foz do Iguaçu
2554030;CACIC;2001;9;118.6;bruto;Foz do Iguaçu
2554030;CACIC;2001;10;119.3;bruto;Foz do Iguaçu
2554030;CACIC;2001;11;214.5;bruto;Foz do Iguaçu
2554030;CACIC;2001;12;203.6;bruto;Foz do Iguaçu
2554030;CACIC;2002;1;251.6;bruto;Foz do Iguaçu
2554030;CACIC;2002;2;46.7;bruto;Foz do Iguaçu
2554030;CACIC;2002;3;65.9;bruto;Foz do Iguaçu
2554030;CACIC;2002;4;55.3;bruto;Foz do Iguaçu
2554030;CACIC;2002;5;441.5;bruto;Foz do Iguaçu
2554030;CACIC;2002;6;51.0;bruto;Foz do Iguaçu
2554030;CACIC;2002;7;76.9;bruto;Foz do Iguaçu
2554030;CACIC;2002;8;85.9;bruto;Foz do Iguaçu
2554030;CACIC;2002;9;156.1;bruto;Foz do Iguaçu
2554030;CACIC;2002;10;270.4;bruto;Foz do Iguaçu
2554030;CACIC;2002;11;340.5;bruto;Foz do Iguaçu
2554030;CACIC;2002;12;153.1;bruto;Foz do Iguaçu
2554030;CACIC;2003;1;147.6;bruto;Foz do Iguaçu
2554030;CACIC;2003;2;170.3;bruto;Foz do Iguaçu
2554030;CACIC;2003;3;89.7;bruto;Foz do Iguaçu
2554030;CACIC;2003;4;160.2;bruto;Foz do Iguaçu
2554030;CACIC;2003;5;66.1;bruto;Foz do Iguaçu
2554030;CACIC;2003;6;76.9;bruto;Foz do Iguaçu
2554030;CACIC;2003;7;75.2;bruto;Foz do Iguaçu
2554030;CACIC;2003;8;40.4;bruto;Foz do Iguaçu
2554030;CACIC;2003;9;141.8;bruto;Foz do Iguaçu
2554030;CACIC;2003;10;264.2;bruto;Foz do Iguaçu
2554030;CACIC;2003;11;155.2;bruto;Foz do Iguaçu
2554030;CACIC;2003;12;304.0;bruto;Foz do Iguaçu
2554030;CACIC;2004;1;120.2;bruto;Foz do Iguaçu
2554030;CACIC;2004;2;59.2;bruto;Foz do Iguaçu
2554030;CACIC;2004;3;70.1;bruto;Foz do Iguaçu
2554030;CACIC;2004;4;109.6;bruto;Foz do Iguaçu
2554030;CACIC;2004;5;302.3;bruto;Foz do Iguaçu
2554030;CACIC;2004;6;121.3;bruto;Foz do Iguaçu
2554030;CACIC;2004;7;162.9;bruto;Foz do Iguaçu
2554030;CACIC;2004;8;7.8;bruto;Foz do Iguaçu
2554030;CACIC;2004;9;69.8;bruto;Foz do Iguaçu
2554030;CACIC;2004;10;253.5;bruto;Foz do Iguaçu
2554030;CACIC;2004;11;288.2;bruto;Foz do Iguaçu
2554030;CACIC;2004;12;73.7;bruto;Foz do Iguaçu
2554030;CACIC;2005;1;119.4;bruto;Foz do Iguaçu
2554030;CACIC;2005;2;4.0;bruto;Foz do Iguaçu
2554030;CACIC;2005;3;18.3;bruto;Foz do Iguaçu
2554030;CACIC;2005;4;160.5;bruto;Foz do Iguaçu
2554030;CACIC;2005;5;333.4;bruto;Foz do Iguaçu
2554030;CACIC;2005;6;243.2;bruto;Foz do Iguaçu
2554030;CACIC;2005;7;37.5;bruto;Foz do Iguaçu
2554030;CACIC;2005;8;73.1;bruto;Foz do Iguaçu
2554030;CACIC;2005;9;205.2;bruto;Foz do Iguaçu
2554030;CACIC;2005;10;453.2;bruto;Foz do Iguaçu
2554030;CACIC;2005;11;47.7;bruto;Foz do Iguaçu
2554030;CACIC;2005;12;123.3;bruto;Foz do Iguaçu
2554030;CACIC;2006;1;166.1;bruto;Foz do Iguaçu
2554030;CACIC;2006;2;76.4;bruto;Foz do Iguaçu
2554030;CACIC;2006;3;205.8;bruto;Foz do Iguaçu
2554030;CACIC;2006;4;36.2;bruto;Foz do Iguaçu
2554030;CACIC;2006;5;0.6;bruto;Foz do Iguaçu
2554030;CACIC;2006;6;55.5;bruto;Foz do Iguaçu
2554030;CACIC;2006;7;26.8;bruto;Foz do Iguaçu
2554030;CACIC;2006;8;98.3;bruto;Foz do Iguaçu
2554030;CACIC;2006;9;245.3;bruto;Foz do Iguaçu
2554030;CACIC;2006;10;121.4;bruto;Foz do Iguaçu
2554030;CACIC;2006;11;205.1;bruto;Foz do Iguaçu
2554030;CACIC;2006;12;207.7;bruto;Foz do Iguaçu
2554030;CACIC;2007;1;177.3;bruto;Foz do Iguaçu
2554030;CACIC;2007;2;129.9;bruto;Foz do Iguaçu
2554030;CACIC;2007;3;49.8;bruto;Foz do Iguaçu
2554030;CACIC;2007;4;255.9;bruto;Foz do Iguaçu
2554030;CACIC;2007;5;211.6;bruto;Foz do Iguaçu
2554030;CACIC;2007;6;3.6;bruto;Foz do Iguaçu
2554030;CACIC;2007;7;74.8;bruto;Foz do Iguaçu
2554030;CACIC;2007;8;17.5;bruto;Foz do Iguaçu
2554030;CACIC;2007;9;17.4;bruto;Foz do Iguaçu
2554030;CACIC;2007;10;190.4;bruto;Foz do Iguaçu
2554030;CACIC;2007;11;237.1;bruto;Foz do Iguaçu
2554030;CACIC;2007;12;156.1;bruto;Foz do Iguaçu
2554030;CACIC;2008;1;184.3;bruto;Foz do Iguaçu
2554030;CACIC;2008;2;196.9;bruto;Foz do Iguaçu
2554030;CACIC;2008;3;24.6;bruto;Foz do Iguaçu
2554030;CACIC;2008;4;142.2;bruto;Foz do Iguaçu
2554030;CACIC;2008;5;48.2;bruto;Foz do Iguaçu
2554030;CACIC;2008;6;139.0;bruto;Foz do Iguaçu
2554030;CACIC;2008;7;113.7;bruto;Foz do Iguaçu
2554030;CACIC;2008;8;75.1;bruto;Foz do Iguaçu
2554030;CACIC;2008;9;134.1;bruto;Foz do Iguaçu
2554030;CACIC;2008;10;186.8;bruto;Foz do Iguaçu
2554030;CACIC;2008;11;216.9;bruto;Foz do Iguaçu
2554030;CACIC;2008;12;31.8;bruto;Foz do Iguaçu
2554030;CACIC;2009;1;138.9;bruto;Foz do Iguaçu
2554030;CACIC;2009;2;219.0;bruto;Foz do Iguaçu
2554030;CACIC;2009;3;55.6;bruto;Foz do Iguaçu
2554030;CACIC;2009;4;118.0;bruto;Foz do Iguaçu
2554030;CACIC;2009;5;232.2;bruto;Foz do Iguaçu
2554030;CACIC;2009;6;127.8;bruto;Foz do Iguaçu
2554030;CACIC;2009;7;105.4;bruto;Foz do Iguaçu
2554030;CACIC;2009;8;143.4;bruto;Foz do Iguaçu
2554030;CACIC;2009;9;153.8;bruto;Foz do Iguaçu
2554030;CACIC;2009;10;231.2;bruto;Foz do Iguaçu
2554030;CACIC;2009;11;175.3;bruto;Foz do Iguaçu
2554030;CACIC;2009;12;187.4;bruto;Foz do Iguaçu
2554030;CACIC;2010;1;221.3;bruto;Foz do Iguaçu
2554030;CACIC;2010;2;234.5;bruto;Foz do Iguaçu
2554030;CACIC;2010;3;163.1;bruto;Foz do Iguaçu
2554030;CACIC;2010;4;210.2;bruto;Foz do Iguaçu
2554030;CACIC;2010;5;106.0;bruto;Foz do Iguaçu
2554030;CACIC;2010;6;38.4;bruto;Foz do Iguaçu
2554030;CACIC;2010;7;113.8;bruto;Foz do Iguaçu
2554030;CACIC;2010;8;26.5;bruto;Foz do Iguaçu
2554030;CACIC;2010;9;93.3;bruto;Foz do Iguaçu
2554030;CACIC;2010;10;279.7;bruto;Foz do Iguaçu
2554030;CACIC;2010;11;45.8;bruto;Foz do Iguaçu
2554030;CACIC;2010;12;226.2;bruto;Foz do Iguaçu
2554030;CACIC;2011;1;166.2;bruto;Foz do Iguaçu
2554030;CACIC;2011;2;126.2;bruto;Foz do Iguaçu
2554030;CACIC;2011;3;104.7;bruto;Foz do Iguaçu
2554030;CACIC;2011;4;139.5;bruto;Foz do Iguaçu
2554030;CACIC;2011;5;1.5;bruto;Foz do Iguaçu
2554030;CACIC;2011;6;52.8;bruto;Foz do Iguaçu
2554030;CACIC;2011;7;240.3;bruto;Foz do Iguaçu
2554030;CACIC;2011;8;231.6;bruto;Foz do Iguaçu
2554030;CACIC;2011;9;108.5;bruto;Foz do Iguaçu
2554030;CACIC;2011;10;343.1;bruto;Foz do Iguaçu
2554030;CACIC;2011;11;154.0;bruto;Foz do Iguaçu
2554030;CACIC;2011;12;56.3;bruto;Foz do Iguaçu
2554030;CACIC;2012;1;106.4;bruto;Foz do Iguaçu
2554030;CACIC;2012;2;50.4;bruto;Foz do Iguaçu
2554030;CACIC;2012;3;127.0;bruto;Foz do Iguaçu
2554030;CACIC;2012;4;193.6;bruto;Foz do Iguaçu
2554030;CACIC;2012;5;78.7;bruto;Foz do Iguaçu
2554030;CACIC;2012;6;187.2;bruto;Foz do Iguaçu
2554030;CACIC;2012;7;99.6;bruto;Foz do Iguaçu
2554030;CACIC;2012;8;2.3;bruto;Foz do Iguaçu
2554030;CACIC;2012;9;44.4;bruto;Foz do Iguaçu
2554030;CACIC;2012;10;268.3;bruto;Foz do Iguaçu
2554030;CACIC;2012;11;157.4;bruto;Foz do Iguaçu
2554030;CACIC;2012;12;152.2;bruto;Foz do Iguaçu
2554030;CACIC;2013;1;157.1;bruto;Foz do Iguaçu
2554030;CACIC;2013;2;219.1;bruto;Foz do Iguaçu
2554030;CACIC;2013;3;184.6;bruto;Foz do Iguaçu
2554030;CACIC;2013;4;60.4;bruto;Foz do Iguaçu
2554030;CACIC;2013;5;286.5;bruto;Foz do Iguaçu
2554030;CACIC;2013;6;351.9;bruto;Foz do Iguaçu
2554030;CACIC;2013;7;37.5;bruto;Foz do Iguaçu
2554030;CACIC;2013;8;83.8;bruto;Foz do Iguaçu
2554030;CACIC;2013;9;216.9;bruto;Foz do Iguaçu
2554030;CACIC;2013;10;104.2;bruto;Foz do Iguaçu
2554030;CACIC;2013;11;157.6;bruto;Foz do Iguaçu
2554030;CACIC;2013;12;126.9;bruto;Foz do Iguaçu
2554030;CACIC;2014;1;173.0;bruto;Foz do Iguaçu
2554030;CACIC;2014;2;135.7;bruto;Foz do Iguaçu
2554030;CACIC;2014;3;373.2;bruto;Foz do Iguaçu
2554030;CACIC;2014;4;204.3;bruto;Foz do Iguaçu
2554030;CACIC;2014;5;235.8;bruto;Foz do Iguaçu
2554030;CACIC;2014;6;511.4;bruto;Foz do Iguaçu
2554030;CACIC;2014;7;175.8;bruto;Foz do Iguaçu
2554030;CACIC;2014;8;4.2;bruto;Foz do Iguaçu
2554030;CACIC;2014;9;294.9;bruto;Foz do Iguaçu
2554030;CACIC;2014;10;51.8;bruto;Foz do Iguaçu
2554030;CACIC;2014;11;118.2;bruto;Foz do Iguaçu
2554030;CACIC;2014;12;190.3;bruto;Foz do Iguaçu
2554030;CACIC;2015;1;186.1;bruto;Foz do Iguaçu
2554030;CACIC;2015;2;116.7;bruto;Foz do Iguaçu
2554030;CACIC;2015;3;87.6;bruto;Foz do Iguaçu
2554030;CACIC;2015;4;57.3;bruto;Foz do Iguaçu
2554030;CACIC;2015;5;177.7;bruto;Foz do Iguaçu
2554030;CACIC;2015;6;93.4;bruto;Foz do Iguaçu
2554030;CACIC;2015;7;342.3;bruto;Foz do Iguaçu
2554030;CACIC;2015;8;54.2;bruto;Foz do Iguaçu
2554030;CACIC;2015;9;63.4;bruto;Foz do Iguaçu
2554030;CACIC;2015;10;134.9;bruto;Foz do Iguaçu
2554030;CACIC;2015;11;264.6;bruto;Foz do Iguaçu
2554030;CACIC;2015;12;341.0;bruto;Foz do Iguaçu
2554030;CACIC;2016;1;201.0;bruto;Foz do Iguaçu
2554030;CACIC;2016;2;214.3;bruto;Foz do Iguaçu
2554030;CACIC;2016;3;181.7;bruto;Foz do Iguaçu
2554030;CACIC;2016;4;98.6;bruto;Foz do Iguaçu
2554030;CACIC;2016;5;191.5;bruto;Foz do Iguaçu
2554030;CACIC;2016;6;46.6;bruto;Foz do Iguaçu
2554030;CACIC;2016;7;49.8;bruto;Foz do Iguaçu
2554030;CACIC;2016;8;191.1;bruto;Foz do Iguaçu
2554030;CACIC;2016;9;40.5;bruto;Foz do Iguaçu
2554030;CACIC;2016;10;252.6;bruto;Foz do Iguaçu
2554030;CACIC;2016;11;163.7;bruto;Foz do Iguaçu
2554030;CACIC;2016;12;98.6;bruto;Foz do Iguaçu
2554030;CACIC;2017;1;39.4;bruto;Foz do Iguaçu
2554030;CACIC;2017;2;221.3;bruto;Foz do Iguaçu
2554030;CACIC;2017;3;141.9;bruto;Foz do Iguaçu
2554030;CACIC;2017;4;224.2;bruto;Foz do Iguaçu
2554030;CACIC;2017;5;224.5;bruto;Foz do Iguaçu
2554030;CACIC;2017;6;96.7;bruto;Foz do Iguaçu
2554030;CACIC;2017;7;7.9;bruto;Foz do Iguaçu
2554030;CACIC;2017;8;164.0;bruto;Foz do Iguaçu
2554030;CACIC;2017;9;25.3;bruto;Foz do Iguaçu
2554030;CACIC;2017;10;418.5;bruto;Foz do Iguaçu
2554030;CACIC;2017;11;342.2;bruto;Foz do Iguaçu
2554030;CACIC;2017;12;234.1;bruto;Foz do Iguaçu
2554030;CACIC;2018;1;217.4;bruto;Foz do Iguaçu
2554030;CACIC;2018;2;293.8;bruto;Foz do Iguaçu
2554030;CACIC;2018;3;181.3;bruto;Foz do Iguaçu
2554030;CACIC;2018;4;101.9;bruto;Foz do Iguaçu
2554030;CACIC;2018;5;72.9;bruto;Foz do Iguaçu
2554030;CACIC;2018;6;113.6;bruto;Foz do Iguaçu
2554030;CACIC;2018;7;13.2;bruto;Foz do Iguaçu
2554030;CACIC;2018;8;49.9;bruto;Foz do Iguaçu
2554030;CACIC;2018;9;183.7;bruto;Foz do Iguaçu
2554030;CACIC;2018;10;396.5;bruto;Foz do Iguaçu
2554030;CACIC;2018;11;73.2;bruto;Foz do Iguaçu
2554030;CACIC;2018;12;38.9;bruto;Foz do Iguaçu
2554030;CACIC;2019;1;191.6;bruto;Foz do Iguaçu
2554030;CACIC;2019;2;228.7;bruto;Foz do Iguaçu
2554030;CACIC;2019;3;190.8;bruto;Foz do Iguaçu
2554030;CACIC;2019;4;187.9;bruto;Foz do Iguaçu
2554030;CACIC;2019;5;238.7;bruto;Foz do Iguaçu
2554030;CACIC;2019;6;43.1;bruto;Foz do Iguaçu
2554030;CACIC;2019;7;35.3;bruto;Foz do Iguaçu
2554030;CACIC;2019;8;1.2;bruto;Foz do Iguaçu
2554030;CACIC;2019;9;18.8;bruto;Foz do Iguaçu
2554030;CACIC;2019;10;131.4;bruto;Foz do Iguaçu
2554030;CACIC;2019;11;136.6;bruto;Foz do Iguaçu
2554030;CACIC;2019;12;172.4;bruto;Foz do Iguaçu
2554030;CACIC;2020;1;184.3;bruto;Foz do Iguaçu
2554030;CACIC;2020;2;88.4;bruto;Foz do Iguaçu
2554030;CACIC;2020;3;33.2;bruto;Foz do Iguaçu
2554030;CACIC;2020;4;66.0;bruto;Foz do Iguaçu
2554030;CACIC;2020;5;185.6;bruto;Foz do Iguaçu
2554030;CACIC;2020;6;103.6;bruto;Foz do Iguaçu
2554030;CACIC;2020;7;65.0;bruto;Foz do Iguaçu
2554030;CACIC;2020;8;118.5;bruto;Foz do Iguaçu
2554030;CACIC;2020;9;27.0;bruto;Foz do Iguaçu
2554030;CACIC;2020;10;71.7;bruto;Foz do Iguaçu
2554030;CACIC;2020;11;43.8;bruto;Foz do Iguaçu
2554030;CACIC;2020;12;286.4;bruto;Foz do Iguaçu
2554030;CACIC;2021;1;354.4;bruto;Foz do Iguaçu
2554030;CACIC;2021;2;56.2;bruto;Foz do Iguaçu
2554030;CACIC;2021;3;99.0;bruto;Foz do Iguaçu
2554030;CACIC;2021;4;20.7;bruto;Foz do Iguaçu
2554030;CACIC;2021;5;22.3;bruto;Foz do Iguaçu
2554030;CACIC;2021;6;135.7;bruto;Foz do Iguaçu
2554030;CACIC;2021;7;46.6;bruto;Foz do Iguaçu
2554030;CACIC;2021;8;39.2;bruto;Foz do Iguaçu
2554030;CACIC;2021;9;75.8;bruto;Foz do Iguaçu
2554030;CACIC;2021;10;417.6;bruto;Foz do Iguaçu
2554030;CACIC;2021;11;66.0;bruto;Foz do Iguaçu
2554030;CACIC;2021;12;5.0;bruto;Foz do Iguaçu
2554030;CACIC;2022;1;84.9;bruto;Foz do Iguaçu
2554030;CACIC;2022;2;85.3;bruto;Foz do Iguaçu
2554030;CACIC;2022;3;311.3;bruto;Foz do Iguaçu
2554030;CACIC;2022;4;243.1;bruto;Foz do Iguaçu
2554030;CACIC;2022;5;210.8;bruto;Foz do Iguaçu
2554030;CACIC;2022;6;107.8;bruto;Foz do Iguaçu
2554030;CACIC;2022;7;49.6;bruto;Foz do Iguaçu
2554030;CACIC;2022;8;119.4;bruto;Foz do Iguaçu
2554030;CACIC;2022;9;226.5;bruto;Foz do Iguaçu
2554030;CACIC;2022;10;451.8;bruto;Foz do Iguaçu
2554030;CACIC;2022;11;58.3;bruto;Foz do Iguaçu
2554030;CACIC;2022;12;34.1;bruto;Foz do Iguaçu
2554030;CACIC;2023;1;153.8;bruto;Foz do Iguaçu
2554030;CACIC;2023;2;176.6;bruto;Foz do Iguaçu
2554030;CACIC;2023;3;99.2;bruto;Foz do Iguaçu
2554030;CACIC;2023;4;153.6;bruto;Foz do Iguaçu
2554030;CACIC;2023;5;98.2;bruto;Foz do Iguaçu
2554030;CACIC;2023;6;105.9;bruto;Foz do Iguaçu
2554030;CACIC;2023;7;87.0;bruto;Foz do Iguaçu
2554030;CACIC;2023;8;119.9;bruto;Foz do Iguaçu
2554030;CACIC;2023;9;195.0;bruto;Foz do Iguaçu
2554030;CACIC;2023;10;302.3;bruto;Foz do Iguaçu
2554030;CACIC;2023;11;462.2;bruto;Foz do Iguaçu
2554030;CACIC;2023;12;153.1;bruto;Foz do Iguaçu
2554030;CACIC;2024;1;104.5;bruto;Foz do Iguaçu
2554030;CACIC;2024;2;50.6;bruto;Foz do Iguaçu
2554030;CACIC;2024;3;97.3;bruto;Foz do Iguaçu
2554030;CACIC;2024;4;183.8;bruto;Foz do Iguaçu
2554030;CACIC;2024;5;174.4;bruto;Foz do Iguaçu
2554030;CACIC;2024;6;67.5;bruto;Foz do Iguaçu
2554030;CACIC;2024;7;141.5;bruto;Foz do Iguaçu
2554030;CACIC;2024;8;73.2;bruto;Foz do Iguaçu
2554030;CACIC;2024;9;75.2;bruto;Foz do Iguaçu
2554030;CACIC;2024;10;158.9;bruto;Foz do Iguaçu
2554030;CACIC;2024;11;176.7;bruto;Foz do Iguaçu
2554030;CACIC;2024;12;168.2;bruto;Foz do Iguaçu
2554030;CACIC;2025;1;70.3;bruto;Foz do Iguaçu
2554030;CACIC;2025;2;78.0;bruto;Foz do Iguaçu
2554030;CACIC;2025;3;143.0;bruto;Foz do Iguaçu
2554030;CACIC;2025;4;56.9;bruto;Foz do Iguaçu
2554030;CACIC;2025;5;83.8;bruto;Foz do Iguaçu
2554030;CACIC;2025;6;401.3;bruto;Foz do Iguaçu
2554030;CACIC;2025;7;101.2;bruto;Foz do Iguaçu
2554030;CACIC;2025;8;139.8;bruto;Foz do Iguaçu
2554030;CACIC;2025;9;126.2;bruto;Foz do Iguaçu
2554030;CACIC;2025;10;257.7;bruto;Foz do Iguaçu
2554030;CACIC;2025;11;148.5;bruto;Foz do Iguaçu
2554030;CACIC;2025;12;363.9;bruto;Foz do Iguaçu
